Date,NAV,High_Water_Mark,Drawdown,Equity_Pct,Crypto_Pct,Defensive_Pct,Cash_Pct,Regime,Regime_Score,Equity_Ceiling,PDS_Status,PDS_Ceiling,Effective_Ceiling,PTRH_Value,PTRH_Notional,PTRH_Net_Cost,SLOF_Active,SLOF_Leverage,SLOF_Notional,PERM_Income,FEM_Score,FEM_Status,SSL_Worst_Scenario,SSL_Worst_Loss_Pct,VIX,HY_Spread,PMI,TNX_Yield,Total_Slippage,SPY_Price,QQQ_Price,BTC_Price,Delev_Score,Micro_Score,EDR_Crypto_Stress,Crypto_Target_Pct,ARES_Tranche,ARES_Gates_Cleared,PCR_Status,PCR_Value,Shutdown_Status,Shutdown_Days,Correlation_Status,Equity_Crypto_Corr,Incap_Tier,CDM_Alerts,TDC_Reviews,JPVI_Count,SCCR_Count,PFVT_Count,ELVT_Count,Margin_Stress,Dealer_Gamma,RPE_Up_Prob,AUP_SLOF_Mult
2025-01-02,500000000.0,500000000.0,0.0,0.58,0.2,0.14,0.07996311666671099,RISK_ON,0.1946624829291953,1.0,NORMAL,1.0,1.0,18441.66664450574,5973600,18441.66664450574,False,1.0,0.0,0.0,0.78,ALERT,S2,-0.31366742480000004,17.93,288.0,50.9,4.57,0.0,576.2802734375,507.01605224609375,96886.875,0.24331250000000001,0.03,False,0.2,1,4,CAUTIOUS,0.85,CLEAR,391,NORMAL,0.0,0,0,0,0,0,0,0,NORMAL,POSITIVE,0.0,1.0
2025-01-03,514554737.56041205,514548106.322705,1.2887498030966782e-05,0.589625292230727,0.19679106148289954,0.13586948557209638,0.07770127338233165,RISK_ON,0.17542438769110008,1.0,NORMAL,1.0,1.0,6631.237707091094,5973600,18441.66664450574,False,1.0,0.0,0.0,0.7864264886528364,ALERT,S2,-0.3149512412914979,16.13,281.0,50.9,4.6,0.0,583.4857788085938,515.3134155273438,98107.4296875,0.20517993,0.03,False,0.2,2,4,CAUTIOUS,0.85,CLEAR,390,NORMAL,0.0,0,0,0,0,0,0,0,NORMAL,POSITIVE,0.0,1.0
2025-01-06,526394031.55240506,526390212.63762194,7.254912214316178e-06,0.5912671549494302,0.20015046951707824,0.1326214511092224,0.07595366956468833,RISK_ON,0.17404581626252863,1.0,NORMAL,1.0,1.0,3818.9147830934767,5973600,18441.66664450574,False,1.0,0.0,0.0,0.7914233661318988,ALERT,S2,-0.3170625097103488,16.04,276.0,50.9,4.62,0.0,586.8470458984375,521.2359008789062,102078.0859375,0.24331250000000001,0.03,False,0.2,3,4,CAUTIOUS,0.85,CLEAR,387,NORMAL,0.0,0,0,0,0,0,0,0,NORMAL,POSITIVE,0.0,1.0
2025-01-07,510756130.79173756,526390212.63762194,-0.029700555729456957,0.5888771057517035,0.19586055517913503,0.13695978166963402,0.07827915500765296,RISK_ON,0.1809720067387191,1.0,NORMAL,1.0,1.0,11952.915125075202,5973600,18441.66664450574,False,1.0,0.0,0.0,0.7847560260988871,ALERT,S2,-0.3142747691548778,17.82,279.0,50.9,4.67,0.0,580.2132568359375,511.93487548828125,96922.703125,0.228458535,0.03,False,0.2,3,4,CAUTIOUS,0.85,CLEAR,386,NORMAL,0.0,0,0,0,0,0,0,0,NORMAL,POSITIVE,0.0,1.0
2025-01-08,506899385.7422541,526390212.63762194,-0.03702733528745483,0.5891783385823202,0.19352443791161725,0.13840045156157713,0.0788747421242391,RISK_ON,0.17895057816729054,1.0,NORMAL,1.0,1.0,11166.902350930723,5973600,18441.66664450574,False,1.0,0.0,0.0,0.782720019675274,ALERT,S2,-0.3132123748303159,17.7,284.0,50.9,4.67,0.0,581.0609741210938,512.0242919921875,95043.5234375,0.24331250000000001,0.03,False,0.2,3,4,CAUTIOUS,0.85,CLEAR,385,NORMAL,0.0,0,0,0,0,0,0,0,NORMAL,POSITIVE,0.0,1.0
2025-01-10,501510074.24457735,526390212.63762194,-0.04726557940425191,0.5846947648287744,0.19490008708309572,0.14063354445040274,0.07972234335188493,RISK_ON,0.18891248292919532,1.0,NORMAL,1.0,1.0,24704.52961003157,5973600,18441.66664450574,False,1.0,0.0,0.0,0.7796332568689555,ALERT,S2,-0.3125177855435188,19.54,281.0,50.9,4.77,0.0,572.189697265625,503.9952392578125,94701.453125,0.22691787,0.03,False,0.2,3,4,CAUTIOUS,0.85,CLEAR,383,CONTAGION,0.893,0,0,0,0,0,0,0,NORMAL,POSITIVE,0.45,1.0
2025-01-13,497989726.4191508,526390212.63762194,-0.053953294602805624,0.5822082392537202,0.1958945741324435,0.14156467538642148,0.08028590995410131,RISK_ON,0.18629581626252867,1.0,NORMAL,1.0,1.0,23206.955348135903,5973600,18441.66664450574,False,1.0,0.0,0.0,0.7781390756579043,ALERT,S2,-0.31228420964357334,19.19,285.0,50.9,4.79,0.0,573.0768432617188,502.37548828125,94516.5234375,0.21975286500000002,0.03,False,0.2,3,4,CAUTIOUS,0.85,CLEAR,380,CONTAGION,0.879,0,0,0,0,0,0,0,NORMAL,POSITIVE,0.45,1.0
2025-01-14,501293272.3364339,526390212.63762194,-0.04767744479030678,0.5810963304576006,0.19875757457861346,0.14034728262117072,0.07975682208342624,RISK_ON,0.18281010197681435,1.0,NORMAL,1.0,1.0,21049.43443514608,5973600,18441.66664450574,False,1.0,0.0,0.0,0.7798866526788979,ALERT,S2,-0.31334879441268054,18.71,280.0,50.9,4.78,0.0,573.8653564453125,501.8985290527344,96534.046875,0.28648355,0.03,False,0.2,3,4,CAUTIOUS,0.85,CLEAR,379,CONTAGION,0.867,0,0,0,0,0,0,0,NORMAL,POSITIVE,0.45,1.0
2025-01-15,515283191.1441071,526390212.63762194,-0.02110035716253167,0.5843448071432655,0.20131426485546,0.13674022009200104,0.07759142743349068,RISK_ON,0.17101010197681438,1.0,NORMAL,1.0,1.0,4782.073176675948,5973600,18441.66664450574,False,1.0,0.0,0.0,0.7856663633563841,ALERT,S2,-0.3155177640548163,16.12,272.0,50.9,4.66,0.0,584.303955078125,513.4453125,100504.4921875,0.25779426,0.03,False,0.2,3,4,CAUTIOUS,0.85,CLEAR,378,CONTAGION,0.896,0,0,0,0,0,0,0,NORMAL,POSITIVE,0.0,1.0
2025-01-16,513200976.80206984,526390212.63762194,-0.025056005067920717,0.5840671656901647,0.20062754055989612,0.1373853715612119,0.07790623973963223,RISK_ON,0.17389581626252865,1.0,NORMAL,1.0,1.0,7021.84624061926,5973600,18441.66664450574,False,1.0,0.0,0.0,0.7847054429423387,ALERT,S2,-0.3150932684987901,16.6,273.0,50.9,4.61,0.0,583.1802368164062,509.84814453125,99756.90625,0.24824367000000003,0.03,False,0.2,3,4,CAUTIOUS,0.85,CLEAR,377,CONTAGION,0.898,0,0,0,0,0,0,0,NORMAL,POSITIVE,0.0,1.0
2025-01-17,526996253.3861235,526993475.279962,5.271613960688981e-06,0.585683973106282,0.2045907633990568,0.1338531179478865,0.07586687396060388,RISK_ON,0.17304581626252863,1.0,NORMAL,1.0,1.0,2778.106161471112,5973600,18441.66664450574,False,1.0,0.0,0.0,0.7902789025286726,ALERT,S2,-0.3174826692581693,15.97,264.0,50.9,4.61,0.0,589.0353393554688,518.4535522460938,104462.0390625,0.26330628,0.03,False,0.2,3,4,CAUTIOUS,0.85,CLEAR,376,CONTAGION,0.911,0,0,0,0,0,0,0,NORMAL,POSITIVE,0.0,1.0
2025-01-21,532704849.7233102,532703761.93625164,2.042011219449691e-06,0.5870639551422228,0.20566155763360522,0.13221857935852896,0.07505386585859343,RISK_ON,0.17231248292919532,1.0,NORMAL,1.0,1.0,1087.7870585613116,5973600,18441.66664450574,False,1.0,0.0,0.0,0.7927271315302191,ALERT,S2,-0.31839832392724804,15.06,261.0,50.9,4.57,0.0,594.4270629882812,521.4943237304688,106146.265625,0.3153125,0.03,False,0.2,3,4,CAUTIOUS,0.85,CLEAR,372,CONTAGION,0.912,0,0,0,0,0,0,0,NORMAL,POSITIVE,0.0,1.0
2025-01-22,539582309.2731459,539581775.3370267,9.895369776913299e-07,0.5968840629114516,0.19827114748609145,0.13074656291423697,0.07409723715222127,RISK_ON,0.1704529591196715,1.0,NORMAL,1.0,1.0,533.9361191623132,5973600,18441.66664450574,False,1.0,0.0,0.0,0.7951559972330268,ALERT,S2,-0.31769027552367585,15.1,259.0,50.9,4.6,0.0,597.7686767578125,528.1620483398438,103653.0703125,0.25927157935469347,0.03,False,0.2,3,4,CAUTIOUS,0.85,CLEAR,371,CONTAGION,0.826,0,0,0,0,0,0,0,NORMAL,POSITIVE,0.0,1.0
2025-01-23,537974331.9218136,539581775.3370267,-0.002979054313332008,0.5949859359269186,0.1994529598646392,0.1312416201271364,0.07431870994760807,RISK_ON,0.16640534007205243,1.0,NORMAL,1.0,1.0,416.4640588518232,5973600,18441.66664450574,False,1.0,0.0,0.0,0.794439510793954,ALERT,S2,-0.31770126215868494,15.02,261.0,50.9,4.65,0.0,601.0313110351562,529.2849731445312,103960.171875,0.25904164,0.03,False,0.2,3,4,CAUTIOUS,0.85,CLEAR,370,CONTAGION,0.821,0,0,0,0,0,0,0,NORMAL,POSITIVE,0.0,1.0
2025-01-24,533942107.95235187,539581775.3370267,-0.010451923401512686,0.5904877461847285,0.20262027429585497,0.13201114568997624,0.07487994997563178,RISK_ON,0.16559581626252862,1.0,NORMAL,1.0,1.0,471.9267655480433,5973600,18441.66664450574,False,1.0,0.0,0.0,0.7931087214727475,ALERT,S2,-0.3179175064360261,14.85,260.0,50.9,4.63,0.0,599.2767333984375,526.2939453125,104819.484375,0.25059816932409623,0.03,False,0.2,3,4,CAUTIOUS,0.85,CLEAR,369,ELEVATED,0.799,0,0,0,0,0,0,0,NORMAL,POSITIVE,0.0,1.0
2025-01-27,484507244.9971729,539581775.3370267,-0.1020689223713197,0.5721142687107329,0.20000887240653453,0.14490031424153568,0.082964262489808,RISK_ON,0.18611962578633806,1.0,WARNING,1.0,1.0,5950.791332082831,5973600,18441.66664450574,False,1.0,0.0,0.0,0.7725897318783252,ALERT,S2,-0.31129398506066813,17.9,266.0,50.9,4.53,27444.517564766196,590.7997436523438,510.97100830078125,102087.6875,0.19375117,0.03,False,0.2,3,4,CAUTIOUS,0.85,CLEAR,366,ELEVATED,0.677,0,0,0,0,0,0,0,NORMAL,POSITIVE,0.0,1.0
2025-01-28,493309271.3269648,539581775.3370267,-0.08575623960086454,0.5806605519258798,0.1949869517440054,0.14286504157073443,0.08148394645823874,RISK_ON,0.1841077210244334,1.0,WARNING,1.0,1.0,1730.6774797428325,5973600,18441.66664450574,False,1.0,0.0,0.0,0.7756502248844548,ALERT,S2,-0.3113371462612377,16.41,266.0,50.9,4.55,27444.517564766196,595.8760986328125,518.5231323242188,101332.4765625,0.25125915307626556,0.03,False,0.2,3,4,CAUTIOUS,0.85,CLEAR,365,ELEVATED,0.647,0,0,0,0,0,0,0,NORMAL,POSITIVE,0.0,1.0
2025-01-29,495326386.6620955,539581775.3370267,-0.08201794556031661,0.5779345220304767,0.19873616741998268,0.14217338770349638,0.08115211976296516,RISK_ON,0.18627200673871908,1.0,WARNING,1.0,1.0,1883.7673997560414,5973600,18441.66664450574,False,1.0,0.0,0.0,0.7766736432048497,ALERT,S2,-0.31235791653918843,16.56,268.0,50.9,4.55,27444.517564766196,593.2048950195312,517.5493774414062,103703.2109375,0.24785981156185502,0.03,False,0.2,3,4,CAUTIOUS,0.85,CLEAR,364,ELEVATED,0.642,0,0,0,0,0,0,0,NORMAL,POSITIVE,0.0,1.0
2025-01-30,505872052.3387367,539581775.3370267,-0.06247379829912647,0.5843495623211518,0.19652987793037463,0.1396581927556262,0.07946038146666189,RISK_ON,0.18859343531014783,1.0,NORMAL,1.0,1.0,1004.4222064892608,5973600,18441.66664450574,False,1.0,0.0,0.0,0.7808809907111812,ALERT,S2,-0.3131346114444892,15.84,267.0,50.9,4.52,27444.517564766196,596.3886108398438,519.7552490234375,104735.3046875,0.26651229374999996,0.03,False,0.2,3,4,CAUTIOUS,0.85,CLEAR,363,ELEVATED,0.64,0,0,0,0,0,0,0,NORMAL,POSITIVE,0.0,1.0
2025-01-31,505684064.813748,539581775.3370267,-0.06282219317378901,0.5884753083735792,0.192228671162446,0.13980345603588523,0.07948992078080278,RISK_ON,0.1935362924530049,1.0,NORMAL,1.0,1.0,1336.8503059411544,5973600,18441.66664450574,False,1.0,0.0,0.0,0.7807060434474388,ALERT,S2,-0.31225999496645157,16.43,268.0,50.9,4.58,27444.517564766196,593.2146606445312,519.0000610351562,102405.0234375,0.25654361323668634,0.03,False,0.2,3,4,CAUTIOUS,0.85,CLEAR,362,ELEVATED,0.624,0,0,0,0,0,0,0,NORMAL,POSITIVE,0.0,1.0
2025-02-03,498343229.78329736,539581775.3370267,-0.07642686880588478,0.5840919843408214,0.19315625850025947,0.14208350245850895,0.08066084547719968,RISK_ON,0.19943153054824286,1.0,NORMAL,1.0,1.0,3692.3362248658905,5973600,18441.66664450574,False,1.0,0.0,0.0,0.7772540016894707,ALERT,S2,-0.31140704123788343,18.62,273.0,50.3,4.54,27444.517564766196,589.2225952148438,514.846435546875,101405.421875,0.2169340833294717,0.03,False,0.2,3,4,CAUTIOUS,0.85,CLEAR,359,ELEVATED,0.629,0,0,0,0,0,0,0,NORMAL,POSITIVE,0.45,1.0
2025-02-04,505168759.23806727,539581775.3370267,-0.06377720240359275,0.5963653398624482,0.18390661533528616,0.14015482776384355,0.07957100576208813,RISK_ON,0.2145013385464553,1.0,NORMAL,1.0,1.0,1117.067721882747,5973600,18441.66664450574,False,1.0,0.0,0.0,0.7802736805984581,ALERT,S2,-0.3105260472082164,17.21,271.0,50.3,4.52,27444.517564766196,593.17529296875,521.1663208007812,97871.8203125,0.19671777000000001,0.03,False,0.2,3,4,CAUTIOUS,0.85,CLEAR,358,NORMAL,0.558,0,0,0,0,0,0,0,NORMAL,POSITIVE,0.45,1.0
2025-02-05,510399515.79658437,539581775.3370267,-0.05408310820396944,0.602846676796307,0.17968527017845318,0.13871181377416952,0.07875553367135103,RISK_ON,0.2125315175169506,1.0,NORMAL,1.0,1.0,360.12754710055344,5973600,18441.66664450574,False,1.0,0.0,0.0,0.7825324991138212,ALERT,S2,-0.31038074636313917,15.77,269.0,50.3,4.43,27444.517564766196,595.5803833007812,523.5313720703125,96615.4453125,0.17734065000000002,0.03,False,0.2,3,4,CAUTIOUS,0.85,CLEAR,357,NORMAL,0.544,0,0,0,0,0,0,0,NORMAL,POSITIVE,0.45,1.0
2025-02-06,513830102.21280456,539581775.3370267,-0.0477252462949429,0.605498134888826,0.17844468494625507,0.1378270847999402,0.07822972239082934,RISK_ON,0.20895770989399937,1.0,NORMAL,1.0,1.0,191.64534535526928,5973600,18441.66664450574,False,1.0,0.0,0.0,0.7839431122255966,ALERT,S2,-0.31055868353827015,15.5,266.0,50.3,4.45,27444.517564766196,597.6503295898438,526.2640380859375,96593.296875,0.210246495,0.03,False,0.2,3,4,CAUTIOUS,0.85,CLEAR,356,NORMAL,0.543,0,0,0,0,0,0,0,NORMAL,POSITIVE,0.45,1.0
2025-02-07,508835569.48939025,539581775.3370267,-0.056981549883578175,0.6015261329926417,0.18007644235099168,0.13939845366479442,0.07899759502366571,RISK_ON,0.21050041446640522,1.0,NORMAL,1.0,1.0,700.1414133004971,5973600,18441.66664450574,False,1.0,0.0,0.0,0.7816036508051724,ALERT,S2,-0.31017114483251507,16.54,267.0,50.3,4.49,27444.517564766196,592.1796875,519.6261596679688,96529.0859375,0.204605055,0.03,False,0.2,3,4,CAUTIOUS,0.85,CLEAR,355,NORMAL,0.541,0,0,0,0,0,0,0,NORMAL,POSITIVE,0.45,1.0
2025-02-10,517438188.087635,539581775.3370267,-0.04103842691047277,0.6056970263734788,0.1787491846930995,0.13786928340343826,0.07768422814079448,RISK_ON,0.19623698024828562,1.0,NORMAL,1.0,1.0,143.53175933258697,5973600,18441.66664450574,False,1.0,0.0,0.0,0.784446428663537,ALERT,S2,-0.3106989013983297,15.81,266.0,50.3,4.51,27444.517564766196,596.2013549804688,525.916259765625,97437.5546875,0.22215790500000002,0.03,False,0.2,3,4,CAUTIOUS,0.85,CLEAR,352,NORMAL,0.545,0,0,0,0,0,0,0,NORMAL,POSITIVE,0.45,1.0
2025-02-11,507531425.6693263,539581775.3370267,-0.059398502938097786,0.6012203385729008,0.17907722533104925,0.14050151729649274,0.07920058585367029,RISK_ON,0.20264417802587648,1.0,NORMAL,1.0,1.0,168.98050063161202,5973600,18441.66664450574,False,1.0,0.0,0.0,0.7802978237009011,ALERT,S2,-0.30955024921955765,16.02,266.0,50.3,4.54,27444.517564766196,596.65478515625,524.6641845703125,95747.4296875,0.48,0.03,False,0.2,3,4,CAUTIOUS,0.85,CLEAR,351,NORMAL,0.556,0,0,0,0,0,0,0,NORMAL,POSITIVE,0.0,1.0
2025-02-12,505260128.0682019,539581775.3370267,-0.06360786971981636,0.5952634632739993,0.1838997339525738,0.1412799355496604,0.07955661652116996,RISK_ON,0.22197132985514312,1.0,NORMAL,1.0,1.0,126.67002608684021,5973600,18441.66664450574,False,1.0,0.0,0.0,0.7791633925648588,ALERT,S2,-0.31012524393125057,15.89,265.0,50.3,4.62,27444.517564766196,594.732666015625,524.9722290039062,97885.859375,0.20915269369206335,0.03,False,0.2,3,4,CAUTIOUS,0.85,CLEAR,350,NORMAL,0.538,0,0,0,0,0,0,0,NORMAL,POSITIVE,0.0,1.0
2025-02-13,508539683.2259059,539581775.3370267,-0.05752991210967362,0.6001636893863647,0.18035813586119095,0.14043458204168244,0.07904355860131128,RISK_ON,0.2109568706356288,1.0,NORMAL,1.0,1.0,17.346009174271643,5973600,18441.66664450574,False,1.0,0.0,0.0,0.7805218518707271,ALERT,S2,-0.3098375951523276,15.1,265.0,50.3,4.52,27444.517564766196,601.0115966796875,532.5243530273438,96623.8671875,0.171170325,0.03,False,0.2,3,4,CAUTIOUS,0.85,CLEAR,349,NORMAL,0.529,0,0,0,0,0,0,0,NORMAL,POSITIVE,0.0,1.0
2025-02-14,510615479.4989882,539581775.3370267,-0.05368286543767331,0.6009576317613473,0.18127034348256452,0.13904978756124659,0.07872222419030446,RISK_ON,0.22024787808540558,1.0,NORMAL,1.0,1.0,6.640317919373418,5973600,18441.66664450574,False,1.0,0.0,0.0,0.7822279854164248,ALERT,S2,-0.31056576968986654,14.77,262.0,50.3,4.47,27444.517564766196,600.9820556640625,534.76025390625,97508.96875,0.21947835148087666,0.03,False,0.2,3,4,CAUTIOUS,0.85,CLEAR,348,NORMAL,0.53,0,0,0,0,0,0,0,NORMAL,POSITIVE,0.0,1.0
2025-02-18,515435495.6212774,539581775.3370267,-0.04474999123287171,0.6070705853412635,0.17594827966448984,0.1388354444016558,0.07812736599109993,RISK_ON,0.21258127904259333,1.0,NORMAL,1.0,1.0,9445.150051618793,6169600,27883.39320393146,False,1.0,0.0,82273.08560778412,0.7831438745261811,ALERT,S2,-0.3096433366465202,15.35,262.0,50.3,4.55,27444.517564766196,602.7464599609375,535.9724731445312,95539.546875,0.24469169276550262,0.03,False,0.2,3,4,CAUTIOUS,0.85,CLEAR,344,NORMAL,0.51,0,0,0,0,0,0,0,NORMAL,POSITIVE,0.0,1.0
2025-02-19,509661616.44891214,539581775.3370267,-0.055450647623200844,0.6007977242659249,0.17998297787237463,0.14018947300694953,0.07901245907390025,RISK_ON,0.21092410186104504,1.0,NORMAL,1.0,1.0,8850.671939168205,6169600,27883.39320393146,False,1.0,0.0,82273.08560778412,0.7807942612403296,ALERT,S2,-0.30976093310561276,15.27,268.0,50.3,4.53,27444.517564766196,604.1658325195312,536.1216430664062,96635.609375,0.2336784,0.03,False,0.2,3,4,CAUTIOUS,0.85,CLEAR,343,NORMAL,0.488,0,0,0,0,0,0,0,NORMAL,POSITIVE,0.0,1.0
2025-02-20,506623191.14760244,539581775.3370267,-0.06108172235587106,0.5954917910577983,0.18424450079700386,0.14075525222885335,0.07948632892226828,RISK_ON,0.20360832554251518,1.0,NORMAL,1.0,1.0,11210.04834945361,6169600,27883.39320393146,False,1.0,0.0,82273.08560778412,0.7797535454568836,ALERT,S2,-0.3102760891469757,15.66,266.0,50.3,4.5,27444.517564766196,601.65234375,533.845947265625,98333.9375,0.22130709,0.03,False,0.2,3,4,CAUTIOUS,0.85,CLEAR,342,NORMAL,0.444,0,0,0,0,0,0,0,NORMAL,POSITIVE,0.0,1.0
2025-02-21,491318082.60628545,539581775.3370267,-0.08944648417859447,0.5695195075470597,0.19999851839972804,0.14461145327921993,0.08579847091044839,RISK_ON,0.24738976234837706,1.0,WARNING,1.0,1.0,35399.40080847482,6169600,27883.39320393146,False,1.0,0.0,82273.08560778412,0.7734244511572346,ALERT,S2,-0.3101116154929376,18.21,278.0,50.3,4.42,59204.23334911618,591.361572265625,522.7662963867188,96125.546875,0.4859566565697365,0.03,False,0.2,3,4,CAUTIOUS,0.85,CLEAR,341,NORMAL,0.418,0,0,0,0,0,0,0,NORMAL,POSITIVE,0.45,1.0
2025-02-24,474663112.3864147,539581775.3370267,-0.1203129273779926,0.3481005371000831,0.02000577799425763,0.14971326100813642,0.48207566325281354,RISK_ON,0.24754459820334512,1.0,DELEVERAGE_1,0.6,0.6,49726.01367331754,6169600,27883.39320393146,False,1.0,0.0,82273.08560778412,0.76154666207399,ALERT,S8,-0.15517798913558092,18.98,278.0,50.3,4.4,246060.2839067268,588.6705932617188,516.5953369140625,91418.171875,0.20871325,0.03,False,0.02,0,3,CAUTIOUS,0.85,CLEAR,338,NORMAL,0.475,0,0,0,0,0,0,0,NORMAL,POSITIVE,0.45,1.0
2025-02-25,468463854.1108375,539581775.3370267,-0.13180193341735535,0.34088456970544745,0.019675827093131856,0.1508397540737022,0.4884550488097775,RISK_ON,0.24894236738520448,1.0,DELEVERAGE_1,0.6,0.6,67833.71501911606,6169600,27883.39320393146,False,1.0,0.0,82273.08560778412,0.36061261361968494,ALERT,S8,-0.15240842513711064,19.43,284.0,50.3,4.3,246060.2839067268,585.7429809570312,510.08660888671875,88736.171875,0.203616025,0.03,False,0.02,0,3,CAUTIOUS,0.85,CLEAR,337,NORMAL,0.481,0,0,0,0,0,0,0,NORMAL,POSITIVE,0.45,1.0
2025-02-26,472644429.9639659,539581775.3370267,-0.1240541256814155,0.34764013848833325,0.01853717766760084,0.14955896186715537,0.4841346268330529,RISK_ON,0.2554407365893954,1.0,DELEVERAGE_1,0.6,0.6,61016.100679692136,6169600,27883.39320393146,False,1.0,0.0,82273.08560778412,0.3662245939725772,ALERT,S8,-0.15477305884126646,19.1,281.0,50.3,4.25,246060.2839067268,586.038818359375,511.31884765625,84347.0234375,0.2503070860458336,0.03,False,0.02,0,3,CAUTIOUS,0.85,CLEAR,336,NORMAL,0.416,0,0,0,0,0,0,0,NORMAL,POSITIVE,0.45,1.0
2025-02-27,462629174.6868332,539581775.3370267,-0.142615270136076,0.3337092463507019,0.019018683866489725,0.15238734238926527,0.49461544417345227,RISK_ON,0.2715551212301493,1.0,DELEVERAGE_1,0.6,0.6,124578.27386766076,6169600,27883.39320393146,False,1.0,0.0,82273.08560778412,0.35282293951446597,ALERT,S8,-0.14958550090106187,21.13,281.0,50.3,4.29,246060.2839067268,576.6843872070312,497.11883544921875,84704.2265625,0.19287993125,0.03,False,0.02,0,3,CAUTIOUS,0.85,CLEAR,335,NORMAL,0.395,0,0,0,0,0,0,0,NORMAL,POSITIVE,0.45,1.0
2025-02-28,465422553.85554427,539581775.3370267,-0.13743833626545676,0.3381469159225618,0.01883061491064136,0.15120109815842916,0.4916468547339604,RISK_ON,0.27369322481990527,1.0,DELEVERAGE_1,0.6,0.6,81223.81012398764,6169600,27883.39320393146,False,1.0,0.0,82273.08560778412,0.35703984009591166,ALERT,S8,-0.1512599115085185,19.63,287.0,50.3,4.24,246060.2839067268,585.6838989257812,504.96905517578125,84373.0078125,0.48,0.03,False,0.02,0,3,CAUTIOUS,0.85,CLEAR,334,NORMAL,0.338,0,0,0,0,0,0,0,NORMAL,POSITIVE,0.45,1.0
2025-03-03,456471678.71542627,539581775.3370267,-0.15402687863149056,0.3246882220842306,0.019585042641990635,0.15411358411742374,0.5012874738894346,RISK_ON,0.30777993978852825,1.0,DELEVERAGE_1,0.6,0.6,148662.4487506302,6169600,27883.39320393146,False,1.0,0.0,82273.08560778412,0.3443854232296259,ALERT,S8,-0.146243689229582,22.78,294.0,49.0,4.16,246060.2839067268,575.4227905273438,493.9190368652344,86065.671875,0.44540988000000004,0.03,False,0.02,0,3,CAUTIOUS,0.85,CLEAR,331,NORMAL,0.3,0,0,0,0,0,0,0,NORMAL,POSITIVE,0.45,1.0
2025-03-04,457467399.27961516,539581775.3370267,-0.15218152245064676,0.33148926901832454,0.019805018779886933,0.15358187152712235,0.49477182213988874,WATCH,0.30014492608355087,1.0,DELEVERAGE_1,0.6,0.6,161037.00360287586,6169600,27883.39320393146,False,1.0,0.0,82273.08560778412,0.3459968459463743,ALERT,S8,-0.14896374976168697,23.51,299.0,49.0,4.22,249777.0427896341,568.611572265625,492.42852783203125,87222.1953125,0.17501049000000002,0.03,False,0.02,0,3,CAUTIOUS,0.85,CLEAR,330,NORMAL,0.223,0,0,0,0,0,0,0,NORMAL,POSITIVE,0.45,1.0
2025-03-05,461279598.9806637,539581775.3370267,-0.14511642152379012,0.3363628117037101,0.02040728729917448,0.15229360026606706,0.4906828292674162,WATCH,0.2687974827411197,1.0,DELEVERAGE_1,0.6,0.6,116921.2150972904,6169600,27883.39320393146,False,1.0,0.0,82273.08560778412,0.3568605529695584,ALERT,S8,-0.1509276685149939,21.93,288.0,49.0,4.28,249777.0427896341,574.7229614257812,498.84783935546875,90623.5625,0.12853962,0.03,False,0.02,0,3,CAUTIOUS,0.85,CLEAR,329,NORMAL,0.228,0,0,0,0,0,0,0,NORMAL,POSITIVE,0.45,1.0
2025-03-06,450394894.7330851,539581775.3370267,-0.16528890463032198,0.3206609487496488,0.02074783178282487,0.15558783051922168,0.5025411729973248,WATCH,0.2883054267888883,1.0,DELEVERAGE_1,0.6,0.6,208179.70458553027,6169600,27883.39320393146,False,1.0,0.0,82273.08560778412,0.34156665809016573,ALERT,S8,-0.14502200665836631,24.87,299.0,49.0,4.29,249777.0427896341,564.5208740234375,485.1248474121094,89961.7265625,0.1536581584203881,0.03,False,0.02,0,3,CAUTIOUS,0.85,CLEAR,328,NORMAL,0.26,0,0,0,0,0,0,0,NORMAL,POSITIVE,0.45,1.0
2025-03-07,454252192.75916904,539581775.3370267,-0.158140223554734,0.33409990466995576,0.019835545944349338,0.15436014114777655,0.49132344090887564,RISK_ON,0.28600710312938366,1.0,DELEVERAGE_1,0.6,0.6,173055.2445872214,6169600,27883.39320393146,False,1.0,0.0,82273.08560778412,0.34712410343634464,ALERT,S8,-0.150107970658543,23.37,297.0,49.0,4.32,254505.7921520921,567.6849975585938,488.6922302246094,86742.671875,0.10554461999999999,0.03,False,0.02,0,3,CAUTIOUS,0.85,CLEAR,327,NORMAL,0.217,0,0,0,0,0,0,0,NORMAL,POSITIVE,0.45,1.0
2025-03-10,441886086.5617006,539581775.3370267,-0.18105816993968094,0.1739093506419104,0.018460553826192248,0.15743536406385036,0.649456857072933,RISK_ON,0.3465191856572152,1.0,DELEVERAGE_2,0.3,0.3,326056.4288310001,6169600,27883.39320393146,False,1.0,0.0,82273.08560778412,0.33714626385069896,ALERT,S8,-0.08612369921573064,27.86,316.0,49.0,4.22,350351.3583650866,552.5643310546875,469.7523193359375,78532.0,0.178943605,0.03,False,0.02,0,2,CAUTIOUS,0.85,CLEAR,324,NORMAL,0.282,0,0,0,0,0,0,0,NORMAL,NEUTRAL,0.45,1.0
2025-03-11,444151371.30787325,539581775.3370267,-0.17685994670510685,0.347835610367553,0.019379113445305,0.15691045088768973,0.47514632826676956,WATCH,0.30082748031440354,1.0,DELEVERAGE_1,0.6,0.6,323562.95605977066,6169600,27883.39320393146,False,1.0,0.0,82273.08560778412,0.1965655573051012,ALERT,S8,-0.1557888075066713,26.92,322.0,49.0,4.28,464104.3124704788,547.9710693359375,468.62939453125,82862.2109375,0.18503809,0.03,False,0.02,0,2,CAUTIOUS,0.85,CLEAR,323,NORMAL,0.303,0,0,0,0,0,0,0,NORMAL,NEUTRAL,0.45,1.0
2025-03-12,451511379.4649478,539581775.3370267,-0.1632197377627691,0.3578544145480341,0.019261103003206815,0.15490735426120714,0.46740105093623674,WATCH,0.24708756980478594,1.0,DELEVERAGE_1,0.6,0.6,260105.43441966583,6169600,27883.39320393146,False,1.0,0.0,82273.08560778412,0.3773328904455997,ALERT,S8,-0.15955535115149974,24.23,320.0,49.0,4.32,464104.3124704788,550.8787841796875,473.9158935546875,83722.359375,0.148759645,0.03,False,0.02,0,3,CAUTIOUS,0.85,CLEAR,322,NORMAL,0.329,0,0,0,0,0,0,0,NORMAL,POSITIVE,0.45,1.0
2025-03-13,448291004.6156672,539581775.3370267,-0.1691880172645539,0.3532307768970361,0.01878412121832078,0.1565030657022209,0.4707587060608423,WATCH,0.26732705185013117,1.0,DELEVERAGE_1,0.6,0.6,324262.3868718067,6169600,27883.39320393146,False,1.0,0.0,82273.08560778412,0.3722841824783312,ALERT,S8,-0.1576661956954919,24.66,340.0,49.0,4.27,464104.3124704788,543.5352783203125,465.389892578125,81066.703125,0.14245134999999998,0.03,False,0.02,0,3,CAUTIOUS,0.85,CLEAR,321,NORMAL,0.323,0,0,0,0,0,0,0,NORMAL,POSITIVE,0.45,1.0
2025-03-14,456017854.5657189,539581775.3370267,-0.15486794512122504,0.36324783408379846,0.019126964631995938,0.154369112599612,0.46278208442641816,RISK_ON,0.258156866955135,1.0,DELEVERAGE_1,0.6,0.6,216154.40486811203,6169600,27883.39320393146,False,1.0,0.0,82273.08560778412,0.3825561319513304,ALERT,S8,-0.16152701149484006,21.77,325.0,49.0,4.31,464104.3124704788,554.7625122070312,476.63861083984375,83969.1015625,0.140736405,0.03,False,0.02,0,3,CAUTIOUS,0.85,CLEAR,320,NORMAL,0.354,0,0,0,0,0,0,0,NORMAL,POSITIVE,0.45,1.0
2025-03-17,456910619.65114,539581775.3370267,-0.15321339501181208,0.3641970070081887,0.019113823463822045,0.15441635022029834,0.46187784699054996,RISK_ON,0.2709740196466184,1.0,DELEVERAGE_1,0.6,0.6,180467.04616986171,6169600,27883.39320393146,False,1.0,0.0,82273.08560778412,0.38346228746022515,ALERT,S8,-0.16186875253406688,20.51,318.0,49.0,4.31,464104.3124704788,559.0404052734375,479.72900390625,84075.6875,0.144584235,0.03,False,0.02,0,3,CAUTIOUS,0.85,CLEAR,317,NORMAL,0.361,0,0,0,0,0,0,0,NORMAL,POSITIVE,0.45,1.0
2025-03-18,452058905.1836935,539581775.3370267,-0.1622050153540967,0.35710587179811243,0.0190071068838489,0.15651137245106642,0.4668349430829861,RISK_ON,0.29355186852279314,1.0,DELEVERAGE_1,0.6,0.6,244430.86473523872,6169600,27883.39320393146,False,1.0,0.0,82273.08560778412,0.37631645516587864,ALERT,S8,-0.15912065149370816,21.7,323.0,49.0,4.29,464104.3124704788,552.998046875,471.5508728027344,82718.5,0.14493481,0.03,False,0.02,0,3,CAUTIOUS,0.85,CLEAR,316,NORMAL,0.365,0,0,0,0,0,0,0,NORMAL,POSITIVE,0.0,1.0
2025-03-19,455849348.18086493,539581775.3370267,-0.15518023584814722,0.36151097750848865,0.01979146827452248,0.1553410606541832,0.46295315352267347,RISK_ON,0.2774363977135462,1.0,DELEVERAGE_1,0.6,0.6,183862.29438945773,6169600,27883.39320393146,False,1.0,0.0,82273.08560778412,0.38145630238332306,ALERT,S8,-0.16092745874089087,19.9,319.0,49.0,4.25,464104.3124704788,559.0206909179688,477.8608703613281,86854.2265625,0.20050896,0.03,False,0.02,0,3,CAUTIOUS,0.85,CLEAR,315,NORMAL,0.441,0,0,0,0,0,0,0,NORMAL,POSITIVE,0.0,1.0
2025-03-20,455820099.7328732,539581775.3370267,-0.15523444162256106,0.3622443091531487,0.01918040526096323,0.15517076558365253,0.4629828596748185,RISK_ON,0.2822246115498639,1.0,DELEVERAGE_1,0.6,0.6,192201.25249668054,6169600,27883.39320393146,False,1.0,0.0,82273.08560778412,0.38158561392901885,ALERT,S8,-0.1611021372570364,19.8,317.0,49.0,4.24,464104.3124704788,557.4041748046875,476.24114990234375,84167.1953125,0.20032419,0.03,False,0.02,0,3,CAUTIOUS,0.85,CLEAR,314,NORMAL,0.444,0,0,0,0,0,0,0,NORMAL,POSITIVE,0.0,1.0
2025-03-21,456085868.48578185,539581775.3370267,-0.15474189579344622,0.36289814541180154,0.019140997977865528,0.15486218605694768,0.4627130719314657,RISK_ON,0.2742745047021006,1.0,DELEVERAGE_1,0.6,0.6,175866.0823650742,6169600,27883.39320393146,False,1.0,0.0,82273.08560778412,0.3821865139827751,ALERT,S8,-0.16136506434431616,19.28,321.0,49.0,4.25,464104.3124704788,557.5880737304688,477.8111877441406,84043.2421875,0.18730047,0.03,False,0.02,0,3,CAUTIOUS,0.85,CLEAR,313,NORMAL,0.445,0,0,0,0,0,0,0,NORMAL,POSITIVE,0.0,1.0
2025-03-24,464193963.5525322,539581775.3370267,-0.13971526695357106,0.37346542435923263,0.019579949617816422,0.15211469477783027,0.45463084365961137,RISK_ON,0.2652478815672996,1.0,DELEVERAGE_1,0.6,0.6,97057.19504722729,6169600,27883.39320393146,False,1.0,0.0,82273.08560778412,0.39312757207189075,ALERT,S8,-0.1654723253362996,17.48,305.0,49.0,4.34,464104.3124704788,567.5735473632812,488.29644775390625,87498.9140625,0.48299999999999993,0.03,False,0.02,0,3,CAUTIOUS,0.85,CLEAR,310,NORMAL,0.485,0,0,0,0,0,0,0,NORMAL,POSITIVE,0.0,1.0
2025-03-25,463359887.3283697,539581775.3370267,-0.1412610497473683,0.3721836959583176,0.019609094677356564,0.15258416962235458,0.45544920706964626,RISK_ON,0.2776195081625015,1.0,DELEVERAGE_1,0.6,0.6,80547.08746247634,6169600,27883.39320393146,False,1.0,0.0,82273.08560778412,0.3918609088646417,ALERT,S8,-0.16497849755015534,17.15,309.0,49.0,4.31,464104.3124704788,568.93798828125,491.08294677734375,87471.703125,0.48299999999999993,0.03,False,0.02,0,3,CAUTIOUS,0.85,CLEAR,309,NORMAL,0.484,0,0,0,0,0,0,0,NORMAL,POSITIVE,0.0,1.0
2025-03-26,453631564.45818883,539581775.3370267,-0.15929042604367571,0.35871373442809656,0.019898911381437113,0.1558752720666964,0.4652165100628438,RISK_ON,0.28987284197245594,1.0,DELEVERAGE_1,0.6,0.6,134080.81640796372,6169600,27883.39320393146,False,1.0,0.0,82273.08560778412,0.37872458621600497,ALERT,S8,-0.15991037847118209,18.33,319.0,49.0,4.35,464104.3124704788,562.1458129882812,482.04669189453125,86900.8828125,0.48299999999999993,0.03,False,0.02,0,3,CAUTIOUS,0.85,CLEAR,308,NORMAL,0.472,0,0,0,0,0,0,0,NORMAL,POSITIVE,0.0,1.0
2025-03-27,449615818.40924925,539581775.3370267,-0.16673275681259636,0.3523779053836457,0.020140453201056806,0.1577715656752936,0.4693715937714109,RISK_ON,0.273434712275415,1.0,DELEVERAGE_1,0.6,0.6,152186.84732574364,6169600,27883.39320393146,False,1.0,0.0,82273.08560778412,0.37264449202594885,ALERT,S8,-0.1575088453253426,18.69,327.0,49.0,4.38,464104.3124704788,560.65283203125,479.29998779296875,87177.1015625,0.48299999999999993,0.03,False,0.02,0,3,CAUTIOUS,0.85,CLEAR,307,NORMAL,0.474,0,0,0,0,0,0,0,NORMAL,POSITIVE,0.0,1.0
2025-03-28,444807716.27431446,539581775.3370267,-0.17564355097707973,0.34579994938150727,0.01969869155090319,0.1594582875296506,0.47444521655159283,RISK_ON,0.2858781102021443,1.0,DELEVERAGE_1,0.6,0.6,265930.5111398316,6169600,27883.39320393146,False,1.0,0.0,82273.08560778412,0.3657172868359383,ALERT,S8,-0.15490977079096294,21.65,347.0,49.0,4.27,464104.3124704788,549.3623046875,466.6810607910156,84353.1484375,0.22422447,0.03,False,0.02,0,3,CAUTIOUS,0.85,CLEAR,306,NORMAL,0.492,0,0,0,0,0,0,0,NORMAL,POSITIVE,0.0,1.0
2025-03-31,442800237.98720497,539581775.3370267,-0.17936398479984117,0.34302711256254953,0.019364750876107388,0.16041262313565147,0.47659616045121606,RISK_ON,0.34277996815622813,1.0,DELEVERAGE_1,0.6,0.6,265393.6397360893,6169600,27883.39320393146,False,1.0,0.0,82273.08560778412,0.36260919433785554,ALERT,S8,-0.1537606005225426,22.28,355.0,49.0,4.23,464104.3124704788,553.0501708984375,466.6611633300781,82548.9140625,0.18214192499999998,0.03,False,0.02,0,3,CAUTIOUS,0.85,CLEAR,303,NORMAL,0.486,0,0,0,0,0,0,0,NORMAL,POSITIVE,0.45,1.0
2025-04-01,445688814.7510344,539581775.3370267,-0.17401062244429233,0.34073880387055455,0.019849934816794496,0.15942710954995348,0.4794687943050238,WATCH,0.31947644660204294,1.0,DELEVERAGE_1,0.6,0.6,229689.0544836635,6169600,27883.39320393146,False,1.0,0.0,82273.08560778412,0.366743047218319,ALERT,S8,-0.15286501417062515,21.77,350.0,48.7,4.17,466763.95748782315,554.6121826171875,470.4229736328125,85169.171875,0.19026537406932853,0.03,False,0.02,0,3,CAUTIOUS,0.85,CLEAR,302,NORMAL,0.526,0,0,0,0,0,0,0,NORMAL,POSITIVE,0.45,1.0
2025-04-02,448245049.90762794,539581775.3370267,-0.1692731845369484,0.3452797501941382,0.01911488172281944,0.15842481149615822,0.4767344975431419,WATCH,0.32267628918121083,1.0,DELEVERAGE_1,0.6,0.6,199943.75832396036,6169600,27883.39320393146,False,1.0,0.0,82273.08560778412,0.36455724597348593,ALERT,S8,-0.1544582788591245,21.51,342.0,48.7,4.2,466763.95748782315,558.1219482421875,473.8563232421875,82485.7109375,0.15258140962752614,0.03,False,0.02,0,3,CAUTIOUS,0.85,CLEAR,301,NORMAL,0.507,0,0,0,0,0,0,0,NORMAL,POSITIVE,0.0,1.0
2025-04-03,433339795.4657216,539581775.3370267,-0.1968969018735771,0.1738753008590555,0.01992028855905824,0.1631973164336253,0.6419175372527864,WATCH,0.3906030852543524,1.0,DELEVERAGE_2,0.3,0.3,472148.362233147,6169600,27883.39320393146,False,1.0,0.0,82273.08560778412,0.3431996138103688,ALERT,S8,-0.0865006294619609,30.02,401.0,48.7,4.06,628354.2724128072,530.6172485351562,448.4891052246094,83102.828125,0.15457818906932855,0.03,False,0.02,0,2,CAUTIOUS,0.85,CLEAR,300,NORMAL,0.456,0,0,0,0,0,0,0,ELEVATED,NEGATIVE,0.45,1.0
2025-04-04,426421993.01733506,539581775.3370267,-0.2097175766342576,0.160755436954985,0.02042395182405852,0.16455520682690988,0.6536891998421676,WATCH,0.4921769716260164,1.0,DELEVERAGE_2,0.3,0.3,245706.29339790938,6350400,-551153.718417991,False,1.0,0.0,82273.08560778412,0.18153048716174489,ALERT,S8,-0.0815248706547264,45.31,445.0,48.7,4.01,628354.2724128072,499.5533752441406,420.6339416503906,83843.8046875,0.16648959906932853,0.03,False,0.02,0,2,CAUTIOUS,0.85,CLEAR,299,NORMAL,0.431,0,0,0,0,0,0,0,ACTIVE,NEGATIVE,0.45,1.0
2025-04-07,427808887.4675413,539581775.3370267,-0.20714726289573304,0.16521925623940673,0.019238778583825146,0.16338883331135054,0.6515700341352849,WATCH,0.48011372553188614,1.0,DELEVERAGE_2,0.3,0.3,249454.3912128578,6350400,-551153.718417991,False,1.0,0.0,82273.08560778412,0.18456565463751146,ALERT,S8,-0.08307271822488771,46.98,461.00000000000006,48.7,4.15,628354.2724128072,498.6635437011719,421.6490478515625,79235.3359375,0.14318799906932853,0.03,False,0.02,0,2,CAUTIOUS,0.85,CLEAR,296,NORMAL,0.326,0,0,0,0,0,0,0,ACTIVE,NEGATIVE,0.45,1.0
2025-04-08,426258638.36313725,539581775.3370267,-0.21002031972467383,0.16269900701924617,0.018586605013156964,0.16398580216470618,0.6539397124736608,WATCH,0.4930844401681082,1.0,DELEVERAGE_2,0.3,0.3,336264.0711585462,6350400,-551153.718417991,False,1.0,0.0,82273.08560778412,0.1814287363236447,ALERT,S8,-0.08197457049203512,52.33,457.0,48.7,4.26,628354.2724128072,490.85308837890625,414.0557556152344,76271.953125,0.12890043906932855,0.03,False,0.02,0,2,CAUTIOUS,0.85,CLEAR,295,NORMAL,0.309,0,0,0,0,0,0,0,ACTIVE,NEGATIVE,0.45,1.0
2025-04-09,440500649.6474642,539581775.3370267,-0.18362578244544248,0.18698745258388794,0.019471747022770772,0.16066559551662474,0.632796913315991,WATCH,0.44688697006252565,1.0,DELEVERAGE_2,0.3,0.3,34487.48336154277,6350400,-551153.718417991,False,1.0,0.0,82273.08560778412,0.206475364885227,ALERT,S8,-0.09136789707234058,33.62,437.0,48.7,4.34,628354.2724128072,542.4021606445312,463.75518798828125,82573.953125,0.21542956906932853,0.03,False,0.02,0,2,CAUTIOUS,0.85,CLEAR,294,NORMAL,0.49,0,0,0,0,0,0,0,ELEVATED,NEGATIVE,0.45,1.0
2025-04-10,434562294.6303921,539581775.3370267,-0.19463125981421203,0.1760354276107102,0.019033209172534624,0.1632330401713561,0.6414441723428559,WATCH,0.44112110215558215,1.0,DELEVERAGE_2,0.3,0.3,110444.31247910883,6350400,-551153.718417991,False,1.0,0.0,82273.08560778412,0.195118226217517,ALERT,S8,-0.0870182542495706,40.72,442.0,48.7,4.4,628354.2724128072,518.6346435546875,444.03070068359375,79626.140625,0.18480870406932853,0.03,False,0.02,0,2,CAUTIOUS,0.85,CLEAR,293,NORMAL,0.523,0,0,0,0,0,0,0,ACTIVE,NEGATIVE,0.45,1.0
2025-04-11,436909795.8949406,539581775.3370267,-0.1902806657581354,0.17893947286884662,0.019829321113707322,0.1630749072175168,0.6379977149279386,WATCH,0.411103810638548,1.0,DELEVERAGE_2,0.3,0.3,69286.84714372172,6350400,-551153.718417991,False,1.0,0.0,82273.08560778412,0.19880032050713295,ALERT,S8,-0.08877480409762464,37.56,426.0,48.7,4.48,628354.2724128072,527.8885498046875,452.2110900878906,83404.8359375,0.1780961790693285,0.03,False,0.02,0,2,CAUTIOUS,0.85,CLEAR,292,NORMAL,0.532,0,0,0,0,0,0,0,ACTIVE,NEGATIVE,0.45,1.0
2025-04-14,437203778.49747217,539581775.3370267,-0.1897358315625255,0.1796629819806265,0.02008625690564477,0.1626188689022649,0.6375687153678518,WATCH,0.3909854472763152,1.0,DELEVERAGE_2,0.3,0.3,27621.154740802383,6350400,-551153.718417991,False,1.0,0.0,82273.08560778412,0.1997618592100103,ALERT,S8,-0.08911547251525304,30.89,413.99999999999994,48.7,4.38,628354.2724128072,533.009765625,455.2762756347656,84542.390625,0.17148894906932854,0.03,False,0.02,0,2,CAUTIOUS,0.85,CLEAR,289,NORMAL,0.57,0,0,0,0,0,0,0,ELEVATED,NEGATIVE,0.45,1.0
2025-04-15,438134644.36796194,539581775.3370267,-0.18801066975566427,0.18124013048761944,0.019836513308930166,0.16265573180233173,0.6362141295918647,WATCH,0.3998749002113746,1.0,DELEVERAGE_2,0.3,0.3,23437.929228004377,6350400,-551153.718417991,False,1.0,0.0,82273.08560778412,0.20108740092870567,ALERT,S8,-0.08965890899780535,30.12,409.0,48.7,4.35,628354.2724128072,531.5169067382812,455.7838439941406,83668.9921875,0.19131152406932855,0.03,False,0.02,0,2,CAUTIOUS,0.85,CLEAR,288,NORMAL,0.566,0,0,0,0,0,0,0,ELEVATED,NEGATIVE,0.45,1.0
2025-04-16,435454010.8078245,539581775.3370267,-0.19297865363255318,0.1751980710570485,0.020045664174785847,0.16450748616940047,0.6401306326091495,WATCH,0.3859564250846774,1.0,DELEVERAGE_2,0.3,0.3,51447.145038961324,6350400,-551153.718417991,False,1.0,0.0,82273.08560778412,0.19526680522177634,ALERT,S8,-0.08731350284317965,32.64,416.0,48.7,4.29,628354.2724128072,519.7023315429688,442.0403137207031,84033.8671875,0.19203969906932855,0.03,False,0.02,0,2,CAUTIOUS,0.85,CLEAR,287,NORMAL,0.553,0,0,0,0,0,0,0,ELEVATED,NEGATIVE,0.45,1.0
2025-04-17,434971657.860994,539581775.3370267,-0.19387259217695496,0.17423290635161395,0.02027371723532867,0.16457174945169817,0.64084049241591,WATCH,0.36064216868409865,1.0,DELEVERAGE_2,0.3,0.3,35291.2277438928,6350400,-551153.718417991,False,1.0,0.0,82273.08560778412,0.19452240607393917,ALERT,S8,-0.08699484245093253,29.65,401.99999999999994,48.7,4.34,628354.2724128072,520.44384765625,441.9607238769531,84895.75,0.17913095406932855,0.03,False,0.02,0,2,CAUTIOUS,0.85,CLEAR,286,NORMAL,0.568,0,0,0,0,0,0,0,ELEVATED,NEUTRAL,0.45,1.0
2025-04-21,432246189.2338271,539581775.3370267,-0.19892366830988129,0.16771035686931024,0.0210319288441,0.16620793969502493,0.6448812236024443,WATCH,0.3837467987457449,1.0,DELEVERAGE_2,0.3,0.3,72855.52273895522,6350400,-551153.718417991,False,1.0,0.0,82273.08560778412,0.18877410377532194,ALERT,S8,-0.08456957491778906,33.82,416.0,48.7,4.42,628354.2724128072,508.0558776855469,431.02362060546875,87518.90625,0.1254358707995061,0.03,False,0.02,0,2,CAUTIOUS,0.85,CLEAR,282,NORMAL,0.588,0,0,0,0,0,0,0,ELEVATED,NEGATIVE,0.45,1.0
2025-04-22,435001370.5060567,539581775.3370267,-0.19381752611204905,0.17157990534304385,0.022313073045747808,0.16523309450774884,0.640796719988088,WATCH,0.3593327770478174,1.0,DELEVERAGE_2,0.3,0.3,33585.20099944378,6350400,-551153.718417991,False,1.0,0.0,82273.08560778412,0.19390794946221723,ALERT,S8,-0.08631345633406456,30.57,399.0,48.7,4.41,628354.2724128072,521.2744140625,442.3388977050781,93441.890625,0.4352743393940982,0.12,False,0.02,0,2,CAUTIOUS,0.85,CLEAR,281,NORMAL,0.51,0,0,0,0,0,0,0,NORMAL,NEGATIVE,0.0,1.0
2025-04-23,438626605.6645752,539581775.3370267,-0.18709892417955398,0.17896440489738855,0.022189570045595297,0.1633106358316966,0.6355005551664296,WATCH,0.34191520217717375,1.0,DELEVERAGE_2,0.3,0.3,15279.145012504883,6350400,-551153.718417991,False,1.0,0.0,82273.08560778412,0.20116098219648404,ALERT,S8,-0.08917350381901731,28.45,375.0,48.7,4.4,628354.2724128072,529.3516845703125,452.37030029296875,93699.109375,0.1500193896926781,0.03,False,0.02,0,2,CAUTIOUS,0.85,CLEAR,280,NORMAL,0.503,0,0,0,0,0,0,0,NORMAL,NEUTRAL,0.0,1.0
2025-04-24,443183049.63961816,539581775.3370267,-0.17865452486269984,0.34808010685669366,0.022018785595856624,0.1621047203311153,0.4677851689113445,WATCH,0.3195779590175154,1.0,DELEVERAGE_1,0.6,0.6,4971.76261725534,6350400,-551153.718417991,False,1.0,0.0,82273.08560778412,0.20911047558553422,ALERT,S8,-0.1566263814746862,26.47,373.0,48.7,4.32,735343.2794167373,540.4940185546875,465.0987243652344,93943.796875,0.42536552004664685,0.03,False,0.02,0,2,CAUTIOUS,0.85,CLEAR,279,NORMAL,0.502,0,0,0,0,0,0,0,NORMAL,NEUTRAL,0.0,1.0
2025-04-25,448970596.74672997,539581775.3370267,-0.16792853786379336,0.35627218768621705,0.021914646899909067,0.16005330787528604,0.4617550887219064,WATCH,0.3079046857234558,1.0,DELEVERAGE_1,0.6,0.6,2141.058471245464,6350400,-551153.718417991,False,1.0,0.0,82273.08560778412,0.37818863809841224,ALERT,S8,-0.15973345284172816,24.84,367.0,48.7,4.29,735343.2794167373,544.3992919921875,470.28363037109375,94720.5,0.10579812906932853,0.03,False,0.02,0,3,CAUTIOUS,0.85,CLEAR,278,NORMAL,0.489,0,0,0,0,0,0,0,NORMAL,POSITIVE,0.0,1.0
2025-04-28,448399918.29621446,539581775.3370267,-0.16898616893400342,0.36042070734209775,0.022002362732868784,0.1602771338074776,0.45729551804668006,WATCH,0.3178058755957312,1.0,DELEVERAGE_1,0.6,0.6,1918.2866311707571,6350400,-551153.718417991,False,1.0,0.0,82273.08560778412,0.3773821449935262,ALERT,S8,-0.1614029767338168,25.15,373.0,48.7,4.23,738732.9720851703,544.60693359375,470.1343688964844,94978.75,0.4202334647322188,0.12,False,0.02,0,3,CAUTIOUS,0.85,CLEAR,275,NORMAL,0.467,0,0,0,0,0,0,0,NORMAL,NEUTRAL,0.0,1.0
2025-04-29,448771548.8406893,539581775.3370267,-0.16829743080113613,0.3614537349519776,0.021823515601828092,0.1598036709345096,0.45691682874964995,WATCH,0.33142354282049463,1.0,DELEVERAGE_1,0.6,0.6,1009.62919288685,6350400,-551153.718417991,False,1.0,0.0,82273.08560778412,0.38327811283835267,ALERT,S8,-0.1617854146156027,24.17,374.0,48.7,4.19,738732.9720851703,548.0375366210938,473.23931884765625,94284.7890625,0.12992606768905032,0.03,False,0.02,0,3,CAUTIOUS,0.85,CLEAR,274,NORMAL,0.465,0,0,0,0,0,0,0,NORMAL,POSITIVE,0.0,1.0
2025-04-30,449017416.433903,539581775.3370267,-0.16784176753663815,0.36193262271529625,0.021793642541790666,0.15960458132719668,0.4566666356906018,WATCH,0.35847635748324097,1.0,DELEVERAGE_1,0.6,0.6,1130.5024262573213,6350400,-551153.718417991,False,1.0,0.0,82273.08560778412,0.3837272313767745,ALERT,S8,-0.16197545777741226,24.7,394.0,48.7,4.17,738732.9720851703,548.2550659179688,473.1795959472656,94207.3125,0.4288549865915365,0.03,False,0.02,0,3,CAUTIOUS,0.85,CLEAR,273,NORMAL,0.455,0,0,0,0,0,0,0,NORMAL,POSITIVE,0.0,1.0
2025-05-01,452793827.7614373,539581775.3370267,-0.16084299274448444,0.3674906877549674,0.022136080088189635,0.15751392261913066,0.4528579241972163,WATCH,0.33513534546711715,1.0,DELEVERAGE_1,0.6,0.6,627.2736259366159,6350400,-551153.718417991,False,1.0,0.0,82273.08560778412,0.3896273076096446,ALERT,S8,-0.16419254584611875,24.6,378.0,48.5,4.25,738732.9720851703,552.1405029296875,479.35968017578125,96492.3359375,0.42795335581413885,0.12,False,0.02,0,3,CAUTIOUS,0.85,CLEAR,272,NORMAL,0.448,0,0,0,0,0,0,0,NORMAL,POSITIVE,0.0,1.0
2025-05-02,458164003.7088237,539581775.3370267,-0.150890514375414,0.37483024332515913,0.021971329584099503,0.1556482152522584,0.44754994122076935,WATCH,0.31051282424214166,1.0,DELEVERAGE_1,0.6,0.6,123.98729512578433,6350400,-551153.718417991,False,1.0,0.0,82273.08560778412,0.39680168029082213,ALERT,S8,-0.16694315442266178,22.68,360.0,48.5,4.33,738732.9720851703,560.3366088867188,486.4752197265625,96910.0703125,0.44787832906932845,0.12,False,0.02,0,3,CAUTIOUS,0.85,CLEAR,271,NORMAL,0.451,0,0,0,0,0,0,0,NORMAL,POSITIVE,0.0,1.0
2025-05-05,457353651.3470787,539581775.3370267,-0.15239233003855213,0.3735200176045334,0.021519221051179687,0.15661744168359065,0.4483429230867693,WATCH,0.30271687867354846,1.0,DELEVERAGE_1,0.6,0.6,181.3745335250797,6350400,-551153.718417991,False,1.0,0.0,82273.08560778412,0.3950393953180374,ALERT,S8,-0.16630583355141534,23.64,360.0,48.5,4.36,738732.9720851703,557.1233520507812,483.5892028808594,94748.0546875,0.46787832906932847,0.03,False,0.02,0,3,CAUTIOUS,0.85,CLEAR,268,NORMAL,0.45,0,0,0,0,0,0,0,NORMAL,POSITIVE,0.0,1.0
2025-05-06,455263992.6809055,539581775.3370267,-0.156265067706291,0.36908165600824855,0.02208673705345706,0.15842992055577124,0.450400814090028,WATCH,0.29984302557551273,1.0,DELEVERAGE_1,0.6,0.6,397.1233641535016,6350400,-551153.718417991,False,1.0,0.0,82273.08560778412,0.39116873427525695,ALERT,S8,-0.164657962579657,24.76,366.0,48.5,4.3,738732.9720851703,552.466796875,479.0909729003906,96802.4765625,0.11796472592673586,0.03,False,0.02,0,3,CAUTIOUS,0.85,CLEAR,267,NORMAL,0.404,0,0,0,0,0,0,0,NORMAL,POSITIVE,0.0,1.0
2025-05-07,455698895.436574,539581775.3370267,-0.15545906799401976,0.3701026792282266,0.022118050035906677,0.15780793473730406,0.4499709676340356,WATCH,0.30019755026925143,1.0,DELEVERAGE_1,0.6,0.6,167.86330810241003,6350400,-551153.718417991,False,1.0,0.0,82273.08560778412,0.3922208737443899,ALERT,S8,-0.16508345354130563,23.55,367.0,48.5,4.26,738732.9720851703,554.7901611328125,480.9718933105469,97032.3203125,0.12422399411284957,0.03,False,0.02,0,3,CAUTIOUS,0.85,CLEAR,266,NORMAL,0.404,0,0,0,0,0,0,0,NORMAL,POSITIVE,0.0,1.0
2025-05-08,458646000.83137065,539581775.3370267,-0.14999723527560394,0.37331513087973356,0.02338217603733942,0.15622298319036465,0.4470796050934,WATCH,0.2417616823008636,1.0,DELEVERAGE_1,0.6,0.6,48.06571668804291,6350400,-551153.718417991,False,1.0,0.0,82273.08560778412,0.3966973484906228,ALERT,S8,-0.16657169958305154,22.48,351.0,48.5,4.37,738732.9720851703,558.6558227539062,485.9378662109375,103241.4609375,0.16095994785081197,0.03,False,0.02,0,3,CAUTIOUS,0.85,CLEAR,265,NORMAL,0.412,0,0,0,0,0,0,0,NORMAL,POSITIVE,0.0,1.0
2025-05-09,459698445.5044318,539581775.3370267,-0.1480467530296019,0.374434656291692,0.02326749689279047,0.15624173444309986,0.446056050296954,WATCH,0.2220253092819908,1.0,DELEVERAGE_1,0.6,0.6,28.535994106576478,6350400,-551153.718417991,False,1.0,0.0,82273.08560778412,0.39770217787202944,ALERT,S8,-0.1669568232855098,21.9,353.0,48.5,4.37,738732.9720851703,557.9440307617188,485.6194152832031,102970.8515625,0.15050454048257964,0.03,False,0.02,0,3,CAUTIOUS,0.85,CLEAR,264,NORMAL,0.412,0,0,0,0,0,0,0,NORMAL,POSITIVE,0.0,1.0
2025-05-12,470310480.1529948,539581775.3370267,-0.12837960500197498,0.3777932978426447,0.022707617632676712,0.1519157611174204,0.44758332336578527,RISK_ON,0.23066665953175106,1.0,DELEVERAGE_1,0.6,0.6,0.019505122045658723,6350400,-551153.718417991,False,1.0,0.0,82273.08560778412,0.4120997706668533,ALERT,S8,-0.1679485062583506,18.39,315.0,48.5,4.45,744190.2841885529,576.3826293945312,505.40362548828125,102812.953125,0.12415340391777818,0.03,False,0.02,0,3,CAUTIOUS,0.85,CLEAR,261,NORMAL,0.345,0,0,0,0,0,0,0,NORMAL,POSITIVE,0.0,1.0
2025-05-13,479107815.65437907,539581775.3370267,-0.1120756156837861,0.4097469172342547,0.2000396408058989,0.14925084251631854,0.24096259943868098,RISK_ON,0.24740380774324466,1.0,WARNING,1.0,0.732,0.002322208286092322,6350400,-551153.718417991,False,1.0,0.0,82273.08560778412,0.4115009625497787,ALERT,S2,-0.2562449521162126,18.22,309.0,48.5,4.49,839151.3861357737,580.18896484375,513.1063842773438,104169.8125,0.19049556906932855,0.03,False,0.2,1,4,CAUTIOUS,0.85,CLEAR,260,NORMAL,0.331,0,0,0,0,0,0,0,NORMAL,POSITIVE,0.0,1.0
2025-05-14,482651596.3248174,539581775.3370267,-0.10550797231179698,0.45411169493089754,0.19736920653130324,0.14762674532036044,0.20089235321401233,RISK_ON,0.24203101539908392,1.0,WARNING,1.0,0.82044,0.0016537901725468093,6350400,-551153.718417991,False,1.0,0.0,123983.70943648904,0.6131612832689637,ALERT,S2,-0.26985321751958685,18.62,310.0,48.5,4.53,857660.6372118018,580.930419921875,516.1814575195312,103539.4140625,0.12921470406932853,0.03,False,0.2,2,4,CAUTIOUS,0.85,CLEAR,259,NORMAL,0.319,0,0,0,0,0,0,0,NORMAL,POSITIVE,0.0,1.0
2025-05-15,481019815.6905732,539581775.3370267,-0.10853213048175181,0.580074571742177,0.1984312838017509,0.1486208386220229,0.07287330583363225,RISK_ON,0.2384086136849049,1.0,WARNING,1.0,1.0,0.00020048338679011388,6350400,-551153.718417991,False,1.0,0.0,123983.70943648904,0.6498503333190961,ALERT,S2,-0.31326556873549494,17.83,320.0,48.5,4.45,919506.3023739752,583.7679443359375,516.7487182617188,103744.640625,0.14590826406932852,0.03,False,0.2,3,4,CAUTIOUS,0.85,CLEAR,258,NORMAL,0.342,0,0,0,0,0,0,0,NORMAL,POSITIVE,0.0,1.0
2025-05-16,482076469.29385006,539581775.3370267,-0.10657384787923652,0.5817637918003862,0.1975090085908324,0.14801362329126974,0.07271357631747354,RISK_ON,0.22203615670179055,1.0,WARNING,1.0,1.0,1.8415748502617196e-05,6350400,-551153.718417991,False,1.0,0.0,123983.70943648904,0.7792728003912484,ALERT,S2,-0.31333814708155916,17.24,316.0,48.5,4.43,919506.3023739752,587.465576171875,518.997802734375,103489.2890625,0.14554435693701,0.03,False,0.2,3,4,CAUTIOUS,0.85,CLEAR,257,NORMAL,0.409,0,0,0,0,0,0,0,NORMAL,POSITIVE,0.0,1.0
2025-05-19,482056123.8306591,539581775.3370267,-0.10661155386583743,0.5774191186924224,0.2015575947187972,0.14830664135186633,0.07267855237241734,RISK_ON,0.2275577050692918,1.0,WARNING,1.0,1.0,18362.898604948005,5744100,-532790.8198324953,False,1.0,0.0,123983.70943648904,0.7789767134112509,ALERT,S2,-0.3142205000920377,18.14,321.0,48.5,4.46,919506.3023739752,588.1082153320312,519.4954223632812,105606.1796875,0.12105147906932853,0.03,False,0.2,3,4,CAUTIOUS,0.85,CLEAR,254,NORMAL,0.436,0,0,0,0,0,0,0,NORMAL,POSITIVE,0.0,1.0
2025-05-20,482737176.56219554,539581775.3370267,-0.10534936755290825,0.575313584636598,0.2035315293442383,0.1485387801979489,0.07257601639834994,RISK_ON,0.22942077658180207,1.0,WARNING,1.0,1.0,19352.6548037788,5744100,-532790.8198324953,False,1.0,0.0,123983.70943648904,0.7788763386837372,ALERT,S2,-0.31451844655835154,18.09,320.0,48.5,4.48,919506.3023739752,586.1307983398438,517.7637939453125,106791.0859375,0.11458221906932853,0.03,False,0.2,3,4,CAUTIOUS,0.85,CLEAR,253,NORMAL,0.48,0,0,0,0,0,0,0,NORMAL,POSITIVE,0.0,1.0
2025-05-21,479492766.8230898,539581775.3370267,-0.11136219060846686,0.56675943783619,0.21044819766813566,0.14963573007843556,0.07306709019699847,RISK_ON,0.24571878208415007,1.0,WARNING,1.0,1.0,42935.80591600338,5744100,-532790.8198324953,False,1.0,0.0,123983.70943648904,0.7772772361883508,ALERT,S2,-0.31534318194924027,20.87,325.0,48.5,4.58,919506.3023739752,576.2540893554688,510.5686340332031,109678.078125,0.14411546406932854,0.03,False,0.2,3,4,CAUTIOUS,0.85,CLEAR,252,NORMAL,0.423,0,0,0,0,0,0,0,NORMAL,POSITIVE,0.0,1.0
2025-05-22,482855401.4024203,539581775.3370267,-0.10513026296926864,0.5662426085794763,0.21278432019678836,0.14833802017436087,0.07255824650716115,RISK_ON,0.2415180394549854,1.0,WARNING,1.0,1.0,37085.48805995721,5744100,-532790.8198324953,False,1.0,0.0,123983.70943648904,0.7790867661786853,ALERT,S2,-0.3163364713828761,20.28,332.0,48.5,4.54,919506.3023739752,576.4815063476562,511.5239562988281,111673.28125,0.18319082906932854,0.03,False,0.2,3,4,CAUTIOUS,0.85,CLEAR,251,NORMAL,0.173,0,0,0,0,0,0,0,NORMAL,POSITIVE,0.0,1.0
2025-05-23,477169437.5441311,539581775.3370267,-0.11566798703294312,0.5687846896042966,0.2068641089504037,0.15080753467686908,0.07342285252506522,RISK_ON,0.2472174374489042,1.0,WARNING,1.0,1.0,57648.864554017,5744100,-532790.8198324953,False,1.0,0.0,123983.70943648904,0.775742519300216,ALERT,S2,-0.31417410368398124,22.29,340.0,48.5,4.51,919506.3023739752,572.5465698242188,506.78692626953125,107287.796875,0.1748722005352591,0.03,False,0.2,3,4,CAUTIOUS,0.85,CLEAR,250,NORMAL,0.167,0,0,0,0,0,0,0,NORMAL,POSITIVE,0.0,1.0
2025-05-27,488242076.3294762,539581775.3370267,-0.09514720725228976,0.5758743080402251,0.20538909393582144,0.14694070978695323,0.07175772621986926,RISK_ON,0.24255247964434357,1.0,WARNING,1.0,1.0,18632.302480958988,5744100,-532790.8198324953,False,1.0,0.0,123983.70943648904,0.7812932177012049,ALERT,S2,-0.315565641408843,18.96,324.0,48.5,4.43,919506.3023739752,584.4501953125,518.7091674804688,108994.640625,0.1615745662642831,0.03,False,0.2,3,4,CAUTIOUS,0.85,CLEAR,246,NORMAL,0.168,0,0,0,0,0,0,0,NORMAL,POSITIVE,0.0,1.0
2025-05-28,486671208.07278275,539581775.3370267,-0.09805847729233563,0.57686056656535,0.2037980036572709,0.14730713347640145,0.07198934447141463,RISK_ON,0.2435671168884828,1.0,WARNING,1.0,1.0,21876.761198524782,5744100,-532790.8198324953,False,1.0,0.0,123983.70943648904,0.7806936638311383,ALERT,S2,-0.31509495225997486,19.31,323.0,48.5,4.47,919506.3023739752,581.06884765625,516.4102783203125,107802.328125,0.15450943243289378,0.03,False,0.2,3,4,CAUTIOUS,0.85,CLEAR,245,NORMAL,0.192,0,0,0,0,0,0,0,NORMAL,POSITIVE,0.45,1.0
2025-05-29,483477887.8018274,539581775.3370267,-0.1039766168902877,0.5779971298464815,0.2010325780022979,0.14846466938278058,0.07246482647130204,RISK_ON,0.24035220437131227,1.0,WARNING,1.0,1.0,19724.107570437038,5744100,-532790.8198324953,False,1.0,0.0,123983.70943648904,0.7790614906728416,ALERT,S2,-0.3140827509255874,19.18,322.0,48.5,4.43,919506.3023739752,583.362548828125,517.4254150390625,105641.7578125,0.17672589080958742,0.03,False,0.2,3,4,CAUTIOUS,0.85,CLEAR,244,NORMAL,0.232,0,0,0,0,0,0,0,NORMAL,POSITIVE,0.45,1.0
2025-05-30,477351497.6009455,539581775.3370267,-0.11533057745920305,0.5759457306514708,0.2004455959701257,0.1501769644920493,0.07339484932664778,RISK_ON,0.22437243026397793,1.0,WARNING,1.0,1.0,17594.96602680996,5744100,-532790.8198324953,False,1.0,0.0,123983.70943648904,0.7764199451189209,ALERT,S2,-0.313221796857874,18.57,331.0,48.5,4.41,919506.3023739752,582.7101440429688,516.609375,103998.5703125,0.2095380090693285,0.03,False,0.2,3,4,CAUTIOUS,0.85,CLEAR,243,NORMAL,0.277,0,0,0,0,0,0,0,NORMAL,POSITIVE,0.0,1.0
2025-06-02,484256394.1853729,539581775.3370267,-0.10253382097106079,0.5776334019641705,0.2011649384205568,0.14882823236645026,0.0723483296512955,RISK_ON,0.22352503526505488,1.0,WARNING,1.0,1.0,12153.672081115159,5744100,-532790.8198324953,False,1.0,0.0,123983.70943648904,0.7788178868425981,ALERT,S2,-0.31399337700363483,18.36,327.0,49.0,4.46,919506.3023739752,585.9924926757812,520.689697265625,105881.53125,0.22123398906932856,0.03,False,0.2,3,4,CAUTIOUS,0.85,CLEAR,240,NORMAL,0.292,0,0,0,0,0,0,0,NORMAL,POSITIVE,0.45,1.0
2025-06-03,490691886.6576553,539581775.3370267,-0.09060700511768482,0.5843182938676612,0.19768464528727034,0.14658205515385136,0.07139947122605328,RISK_ON,0.22348612100707896,1.0,WARNING,1.0,1.0,7622.636019387329,5744100,-532790.8198324953,False,1.0,0.0,123983.70943648904,0.7820150873410633,ALERT,S2,-0.3142857606848426,17.69,319.0,49.0,4.46,919506.3023739752,589.3341064453125,524.7598876953125,105432.46875,0.49787832906932844,0.03,False,0.2,3,4,CAUTIOUS,0.85,CLEAR,239,NORMAL,0.322,0,0,0,0,0,0,0,NORMAL,POSITIVE,0.0,1.0
2025-06-04,491686427.69495416,539581775.3370267,-0.08876383493893358,0.5861004170817311,0.19597404240663344,0.14665728329651767,0.07125505051363165,RISK_ON,0.2062916997484833,1.0,WARNING,1.0,1.0,6493.555875282065,5744100,-532790.8198324953,False,1.0,0.0,123983.70943648904,0.7820847882486998,ALERT,S2,-0.3139573619103702,17.61,323.0,49.0,4.37,919506.3023739752,589.1759643554688,526.2228393554688,104731.984375,0.13333056406932853,0.03,False,0.2,3,4,CAUTIOUS,0.85,CLEAR,238,NORMAL,0.354,0,0,0,0,0,0,0,NORMAL,POSITIVE,0.0,1.0
2025-06-05,480835319.4907386,539581775.3370267,-0.1088740549281797,0.5829806814764898,0.19435780437261777,0.1497771125683885,0.07286307769441192,RISK_ON,0.21387692580714848,1.0,WARNING,1.0,1.0,10253.278543454011,5744100,-532790.8198324953,False,1.0,0.0,123983.70943648904,0.7773550620814592,ALERT,S2,-0.31228887100612357,18.48,318.0,49.0,4.4,919506.3023739752,586.3285522460938,522.261962890625,101575.953125,0.5218783290693285,0.03,False,0.2,3,4,CAUTIOUS,0.85,CLEAR,237,NORMAL,0.446,0,0,0,0,0,0,0,NORMAL,POSITIVE,0.0,1.0
2025-06-06,487824591.46072596,539581775.3370267,-0.09592092661760643,0.584029794558566,0.1968811227318977,0.1472614695560046,0.07181913715617119,RISK_ON,0.19327672028618043,1.0,WARNING,1.0,1.0,4134.7999495566255,5744100,-532790.8198324953,False,1.0,0.0,123983.70943648904,0.7809175363454405,ALERT,S2,-0.3138365869455397,16.77,309.0,49.0,4.51,919506.3023739752,592.3495483398438,527.3672485351562,104390.34375,0.4918783290693285,0.03,False,0.2,3,4,CAUTIOUS,0.85,CLEAR,236,NORMAL,0.476,0,0,0,0,0,0,0,NORMAL,POSITIVE,0.0,1.0
2025-06-09,497167442.4504252,539581775.3370267,-0.07860594042508051,0.5829055387200721,0.20410659883229335,0.14460259604652304,0.06837750607098245,RISK_ON,0.1979750031517073,1.0,NORMAL,1.0,1.0,3858.1834827668886,5744100,-532790.8198324953,False,1.0,0.0,123983.70943648904,0.7849292322324439,ALERT,S2,-0.31707436560803715,17.16,312.0,49.0,4.49,926435.7241033119,592.8834228515625,528.1435546875,110294.1015625,0.16840136035117567,0.03,False,0.2,3,4,CAUTIOUS,0.85,CLEAR,233,NORMAL,0.532,0,0,0,0,0,0,0,NORMAL,POSITIVE,0.0,1.0
2025-06-10,499032486.96581143,539581775.3370267,-0.07514947728893906,0.5845120176826611,0.20327581677356327,0.14408505070266855,0.06812195739228047,RISK_ON,0.1823468708816756,1.0,NORMAL,1.0,1.0,2573.7345143612265,5744100,-532790.8198324953,False,1.0,0.0,123983.70943648904,0.7877918974526213,ALERT,S2,-0.31714022731377856,16.95,312.0,49.0,4.47,926435.7241033119,596.2449340820312,531.63671875,110257.234375,0.21491129110635823,0.03,False,0.2,3,4,CAUTIOUS,0.85,CLEAR,232,NORMAL,0.532,0,0,0,0,0,0,0,NORMAL,POSITIVE,0.0,1.0
2025-06-11,500046893.6069984,539581775.3370267,-0.07326949044069275,0.5878474114082175,0.19997366604059597,0.14418885979993062,0.0679837636211105,RISK_ON,0.17741722967643753,1.0,NORMAL,1.0,1.0,3149.860461631357,5744100,-532790.8198324953,False,1.0,0.0,123983.70943648904,0.7878260400675718,ALERT,S2,-0.31649737382387433,17.26,312.0,49.0,4.41,926435.7241033119,594.54443359375,529.8453369140625,108686.625,0.17679030406932852,0.03,False,0.2,3,4,CAUTIOUS,0.85,CLEAR,231,NORMAL,0.527,0,0,0,0,0,0,0,NORMAL,POSITIVE,0.0,1.0
2025-06-12,498786431.2196031,539581775.3370267,-0.07560548925497446,0.5914171469663148,0.19539250699878546,0.14502763420028109,0.06815556255475119,RISK_ON,0.20279633904402072,1.0,NORMAL,1.0,1.0,3565.963790942126,5744100,-532790.8198324953,False,1.0,0.0,123983.70943648904,0.7868152791277349,ALERT,S2,-0.31529888308921594,18.02,317.0,49.0,4.36,926435.7241033119,596.9072265625,531.0892944335938,105929.0546875,0.4778783290693285,0.03,False,0.2,3,4,CAUTIOUS,0.85,CLEAR,230,NORMAL,0.534,0,0,0,0,0,0,0,NORMAL,POSITIVE,0.0,1.0
2025-06-13,493972760.2135964,539581775.3370267,-0.08452660413695878,0.5867013773687282,0.19759814058404598,0.1468574854967134,0.06881972560541419,RISK_ON,0.2235255991462403,1.0,WARNING,1.0,1.0,11495.21298293239,5744100,-532790.8198324953,False,1.0,0.0,123983.70943648904,0.7843177697685342,ALERT,S2,-0.3149560390804198,20.82,318.0,49.0,4.41,926435.7241033119,590.2338256835938,524.4215698242188,106090.96875,0.15710389250348672,0.03,False,0.2,3,4,CAUTIOUS,0.85,CLEAR,229,NORMAL,0.519,0,0,0,0,0,0,0,NORMAL,POSITIVE,0.45,1.0
2025-06-16,504891068.6626533,539581775.3370267,-0.06429184279381062,0.5947507771439395,0.19999954137724782,0.1433042411096316,0.06193775890896442,RISK_ON,0.20990426152789737,1.0,NORMAL,1.0,1.0,3878.3006576126504,5744100,-532790.8198324953,False,1.0,0.0,123983.70943648904,0.7893637821664612,ALERT,S2,-0.3187462902713448,19.11,310.0,49.0,4.46,929156.2521036435,595.8494873046875,531.7161865234375,106796.7578125,0.19700301162279912,0.03,False,0.2,3,4,CAUTIOUS,0.85,CLEAR,226,NORMAL,0.506,0,0,0,0,0,0,0,NORMAL,POSITIVE,0.0,1.0
2025-06-17,498836093.5560463,539581775.3370267,-0.07551345068229998,0.5939333230681397,0.19826546509005724,0.14509142700500371,0.06268957216625967,RISK_ON,0.23531510836740072,1.0,NORMAL,1.0,1.0,10082.809612315079,5744100,-532790.8198324953,False,1.0,0.0,123983.70943648904,0.7922148009349649,ALERT,S2,-0.31767684196325363,21.6,317.0,49.0,4.39,929156.2521036435,590.7578125,526.5314331054688,104601.1171875,0.5063146674512822,0.03,False,0.2,3,4,CAUTIOUS,0.85,CLEAR,225,NORMAL,0.525,0,0,0,0,0,0,0,NORMAL,POSITIVE,0.45,1.0
2025-06-18,504680739.56590223,539581775.3370267,-0.0646816430175482,0.5982019969694512,0.19649809694197642,0.14332302381435283,0.061963571887080675,RISK_ON,0.22784190997200246,1.0,NORMAL,1.0,1.0,6717.496025065826,5744100,-532790.8198324953,False,1.0,0.0,123983.70943648904,0.7947106718181329,ALERT,S2,-0.31807282202520726,20.14,316.0,49.0,4.38,929156.2521036435,590.6688232421875,526.4417724609375,104883.328125,0.1502284545804943,0.03,False,0.2,3,4,CAUTIOUS,0.85,CLEAR,224,NORMAL,0.548,0,0,0,0,0,0,0,NORMAL,POSITIVE,0.45,1.0
2025-06-20,499843164.29946417,539581775.3370267,-0.07364705935952254,0.5972462244729966,0.1954229428754631,0.14475191285256397,0.06256326687981145,RISK_ON,0.21887469149709113,1.0,NORMAL,1.0,1.0,7824.004645855797,5744100,-532790.8198324953,False,1.0,0.0,123983.70943648904,0.7926815751290788,ALERT,S2,-0.31728060442081035,20.62,313.0,49.0,4.38,929156.2521036435,589.2816162109375,524.292236328125,103309.6015625,0.17488891847218208,0.03,False,0.2,3,4,CAUTIOUS,0.85,CLEAR,222,NORMAL,0.561,0,0,0,0,0,0,0,NORMAL,POSITIVE,0.45,1.0
2025-06-23,505049892.20254135,539581775.3370267,-0.06399749715956682,0.5971292626330804,0.19765455885860322,0.14329089566742492,0.06191828128056666,RISK_ON,0.20811547466503783,1.0,NORMAL,1.0,1.0,3536.1372872760676,5744100,-532790.8198324953,False,1.0,0.0,123983.70943648904,0.7947893862575169,ALERT,S2,-0.31831078732461704,19.83,312.0,49.0,4.34,929156.2521036435,595.1022338867188,529.6832275390625,105577.7734375,0.21790414906932853,0.03,False,0.2,3,4,CAUTIOUS,0.85,CLEAR,219,ELEVATED,0.628,0,0,0,0,0,0,0,NORMAL,POSITIVE,0.45,1.0
2025-06-24,515391856.5831711,539581775.3370267,-0.04483086690380966,0.6044707622882862,0.19454669417331108,0.1403055394293961,0.0606758156666186,RISK_ON,0.21424803675473908,1.0,NORMAL,1.0,1.0,612.5135287651,5744100,-532790.8198324953,False,1.0,0.0,123983.70943648904,0.7990184060489397,ALERT,S2,-0.31896245883757574,17.48,306.0,49.0,4.3,929156.2521036435,601.6764526367188,537.783203125,106045.6328125,0.5428783290693285,0.03,False,0.2,3,4,CAUTIOUS,0.85,CLEAR,218,ELEVATED,0.615,0,0,0,0,0,0,0,NORMAL,POSITIVE,0.45,1.0
2025-06-25,519053212.4797652,539581775.3370267,-0.03804532286962292,0.6047697816972969,0.19557094185423954,0.13941085430279948,0.06024781377754391,RISK_ON,0.21869364821813564,1.0,NORMAL,1.0,1.0,315.77542715159996,5744100,-532790.8198324953,False,1.0,0.0,123983.70943648904,0.8003412104536142,ALERT,S2,-0.31953136040114394,16.76,304.0,49.0,4.29,929156.2521036435,602.0136108398438,539.157958984375,107361.2578125,0.22887477906932857,0.03,False,0.2,3,4,CAUTIOUS,0.85,CLEAR,217,ELEVATED,0.652,0,0,0,0,0,0,0,NORMAL,POSITIVE,0.0,1.0
2025-06-26,524492935.3676384,539581775.3370267,-0.027963954045637895,0.6093684103821325,0.19281924191009775,0.13818912602932457,0.05962295996264875,RISK_ON,0.2036581313139862,1.0,NORMAL,1.0,1.0,137.26808620365767,5744100,-532790.8198324953,False,1.0,0.0,123983.70943648904,0.8021878622374654,ALERT,S2,-0.31953092411653927,16.59,304.0,49.0,4.26,929156.2521036435,606.7236328125,544.1992797851562,106960.0,0.15879069808008606,0.03,False,0.2,3,4,CAUTIOUS,0.85,CLEAR,216,ELEVATED,0.638,0,0,0,0,0,0,0,NORMAL,POSITIVE,0.0,1.0
2025-06-27,521496526.45766246,539581775.3370267,-0.03351716033787111,0.6066229490314788,0.1941599939764158,0.13864708276785917,0.06056982748034469,RISK_ON,0.1935238625032027,1.0,NORMAL,1.0,1.0,76.52643488986244,5744100,-532790.8198324953,False,1.0,0.0,439117.06245929,0.8012672556394267,ALERT,S2,-0.3193821580476727,16.32,302.0,49.0,4.29,929156.2521036435,609.738037109375,546.0623779296875,107088.4296875,0.4778783290693285,0.03,False,0.2,3,4,CAUTIOUS,0.85,CLEAR,215,ELEVATED,0.639,0,0,0,0,0,0,0,NORMAL,POSITIVE,0.0,1.0
2025-06-30,522836900.0376735,539581775.3370267,-0.031033063132820393,0.6073017261098673,0.19374706148607646,0.1385365916043693,0.060414547322240636,RISK_ON,0.19869676134252187,1.0,NORMAL,1.0,1.0,38.41672017659546,5744100,-532790.8198324953,False,1.0,0.0,439117.06245929,0.8010488464549673,ALERT,S2,-0.31935838483647216,16.73,296.0,49.0,4.24,929156.2521036435,612.6533813476562,549.5992431640625,107135.3359375,0.11401202376704388,0.03,False,0.2,3,4,CAUTIOUS,0.85,CLEAR,212,ELEVATED,0.643,0,0,0,0,0,0,0,NORMAL,POSITIVE,0.0,1.0
2025-07-01,511254934.07492155,539581775.3370267,-0.05249777245425313,0.6008548923929892,0.1954785156677878,0.1418832883064348,0.061783178085692045,RISK_ON,0.22783533537751044,1.0,NORMAL,1.0,1.0,64.18657236867882,5744100,-532790.8198324953,False,1.0,0.0,439117.06245929,0.7963335080381364,ALERT,S2,-0.318306933131986,16.83,291.0,48.0,4.26,929156.2521036435,612.455078125,544.9664306640625,105698.28125,0.197666695,0.03,False,0.2,3,4,CAUTIOUS,0.85,CLEAR,211,ELEVATED,0.642,0,0,0,0,0,0,0,NORMAL,POSITIVE,0.0,1.0
2025-07-02,518591458.46287525,539581775.3370267,-0.03890108568074002,0.6005101278075743,0.1984764021146056,0.14010428897317337,0.06090913015182424,RISK_ON,0.20699082678956532,1.0,NORMAL,1.0,1.0,26.42369853785279,5744100,-532790.8198324953,False,1.0,0.0,439117.06245929,0.7989865706328009,ALERT,S2,-0.31962636527548216,16.64,288.0,48.0,4.3,929156.2521036435,615.2315063476562,548.7623291015625,108859.3203125,0.17919094703526134,0.03,False,0.2,3,4,CAUTIOUS,0.85,CLEAR,210,ELEVATED,0.672,0,0,0,0,0,0,0,NORMAL,POSITIVE,0.0,1.0
2025-07-03,522754964.1996622,539581775.3370267,-0.031184913772994594,0.6024588947166531,0.19832208318405792,0.13879499177948212,0.06039818075307486,RISK_ON,0.205251360762207,1.0,NORMAL,1.0,1.0,13512.989331587465,6237500,-519284.9979912493,False,1.0,0.0,439117.06245929,0.8007809888802145,ALERT,S2,-0.31996292587980335,16.38,280.0,48.0,4.35,929156.2521036435,620.0803833007812,554.1622924804688,109647.9765625,0.22408794999999998,0.03,False,0.2,3,4,CAUTIOUS,0.85,CLEAR,209,ELEVATED,0.678,0,0,0,0,0,0,0,NORMAL,POSITIVE,0.0,1.0
2025-07-07,515380654.73500305,539581775.3370267,-0.044851627145686024,0.5993486626913253,0.19868650398041998,0.1406608907560798,0.061262386407446204,RISK_ON,0.19032784923983068,1.0,NORMAL,1.0,1.0,21417.243386221417,6237500,-519284.9979912493,False,1.0,0.0,439117.06245929,0.7980683313307869,ALERT,S2,-0.31924080644469965,17.79,286.0,48.0,4.4,929156.2521036435,615.4595336914062,549.9878540039062,108299.8515625,0.18237784499999998,0.03,False,0.2,3,4,CAUTIOUS,0.85,CLEAR,205,ELEVATED,0.741,0,0,0,0,0,0,0,NORMAL,POSITIVE,0.0,1.0
2025-07-08,519222948.34925187,539581775.3370267,-0.03773075355456279,0.601274776905326,0.19840063840302943,0.13948405821479787,0.060809039580547786,RISK_ON,0.19295196283998187,1.0,NORMAL,1.0,1.0,16348.719130716028,6237500,-519284.9979912493,False,1.0,0.0,439117.06245929,0.7997005953980731,ALERT,S2,-0.3196780118542042,16.81,292.0,48.0,4.42,929156.2521036435,615.1224365234375,550.2966918945312,108950.2734375,0.22804510500000003,0.03,False,0.2,3,4,CAUTIOUS,0.85,CLEAR,204,ELEVATED,0.744,0,0,0,0,0,0,0,NORMAL,POSITIVE,0.0,1.0
2025-07-09,525950975.5158821,539581775.3370267,-0.02526178689528713,0.6019575565154459,0.20013457510183785,0.13785771034337402,0.06003116314468164,RISK_ON,0.1945953474074727,1.0,NORMAL,1.0,1.0,9990.383376600808,6237500,-519284.9979912493,False,1.0,0.0,439117.06245929,0.8021073675622372,ALERT,S2,-0.3206965387566965,15.94,294.0,48.0,4.34,929156.2521036435,618.8110961914062,554.1921997070312,111326.5546875,0.3063125,0.03,False,0.2,3,4,CAUTIOUS,0.85,CLEAR,203,ELEVATED,0.74,0,0,0,0,0,0,0,NORMAL,POSITIVE,0.0,1.0
2025-07-10,531588819.08482474,539581775.3370267,-0.01481324354813418,0.5979126206840316,0.20630172432984628,0.13637295325572768,0.05939449379626672,RISK_ON,0.19707872993465236,1.0,NORMAL,1.0,1.0,9679.134200918283,6237500,-519284.9979912493,False,1.0,0.0,439117.06245929,0.8042289883623216,ALERT,S2,-0.32248208812009055,15.78,292.0,48.0,4.35,929156.2521036435,620.5563354492188,553.3952026367188,115987.203125,0.24571532137484114,0.03,False,0.2,3,4,CAUTIOUS,0.85,CLEAR,202,ELEVATED,0.723,0,0,0,0,0,0,0,NORMAL,POSITIVE,0.0,1.0
2025-07-11,534668995.40428865,539581775.3370267,-0.009104792187744848,0.5972921142256123,0.20781853843593698,0.13581432280938985,0.0590523278676823,RISK_ON,0.20742738593366034,1.0,NORMAL,1.0,1.0,12135.201138308948,6237500,-519284.9979912493,False,1.0,0.0,439117.06245929,0.8051289264001578,ALERT,S2,-0.32301031875696634,16.4,297.0,48.0,4.43,929156.2521036435,618.3748168945312,552.1497802734375,117516.9921875,0.24265076338793676,0.03,False,0.2,3,4,CAUTIOUS,0.85,CLEAR,201,ELEVATED,0.72,0,0,0,0,0,0,0,NORMAL,POSITIVE,0.0,1.0
2025-07-14,535918572.88713634,539581775.3370267,-0.006788966227783244,0.5942505892697413,0.21144955425232936,0.13536238828854277,0.05891463818319224,RISK_ON,0.21678385624372828,1.0,NORMAL,1.0,1.0,12235.02433874306,6237500,-519284.9979912493,False,1.0,0.0,439117.06245929,0.805718538081286,ALERT,S2,-0.32388099205712384,17.2,295.0,48.0,4.43,929156.2521036435,619.5547485351562,554.1524047851562,119849.703125,0.2623125,0.03,False,0.2,3,4,CAUTIOUS,0.85,CLEAR,198,ELEVATED,0.702,0,0,0,0,0,0,0,NORMAL,POSITIVE,0.45,1.0
2025-07-15,538771842.5643957,539581775.3370267,-0.0015010380440020343,0.6002981471679846,0.20669259054846817,0.13438423032391703,0.05860263347657152,RISK_ON,0.22672440635019628,1.0,NORMAL,1.0,1.0,12067.67198830696,6237500,-519284.9979912493,False,1.0,0.0,439117.06245929,0.80700881348969,ALERT,S2,-0.3233676633466303,17.38,295.0,48.0,4.5,929156.2521036435,616.9072875976562,554.660400390625,117777.1875,0.2346028773762369,0.03,False,0.2,3,4,CAUTIOUS,0.85,CLEAR,197,ELEVATED,0.669,0,0,0,0,0,0,0,NORMAL,POSITIVE,0.45,1.0
2025-07-16,541799660.7135868,541789033.3567553,1.9615304440057102e-05,0.6005623241885679,0.207215137220854,0.13392778784722853,0.058275135823662214,RISK_ON,0.22846311382991547,1.0,NORMAL,1.0,1.0,10627.356831542567,6237500,-519284.9979912493,False,1.0,0.0,439117.06245929,0.8077933062102471,ALERT,S2,-0.32367567058866187,17.16,300.0,48.0,4.46,929156.2521036435,618.9697265625,555.2283325195312,118738.5078125,0.2343125,0.03,False,0.2,3,4,CAUTIOUS,0.85,CLEAR,196,ELEVATED,0.663,0,0,0,0,0,0,0,NORMAL,POSITIVE,0.45,1.0
2025-07-17,547809267.0108069,547806140.689476,5.706984823161676e-06,0.6040443327784567,0.19999885860954933,0.13242058026999867,0.06352462671118744,RISK_ON,0.23917138998145354,1.0,NORMAL,1.0,1.0,6355.480868947616,6237500,-519284.9979912493,False,1.0,0.0,439117.06245929,0.8099424922453187,ALERT,S2,-0.3209310180853872,16.52,291.0,48.0,4.47,932385.4116416739,622.7576293945312,559.7216186523438,119289.84375,0.2793125,0.03,False,0.2,3,4,CAUTIOUS,0.85,CLEAR,195,ELEVATED,0.681,0,0,0,0,0,0,0,NORMAL,POSITIVE,0.0,1.0
2025-07-18,547804236.4897504,547806140.689476,-3.476046696482271e-06,0.6060289675387519,0.19784355991941133,0.13259114985895432,0.06352521006186454,RISK_ON,0.2376178252055638,1.0,NORMAL,1.0,1.0,6087.5408721071,6237500,-519284.9979912493,False,1.0,0.0,439117.06245929,0.803881460688179,ALERT,S2,-0.3204617621789343,16.41,293.0,48.0,4.44,932385.4116416739,622.301513671875,559.1836547851562,118003.2265625,0.2855972739751905,0.03,False,0.2,3,4,CAUTIOUS,0.85,CLEAR,194,ELEVATED,0.682,0,0,0,0,0,0,0,NORMAL,POSITIVE,0.0,1.0
2025-07-21,550139236.5688691,550134490.5555512,8.627005576578028e-06,0.6082087603953401,0.1960627725327073,0.13246425522228256,0.06325558491851792,RISK_ON,0.2530383754642619,1.0,NORMAL,1.0,1.0,4746.013317933118,6237500,-519284.9979912493,False,1.0,0.0,439117.06245929,0.804278471383047,ALERT,S2,-0.3202056380387635,16.65,289.0,48.0,4.38,932385.4116416739,623.4815063476562,562.0828857421875,117439.5390625,0.29186319066186917,0.03,False,0.2,3,4,CAUTIOUS,0.85,CLEAR,191,ELEVATED,0.632,0,0,0,0,0,0,0,NORMAL,POSITIVE,0.0,1.0
2025-07-22,546146624.7741257,550134490.5555512,-0.007248892497902393,0.6007720379093049,0.20179426378208767,0.1337060550329087,0.06371801567057743,RISK_ON,0.2430979181709096,1.0,NORMAL,1.0,1.0,5258.084041618805,6237500,-519284.9979912493,False,1.0,0.0,439117.06245929,0.80257402855722,ALERT,S2,-0.32077625744330457,16.5,290.0,48.0,4.35,932385.4116416739,623.5707397460938,559.1737060546875,119995.4140625,0.2793125,0.03,False,0.2,3,4,CAUTIOUS,0.85,CLEAR,190,NORMAL,0.561,0,0,0,0,0,0,0,NORMAL,POSITIVE,0.0,1.0
2025-07-23,551819835.969935,551817187.2805549,4.799939982369494e-06,0.6070484653747108,0.19765503209642282,0.13222876625585023,0.0630629363560731,RISK_ON,0.2364591716974045,1.0,NORMAL,1.0,1.0,2648.6893801281,6237500,-519284.9979912493,False,1.0,0.0,439117.06245929,0.8047073599996252,ALERT,S2,-0.32062866680457747,15.37,283.0,48.0,4.4,932385.4116416739,628.8757934570312,561.7242431640625,118754.9609375,0.2793125,0.03,False,0.2,3,4,CAUTIOUS,0.85,CLEAR,189,NORMAL,0.48,0,0,0,0,0,0,0,NORMAL,POSITIVE,0.0,1.0
2025-07-24,552598855.8921372,552596568.8822873,4.138660966601648e-06,0.6084222110995074,0.19673324270108342,0.13186637345336646,0.06297403410220465,RISK_ON,0.22647963818594913,1.0,NORMAL,1.0,1.0,2287.0098498719126,6237500,-519284.9979912493,False,1.0,0.0,439117.06245929,0.8051587860660395,ALERT,S2,-0.3205984516007011,15.39,282.0,48.0,4.43,932385.4116416739,629.083984375,562.9197387695312,118368.0,0.2793125,0.03,False,0.2,3,4,CAUTIOUS,0.85,CLEAR,188,NORMAL,0.482,0,0,0,0,0,0,0,NORMAL,POSITIVE,0.0,1.0
2025-07-25,556535429.5906825,556533895.3005315,2.7568673965916446e-06,0.6125821914669567,0.19413347165859232,0.130752983728548,0.06252859628610664,RISK_ON,0.21073469689747715,1.0,NORMAL,1.0,1.0,1534.2901509809546,6237500,-519284.9979912493,False,1.0,0.0,439117.06245929,0.806717887133659,ALERT,S2,-0.3205756483146786,14.93,284.0,48.0,4.4,932385.4116416739,631.741455078125,564.2747192382812,117635.8828125,0.2343125,0.03,False,0.2,3,4,CAUTIOUS,0.85,CLEAR,187,NORMAL,0.476,0,0,0,0,0,0,0,NORMAL,POSITIVE,0.0,1.0
2025-07-28,562999027.4272072,562997912.6555952,1.98006349050317e-06,0.6168386251760967,0.1923754880938895,0.12897317965228747,0.06181072701815651,RISK_ON,0.23132795483910568,1.0,NORMAL,1.0,1.0,1114.7716120367136,6237500,-519284.9979912493,False,1.0,0.0,439117.06245929,0.8092157155653077,ALERT,S2,-0.32098814155468014,15.03,282.0,48.0,4.42,932385.4116416739,631.5828247070312,566.0382690429688,117924.4765625,0.2343125,0.03,False,0.2,3,4,CAUTIOUS,0.85,CLEAR,184,NORMAL,0.461,0,0,0,0,0,0,0,NORMAL,POSITIVE,0.0,1.0
2025-07-29,562367267.6584156,562997912.6555952,-0.001120155124918587,0.6164147353149065,0.19258779923762245,0.1291141035995739,0.061880164791041886,RISK_ON,0.2446918676436493,1.0,NORMAL,1.0,1.0,1797.92012826081,6237500,-519284.9979912493,False,1.0,0.0,439117.06245929,0.809005120987897,ALERT,S2,-0.3209654836848221,15.98,286.0,48.0,4.34,932385.4116416739,629.9168701171875,565.1614990234375,117922.1484375,0.2343125,0.03,False,0.2,3,4,CAUTIOUS,0.85,CLEAR,183,NORMAL,0.471,0,0,0,0,0,0,0,NORMAL,POSITIVE,0.0,1.0
2025-07-30,569757206.4612496,569755980.0531386,2.1525146798317962e-06,0.6220767419441116,0.18994324344572358,0.12690030344679482,0.0610775586533235,RISK_ON,0.26589075735928475,1.0,NORMAL,1.0,1.0,1226.408110967936,6237500,-519284.9979912493,False,1.0,0.0,439117.06245929,0.812021733274774,ALERT,S2,-0.32138109559004074,15.48,289.0,48.0,4.38,932385.4116416739,629.1236572265625,565.9186401367188,117831.1875,0.24527304000000003,0.03,False,0.2,3,4,CAUTIOUS,0.85,CLEAR,182,NORMAL,0.469,0,0,0,0,0,0,0,NORMAL,POSITIVE,0.0,1.0
2025-07-31,561797625.3792137,569755980.0531386,-0.013968005519104265,0.6200463717815194,0.1892453859895156,0.1287607035793584,0.06194290901870779,RISK_ON,0.2781019284033305,1.0,NORMAL,1.0,1.0,2600.9156452478255,6237500,-519284.9979912493,False,1.0,0.0,439117.06245929,0.8092955045105089,ALERT,S2,-0.3204437143892485,16.72,286.0,48.0,4.37,932385.4116416739,626.7637329101562,562.9197387695312,115758.203125,0.5640000000000001,0.03,False,0.2,3,4,CAUTIOUS,0.85,CLEAR,181,NORMAL,0.466,0,0,0,0,0,0,0,NORMAL,POSITIVE,0.0,1.0
2025-08-01,548839130.7833731,569755980.0531386,-0.036711943361813715,0.6152375975454268,0.18963358241696388,0.13169577303140154,0.06340542655207658,RISK_ON,0.28145374405010776,1.0,NORMAL,1.0,1.0,15159.186037186157,6237500,-519284.9979912493,False,1.0,0.0,439117.06245929,0.8048934114839431,ALERT,S2,-0.31917360775954484,20.38,313.0,48.7,4.23,932385.4116416739,616.49072265625,551.8309936523438,113320.0859375,0.28628256,0.03,False,0.2,3,4,CAUTIOUS,0.85,CLEAR,180,NORMAL,0.537,0,0,0,0,0,0,0,NORMAL,POSITIVE,0.45,1.0
2025-08-04,560412325.4894092,569755980.0531386,-0.016399397094275292,0.6190607576254962,0.1885883943081945,0.13024964948253215,0.06209602753722511,RISK_ON,0.25998360011924915,1.0,NORMAL,1.0,1.0,2897.9182234363243,6237500,-519284.9979912493,False,1.0,0.0,439117.06245929,0.8076533283466494,ALERT,S2,-0.3200079656476368,17.52,302.0,48.7,4.22,932385.4116416739,625.8612670898438,562.0131225585938,115071.8828125,0.327643785,0.03,False,0.2,3,4,CAUTIOUS,0.85,CLEAR,177,NORMAL,0.529,0,0,0,0,0,0,0,NORMAL,POSITIVE,0.45,1.0
2025-08-05,557484510.947897,569755980.0531386,-0.021538113744935417,0.6185528153301721,0.18804594990344398,0.13097173599254489,0.062422145391305944,RISK_ON,0.25796868807420836,1.0,NORMAL,1.0,1.0,4099.396865290683,6237500,-519284.9979912493,False,1.0,0.0,439117.06245929,0.8066046965065025,ALERT,S2,-0.31961174678965065,17.85,298.0,48.7,4.22,932385.4116416739,622.6881713867188,558.1973266601562,114141.4453125,0.267758355,0.03,False,0.2,3,4,CAUTIOUS,0.85,CLEAR,176,NORMAL,0.53,0,0,0,0,0,0,0,NORMAL,POSITIVE,0.45,1.0
2025-08-06,571460160.9372656,571458786.2368702,2.4055984937376707e-06,0.6262522229122192,0.18487195409510662,0.12797787021306375,0.06089554718690348,RISK_ON,0.25551109554768914,1.0,NORMAL,1.0,1.0,1374.7003954911797,6237500,-519284.9979912493,False,1.0,0.0,439117.06245929,0.8111261282464244,ALERT,S2,-0.32037603470225956,16.77,298.0,48.7,4.22,932385.4116416739,627.457763671875,565.2212524414062,115028.0,0.26507560500000005,0.03,False,0.2,3,4,CAUTIOUS,0.85,CLEAR,175,NORMAL,0.533,0,0,0,0,0,0,0,NORMAL,POSITIVE,0.0,1.0
2025-08-07,577590684.5365366,577589733.3842907,1.6467609982306897e-06,0.6257670612242865,0.18683560582523095,0.1271464818205674,0.06024920437162871,RISK_ON,0.25114170249938905,1.0,NORMAL,1.0,1.0,951.1522458306221,6237500,-519284.9979912493,False,1.0,0.0,439117.06245929,0.8126040052118966,ALERT,S2,-0.3212184429834325,16.57,295.0,48.7,4.23,932385.4116416739,626.9321899414062,567.1340942382812,117496.8984375,0.22253397000000003,0.03,False,0.2,3,4,CAUTIOUS,0.85,CLEAR,174,NORMAL,0.54,0,0,0,0,0,0,0,NORMAL,POSITIVE,0.45,1.0
2025-08-08,583312160.6295031,583311954.3921293,3.5356274175057933e-07,0.6307281111916776,0.18373051484655192,0.125882776418374,0.059658243980779804,RISK_ON,0.24254097700282906,1.0,NORMAL,1.0,1.0,206.237373857443,6237500,-519284.9979912493,False,1.0,0.0,439117.06245929,0.8144589140004543,ALERT,S2,-0.3211558581704904,15.15,294.0,48.7,4.27,932385.4116416739,631.8207397460938,572.4244995117188,116688.7265625,0.271781595,0.03,False,0.2,3,4,CAUTIOUS,0.85,CLEAR,173,NORMAL,0.535,0,0,0,0,0,0,0,NORMAL,POSITIVE,0.0,1.0
2025-08-11,586335212.3013588,585745844.8781487,0.0010061828493768132,0.6284973396663717,0.18598297915715925,0.12516385420830772,0.0603552308990044,RISK_ON,0.2398683033365589,1.0,NORMAL,1.0,1.0,349.4963355906655,6237500,-519284.9979912493,False,1.0,0.0,1028134.9893338594,0.8152998349514862,ALERT,S2,-0.32162171170855564,16.25,294.0,48.7,4.27,932385.4116416739,630.5713500976562,570.730712890625,118731.4453125,0.24098074830733612,0.03,False,0.2,3,4,CAUTIOUS,0.85,CLEAR,170,NORMAL,0.531,0,0,0,0,0,0,0,NORMAL,POSITIVE,0.45,1.0
2025-08-12,595865624.3525136,595865585.8361121,6.463941248924243e-08,0.6320064902871155,0.18523013992630333,0.12337340971375287,0.05938989543341996,RISK_ON,0.23958443180377864,1.0,NORMAL,1.0,1.0,38.516401448032006,6237500,-519284.9979912493,False,1.0,0.0,1028134.9893338594,0.8172366830391146,ALERT,S2,-0.3222356393335533,14.73,293.0,48.7,4.29,932385.4116416739,637.2844848632812,577.9041137695312,120172.90625,0.2594803352268528,0.03,False,0.2,3,4,CAUTIOUS,0.85,CLEAR,169,NORMAL,0.538,0,0,0,0,0,0,0,NORMAL,POSITIVE,0.0,1.0
2025-08-13,597231503.896716,597231479.6789238,4.055009328318704e-08,0.6276484685070105,0.18968324114836166,0.12341418015526079,0.059254069639275556,RISK_ON,0.23559727325514573,1.0,NORMAL,1.0,1.0,24.217792191280964,6237500,-519284.9979912493,False,1.0,0.0,1028134.9893338594,0.8173317427982492,ALERT,S2,-0.3231036968857194,14.49,290.0,48.7,4.24,932385.4116416739,639.4659423828125,578.193115234375,123344.0625,0.2793125,0.03,False,0.2,3,4,CAUTIOUS,0.85,CLEAR,168,NORMAL,0.475,0,0,0,0,0,0,0,NORMAL,POSITIVE,0.0,1.0
2025-08-14,589447176.6676803,597231479.6789238,-0.013033979748402591,0.6306980491013298,0.18442166508178767,0.12484364822200461,0.060036587710414334,RISK_ON,0.23539760876174898,1.0,NORMAL,1.0,1.0,29.40425626354673,6237500,-519284.9979912493,False,1.0,0.0,1028134.9893338594,0.8151197548449292,ALERT,S2,-0.32149127316129905,14.83,289.0,48.7,4.29,932385.4116416739,639.525390625,577.7447509765625,118359.578125,0.2176594739338994,0.03,False,0.2,3,4,CAUTIOUS,0.85,CLEAR,167,NORMAL,0.524,0,0,0,0,0,0,0,NORMAL,POSITIVE,0.0,1.0
2025-08-15,582567123.8568197,597231479.6789238,-0.02455388960740612,0.6280178908788302,0.20000147650372294,0.1261596348183299,0.04582092170133006,RISK_ON,0.24251487268692157,1.0,NORMAL,1.0,1.0,44.332068939968714,6237500,-519284.9979912493,False,1.0,0.0,1028134.9893338594,0.8130961318822213,ALERT,S2,-0.32891440763720964,15.09,288.0,48.7,4.33,936730.5563466478,638.0281372070312,575.2042236328125,117398.3515625,0.2732639142119868,0.03,False,0.2,3,4,CAUTIOUS,0.85,CLEAR,166,NORMAL,0.532,0,0,0,0,0,0,0,NORMAL,POSITIVE,0.0,1.0
2025-08-18,583159988.8703426,597231479.6789238,-0.023561200786244796,0.6305562059659149,0.1978477232737928,0.125821695110979,0.04575818738058374,RISK_ON,0.2351010179166117,1.0,NORMAL,1.0,1.0,9440.35061215421,6979500,-509866.47356712935,False,1.0,0.0,1028134.9893338594,0.8284039602447508,ALERT,S2,-0.3283136553493208,14.99,288.0,48.7,4.34,936730.5563466478,637.8892822265625,574.9750366210938,116252.3125,0.2638281232653787,0.03,False,0.2,3,4,CAUTIOUS,0.85,CLEAR,163,NORMAL,0.515,0,0,0,0,0,0,0,NORMAL,POSITIVE,0.0,1.0
2025-08-19,562250780.458148,597231479.6789238,-0.05857142567163698,0.6241781456341238,0.19916647512868393,0.12916485426397345,0.04745986127728382,RISK_ON,0.24569038565672563,1.0,NORMAL,1.0,1.0,17240.6869712423,6979500,-509866.47356712935,False,1.0,0.0,1028134.9893338594,0.823369868326092,ALERT,S2,-0.32684377239757795,15.57,290.0,48.7,4.3,936730.5563466478,634.4286499023438,567.1740112304688,112831.1796875,0.263822095,0.03,False,0.2,3,4,CAUTIOUS,0.85,CLEAR,162,NORMAL,0.584,0,0,0,0,0,0,0,NORMAL,POSITIVE,0.0,1.0
2025-08-20,560037929.6008545,597231479.6789238,-0.06227660688292058,0.6198577132036343,0.2025116369100418,0.12994601344492554,0.04764738713787922,RISK_ON,0.2480034641493944,1.0,NORMAL,1.0,1.0,20861.022822012364,6979500,-509866.47356712935,False,1.0,0.0,1028134.9893338594,0.822399983940292,ALERT,S2,-0.32722574877866467,15.69,294.0,48.7,4.29,936730.5563466478,632.742919921875,563.8065185546875,114274.7421875,0.17455598850037435,0.03,False,0.2,3,4,CAUTIOUS,0.85,CLEAR,161,NORMAL,0.553,0,0,0,0,0,0,0,NORMAL,POSITIVE,0.0,1.0
2025-08-21,558128147.2806586,597231479.6789238,-0.06547433236320277,0.6217264689833508,0.1999047384839818,0.13050683586587222,0.04781042521077128,RISK_ON,0.25724592656548173,1.0,NORMAL,1.0,1.0,28761.156077314474,6979500,-509866.47356712935,False,1.0,0.0,1028134.9893338594,0.8216735495017148,ALERT,S2,-0.32657204455637756,16.6,295.0,48.7,4.33,936730.5563466478,630.2044677734375,561.1962280273438,112419.03125,0.21316039082703914,0.03,False,0.2,3,4,CAUTIOUS,0.85,CLEAR,160,NORMAL,0.561,0,0,0,0,0,0,0,NORMAL,POSITIVE,0.0,1.0
2025-08-22,569985313.7286063,597231479.6789238,-0.045620780011404016,0.6208481873650649,0.20350343156210934,0.12881697631466654,0.04681584490138949,RISK_ON,0.26115915824331476,1.0,NORMAL,1.0,1.0,8868.889842477716,6979500,-509866.47356712935,False,1.0,0.0,1028134.9893338594,0.8243644459198787,ALERT,S2,-0.3280582974687496,14.22,288.0,48.7,4.26,936730.5563466478,639.8824462890625,569.85400390625,116874.0859375,0.3063125,0.03,False,0.2,3,4,CAUTIOUS,0.85,CLEAR,159,ELEVATED,0.604,0,0,0,0,0,0,0,NORMAL,POSITIVE,0.0,1.0
2025-08-25,561713557.525098,597231479.6789238,-0.05947094780221662,0.6273971116738395,0.19457437019986557,0.13050384730399828,0.04750525189592915,RISK_ON,0.26885310529521167,1.0,NORMAL,1.0,1.0,10907.874213248582,6979500,-509866.47356712935,False,1.0,0.0,1028134.9893338594,0.8219874439873549,ALERT,S2,-0.3256947007802695,14.79,280.0,48.7,4.28,936730.5563466478,637.0662231445312,568.210205078125,110124.3515625,0.21872245,0.03,False,0.2,3,4,CAUTIOUS,0.85,CLEAR,156,ELEVATED,0.632,0,0,0,0,0,0,0,NORMAL,POSITIVE,0.0,1.0
2025-08-26,569059711.4487042,597231479.6789238,-0.04717060166581466,0.6290053366218299,0.19498960424283152,0.12909796967058565,0.04689199306634384,RISK_ON,0.27428247377943504,1.0,NORMAL,1.0,1.0,8590.752122602247,6979500,-509866.47356712935,False,1.0,0.0,1028134.9893338594,0.824007380408368,ALERT,S2,-0.3264075094333199,14.62,278.0,48.7,4.26,936730.5563466478,639.733642578125,570.4915771484375,111802.65625,0.24281233000000002,0.03,False,0.2,3,4,CAUTIOUS,0.85,CLEAR,155,ELEVATED,0.654,0,0,0,0,0,0,0,NORMAL,POSITIVE,0.0,1.0
2025-08-27,568637340.1416534,597231479.6789238,-0.0478778170779659,0.6294092832744278,0.19412110063236507,0.1295278790042105,0.04692682340723689,RISK_ON,0.26655550887845203,1.0,NORMAL,1.0,1.0,8480.476327712999,6979500,-509866.47356712935,False,1.0,0.0,1028134.9893338594,0.8235426659600286,ALERT,S2,-0.3261998545440936,14.85,278.0,48.7,4.24,936730.5563466478,641.1912841796875,571.368408203125,111222.0625,0.26967049,0.03,False,0.2,3,4,CAUTIOUS,0.85,CLEAR,154,ELEVATED,0.654,0,0,0,0,0,0,0,NORMAL,POSITIVE,0.0,1.0
2025-08-28,576655342.4420501,597231479.6789238,-0.03445253295746509,0.6316901248936733,0.19369852215722627,0.128327562638011,0.04627433768424656,RISK_ON,0.2616459678574174,1.0,NORMAL,1.0,1.0,5450.907769134986,6979500,-509866.47356712935,False,1.0,0.0,1028134.9893338594,0.8253964492155313,ALERT,S2,-0.3267279093184719,14.43,275.0,48.7,4.22,936730.5563466478,643.4619750976562,574.9451293945312,112544.8046875,0.28186752000000004,0.03,False,0.2,3,4,CAUTIOUS,0.85,CLEAR,153,ELEVATED,0.659,0,0,0,0,0,0,0,NORMAL,POSITIVE,0.0,1.0
2025-08-29,558037396.3300556,597231479.6789238,-0.0656262850878847,0.6266722358287041,0.1928086726373282,0.13268040990077928,0.047818200391368755,RISK_ON,0.27712167818057126,1.0,NORMAL,1.0,1.0,11429.29885861423,6979500,-509866.47356712935,False,1.0,0.0,1028134.9893338594,0.8194976927964492,ALERT,S2,-0.3248963279005641,15.36,282.0,48.7,4.23,936730.5563466478,639.6245727539062,568.2898559570312,108410.8359375,0.33075577500000003,0.03,False,0.2,3,4,CAUTIOUS,0.85,CLEAR,152,ELEVATED,0.698,0,0,0,0,0,0,0,NORMAL,POSITIVE,0.45,1.0
2025-09-02,557051981.8538659,597231479.6789238,-0.06727625584414743,0.6205955206290181,0.1981200948753846,0.1333430475218997,0.047902789888266656,RISK_ON,0.3076911352658256,1.0,NORMAL,1.0,1.0,21472.730333906038,6979500,-509866.47356712935,False,1.0,0.0,1028134.9893338594,0.8187471758217354,ALERT,S2,-0.32560682952126324,17.17,292.0,49.1,4.28,936730.5563466478,634.884765625,563.527587890625,111200.5859375,0.21819799011795563,0.03,False,0.2,3,4,CAUTIOUS,0.85,CLEAR,148,ELEVATED,0.673,0,0,0,0,0,0,0,NORMAL,POSITIVE,0.45,1.0
2025-09-03,558400382.9880991,597231479.6789238,-0.06501850289556177,0.5752443543516363,0.19857056738012627,0.133396189714459,0.09276533065004103,WATCH,0.31428041709969234,1.0,NORMAL,1.0,1.0,13154.742469291492,6979500,-509866.47356712935,False,1.0,0.0,1028134.9893338594,0.8188255067943073,ALERT,S2,-0.31042133913963704,16.35,288.0,49.1,4.22,977047.3759641054,638.3255615234375,567.9610595703125,111723.2109375,0.22816450925535137,0.03,False,0.2,3,4,CAUTIOUS,0.85,CLEAR,147,ELEVATED,0.71,0,0,0,0,0,0,0,NORMAL,POSITIVE,0.45,1.0
2025-09-04,563583432.7220851,597231479.6789238,-0.056340042515723,0.5807930141035755,0.1949840833924906,0.13229919424825715,0.0919122052839767,WATCH,0.30724112525539493,1.0,NORMAL,1.0,1.0,6482.884277204887,6979500,-509866.47356712935,False,1.0,0.0,1028134.9893338594,0.7757860213407148,ALERT,S2,-0.31029528365723597,15.3,284.0,49.1,4.17,977047.3759641054,643.6602783203125,573.1019287109375,110723.6015625,0.26689803677998647,0.03,False,0.2,3,4,CAUTIOUS,0.85,CLEAR,146,ELEVATED,0.714,0,0,0,0,0,0,0,NORMAL,POSITIVE,0.0,1.0
2025-09-05,566858276.5731376,597231479.6789238,-0.050856668041200814,0.5829164672220534,0.19373048474056315,0.13196197234670928,0.09138121167807833,WATCH,0.3212809067831704,1.0,NORMAL,1.0,1.0,5591.497180246014,6979500,-509866.47356712935,False,1.0,0.0,1028134.9893338594,0.7766546128935007,ALERT,S2,-0.3103052278624479,15.18,283.0,49.1,4.1,977047.3759641054,641.796142578125,573.9288940429688,110650.984375,0.17425478503094055,0.03,False,0.2,3,4,CAUTIOUS,0.85,CLEAR,145,ELEVATED,0.714,0,0,0,0,0,0,0,NORMAL,POSITIVE,0.0,1.0
2025-09-08,573463998.9831705,597231479.6789238,-0.03979609498905001,0.584704003853727,0.193957210158037,0.13100357586155195,0.09032859299772843,WATCH,0.32550240484438314,1.0,NORMAL,1.0,1.0,3794.6852326820554,6979500,-509866.47356712935,False,1.0,0.0,1028134.9893338594,0.7786663665475247,ALERT,S2,-0.31090950814189133,15.11,284.0,49.1,4.05,977047.3759641054,643.3727416992188,576.728515625,112071.4296875,0.19307589624225086,0.03,False,0.2,3,4,CAUTIOUS,0.85,CLEAR,142,ELEVATED,0.724,0,0,0,0,0,0,0,NORMAL,POSITIVE,0.0,1.0
2025-09-09,576516673.462182,597231479.6789238,-0.03468471927815697,0.5879049092773586,0.19199907437540853,0.13024041162076913,0.0898503001689829,WATCH,0.31408331665324546,1.0,NORMAL,1.0,1.0,3058.16583294198,6979500,-509866.47356712935,False,1.0,0.0,1028134.9893338594,0.7799081207202233,ALERT,S2,-0.3108834704405527,15.04,287.0,49.1,4.08,977047.3759641054,644.8601684570312,578.3624267578125,111530.546875,0.245587305,0.03,False,0.2,3,4,CAUTIOUS,0.85,CLEAR,141,ELEVATED,0.723,0,0,0,0,0,0,0,NORMAL,POSITIVE,0.45,1.0
2025-09-10,595094510.5393876,597231479.6789238,-0.0035781254207918334,0.5964299765210253,0.1900491739504184,0.12647005811531684,0.08704532682724529,WATCH,0.298698354199502,1.0,NORMAL,1.0,1.0,3251.945127531536,6979500,-509866.47356712935,False,1.0,0.0,1028134.9893338594,0.7864834482778797,ALERT,S2,-0.3124658778241024,15.35,284.0,49.1,4.04,977047.3759641054,646.724365234375,578.5517578125,113955.359375,0.24571761,0.03,False,0.2,3,4,CAUTIOUS,0.85,CLEAR,140,ELEVATED,0.733,0,0,0,0,0,0,0,NORMAL,POSITIVE,0.45,1.0
2025-09-11,599245393.2430373,599243688.7867482,2.844345833086237e-06,0.5963643480596533,0.1913034500779676,0.1258869805834225,0.08644237694121386,WATCH,0.29548918355649756,1.0,NORMAL,1.0,1.0,1704.4562891885569,6979500,-509866.47356712935,False,1.0,0.0,1028134.9893338594,0.7876700385372404,ALERT,S2,-0.31304386339070067,14.71,278.0,49.1,4.01,977047.3759641054,652.0988159179688,581.9192504882812,115507.5390625,0.20295579,0.03,False,0.2,3,4,CAUTIOUS,0.85,CLEAR,139,ELEVATED,0.74,0,0,0,0,0,0,0,NORMAL,POSITIVE,0.0,1.0
2025-09-12,602759076.1166222,602757784.9762168,2.1420551299389246e-06,0.597756006281118,0.19116639034756852,0.12513698570837278,0.08593847561239912,WATCH,0.2996452245080686,1.0,NORMAL,1.0,1.0,1291.14040539366,6979500,-509866.47356712935,False,1.0,0.0,1028134.9893338594,0.7889240865439533,ALERT,S2,-0.3133764770834292,14.76,279.0,49.1,4.06,977047.3759641054,651.880615234375,584.4896850585938,116101.578125,0.4709999999999999,0.03,False,0.2,3,4,CAUTIOUS,0.85,CLEAR,138,ELEVATED,0.733,0,0,0,0,0,0,0,NORMAL,POSITIVE,0.0,1.0
2025-09-15,607822287.447113,607821222.6628902,1.7518049437725836e-06,0.6014969961651552,0.1885016745277352,0.12477697670103542,0.08522260080419924,WATCH,0.3097797882765253,1.0,NORMAL,1.0,1.0,1064.7842227853946,6979500,-509866.47356712935,False,1.0,0.0,1028134.9893338594,0.7900000546164673,ALERT,S2,-0.31321262111354753,15.69,275.0,49.1,4.05,977047.3759641054,655.3511352539062,589.4910888671875,115444.875,0.20872632000000002,0.03,False,0.2,3,4,CAUTIOUS,0.85,CLEAR,135,ELEVATED,0.717,0,0,0,0,0,0,0,NORMAL,POSITIVE,0.45,1.0
2025-09-16,609410581.4252156,609409141.7104876,2.3624764209362326e-06,0.6002802608278955,0.19028764032177323,0.1244292494469269,0.08500048693256448,WATCH,0.30692519209039776,1.0,NORMAL,1.0,1.0,1439.714727943768,6979500,-509866.47356712935,False,1.0,0.0,1028134.9893338594,0.7905697688476943,ALERT,S2,-0.31372693754241,16.36,279.0,49.1,4.04,977047.3759641054,654.4488525390625,588.992919921875,116843.1875,0.209402055,0.03,False,0.2,3,4,CAUTIOUS,0.85,CLEAR,134,ELEVATED,0.709,0,0,0,0,0,0,0,NORMAL,POSITIVE,0.45,1.0
2025-09-17,608102222.851396,609409141.7104876,-0.0021445672039368535,0.600104024250204,0.19008554650090026,0.1246253090827027,0.08518336920412664,WATCH,0.30200447237831035,1.0,NORMAL,1.0,1.0,1064.7639246622402,6979500,-509866.47356712935,False,1.0,0.0,1028134.9893338594,0.7901909543454906,ALERT,S2,-0.31362216154425926,15.72,279.0,49.1,4.06,977047.3759641054,653.6357421875,587.8173217773438,116468.5078125,0.193734795,0.03,False,0.2,3,4,CAUTIOUS,0.85,CLEAR,133,ELEVATED,0.707,0,0,0,0,0,0,0,NORMAL,POSITIVE,0.0,1.0
2025-09-18,615240338.0807039,615239758.4430135,9.421330178227549e-07,0.6035151312901779,0.18895884400831056,0.12333002422097085,0.08419505834841033,WATCH,0.26009629574040294,1.0,NORMAL,1.0,1.0,579.6376903334503,6979500,-509866.47356712935,False,1.0,0.0,1028134.9893338594,0.7924747219143864,ALERT,S2,-0.31411397698210397,15.7,271.0,49.1,4.11,977047.3759641054,656.6898193359375,593.11767578125,117137.203125,0.4709999999999999,0.03,False,0.2,3,4,CAUTIOUS,0.85,CLEAR,132,ELEVATED,0.72,0,0,0,0,0,0,0,NORMAL,POSITIVE,0.0,1.0
2025-09-19,614255408.9356122,615239758.4430135,-0.0015999445645262789,0.6049512416334841,0.18692170127101665,0.12379651452550397,0.08433006109422862,WATCH,0.25590844285963577,1.0,NORMAL,1.0,1.0,295.7490938365898,6979500,-509866.47356712935,False,1.0,0.0,1028134.9893338594,0.7918733241723166,ALERT,S2,-0.31355191913232755,15.45,272.0,49.1,4.14,977047.3759641054,659.9423217773438,597.1326904296875,115688.859375,0.184797405,0.03,False,0.2,3,4,CAUTIOUS,0.85,CLEAR,131,ELEVATED,0.717,0,0,0,0,0,0,0,NORMAL,POSITIVE,0.0,1.0
2025-09-22,614381889.4270463,615239758.4430135,-0.0013943653741400608,0.5835119056852027,0.20000868728415575,0.12416753494020431,0.0923115153101148,RISK_ON,0.26268321537115,1.0,NORMAL,1.0,1.0,219.19936858014574,6979500,-509866.47356712935,False,1.0,0.0,1028134.9893338594,0.791528819920327,ALERT,S2,-0.313165129330172,16.1,269.0,49.1,4.15,1003953.1256005928,663.0645141601562,600.667724609375,112748.5078125,0.21013023,0.03,False,0.2,3,4,CAUTIOUS,0.85,CLEAR,128,ELEVATED,0.716,0,0,0,0,0,0,0,NORMAL,POSITIVE,0.45,1.0
2025-09-23,609470600.5335554,615239758.4430135,-0.009377088899550579,0.5803716710082695,0.20030783887773054,0.12524307325970327,0.09407674040863133,RISK_ON,0.2556643249062988,1.0,NORMAL,1.0,1.0,412.2737458804958,6979500,-509866.47356712935,False,1.0,0.0,1650619.2703197494,0.7814782031780659,ALERT,S2,-0.3123049094734906,16.64,271.0,49.1,4.12,1003953.1256005928,659.4551391601562,596.6779174804688,112014.5,0.20070227999999998,0.03,False,0.2,3,4,CAUTIOUS,0.85,CLEAR,127,ELEVATED,0.719,0,0,0,0,0,0,0,NORMAL,POSITIVE,0.45,1.0
2025-09-24,610906043.9523871,615239758.4430135,-0.007043944139100811,0.5791911265226123,0.20218162812327925,0.12477099778531403,0.09385568867862876,RISK_ON,0.24567098121439906,1.0,NORMAL,1.0,1.0,341.4293801418138,6979500,-509866.47356712935,False,1.0,0.0,1650619.2703197494,0.781373191347684,ALERT,S2,-0.31289555628557414,16.18,270.0,49.1,4.16,1003953.1256005928,657.3569946289062,594.583251953125,113328.6328125,0.4709999999999999,0.03,False,0.2,3,4,CAUTIOUS,0.85,CLEAR,126,ELEVATED,0.713,0,0,0,0,0,0,0,NORMAL,POSITIVE,0.45,1.0
2025-09-25,603407045.2752094,615239758.4430135,-0.019232686128330068,0.5818443557254492,0.19696493803901896,0.1261676927804599,0.09502210476667033,RISK_ON,0.24531343243239093,1.0,NORMAL,1.0,1.0,548.3089834028306,6979500,-509866.47356712935,False,1.0,0.0,1650619.2703197494,0.7788100014600835,ALERT,S2,-0.3110687229520127,16.74,276.0,49.1,4.18,1003953.1256005928,654.3242797851562,592.0198364257812,109049.2890625,0.18343833590931277,0.03,False,0.2,3,4,CAUTIOUS,0.85,CLEAR,125,ELEVATED,0.739,0,0,0,0,0,0,0,NORMAL,POSITIVE,0.45,1.0
2025-09-26,604285144.6305369,615239758.4430135,-0.0178054387125427,0.5810240711762666,0.19787546757034347,0.12621619963328348,0.09488402616308578,RISK_ON,0.23102719482985798,1.0,NORMAL,1.0,1.0,142.28317980051025,6979500,-509866.47356712935,False,1.0,0.0,1650619.2703197494,0.7788997221440181,ALERT,S2,-0.31126431021336604,15.29,275.0,49.1,4.2,1003953.1256005928,658.072998046875,594.4535522460938,109712.828125,0.4709999999999999,0.03,False,0.2,3,4,CAUTIOUS,0.85,CLEAR,124,ELEVATED,0.729,0,0,0,0,0,0,0,NORMAL,POSITIVE,0.45,1.0
2025-09-29,612608798.9930991,615239758.4430135,-0.004276315718887536,0.5779085065859704,0.20352638048501834,0.12497010803563371,0.09359481543087309,RISK_ON,0.2300208332116011,1.0,NORMAL,1.0,1.0,116.06639727940266,6979500,-509866.47356712935,False,1.0,0.0,1650619.2703197494,0.7814350351236276,ALERT,S2,-0.3130721829637638,16.12,274.0,49.1,4.15,1003953.1256005928,659.9224243164062,597.20654296875,114400.3828125,0.1837809433546891,0.03,False,0.2,3,4,CAUTIOUS,0.85,CLEAR,121,ELEVATED,0.732,0,0,0,0,0,0,0,NORMAL,POSITIVE,0.45,1.0
2025-09-30,617959093.9778969,617959004.6115764,1.4461528974329951e-07,0.5819822085087913,0.2011570221473119,0.12407615398963304,0.09278447073899483,RISK_ON,0.2683730937377699,1.0,NORMAL,1.0,1.0,89.36632047546465,6979500,-509866.47356712935,False,1.0,0.0,1650619.2703197494,0.7831393439100099,ALERT,S2,-0.31312033644830173,16.28,280.0,49.1,4.16,1003953.1256005928,662.4082641601562,598.8424072265625,114056.0859375,0.21013765,0.03,False,0.2,3,4,CAUTIOUS,0.85,CLEAR,120,ELEVATED,0.728,0,0,0,0,0,0,0,NORMAL,POSITIVE,0.45,1.0
2025-10-01,632091781.9007496,632091730.6234931,8.112312510633046e-08,0.5829112228090189,0.20457857197374174,0.12180018431184599,0.09070993978227507,RISK_ON,0.2557406110491487,1.0,NORMAL,1.0,1.0,51.27725647831338,6979500,-509866.47356712935,False,1.0,0.0,1650619.2703197494,0.7874898586663936,ALERT,S2,-0.31516175916506317,16.29,281.0,48.7,4.12,1003953.1256005928,664.6654663085938,601.7150268554688,118648.9296875,0.24582340629957378,0.03,False,0.2,3,4,CAUTIOUS,0.85,CLEAR,119,ELEVATED,0.75,0,0,0,0,0,0,0,NORMAL,POSITIVE,0.0,1.0
2025-10-02,636875101.1631612,636875061.5920839,6.213318681780322e-08,0.5822211028024558,0.2065199539208731,0.12123022816526674,0.09000106930701691,RISK_ON,0.2606058968476747,1.0,NORMAL,1.0,1.0,17606.92446597922,7616000,-492299.12017826666,False,1.0,0.0,1650619.2703197494,0.7887411057303243,ALERT,S2,-0.3158298979511271,16.63,281.0,48.7,4.1,1003953.1256005928,665.4309692382812,604.188720703125,120681.2578125,0.2887858112995738,0.03,False,0.2,3,4,CAUTIOUS,0.85,CLEAR,118,ELEVATED,0.77,0,0,0,0,0,0,0,NORMAL,POSITIVE,0.45,1.0
2025-10-03,634464263.5450422,636875061.5920839,-0.0037853547617567873,0.5775881526536932,0.21002785054938994,0.12201014157968677,0.0903430554140735,RISK_ON,0.24842158310205736,1.0,NORMAL,1.0,1.0,19541.374427107145,7616000,-492299.12017826666,False,1.0,0.0,1650619.2703197494,0.7876402623681222,ALERT,S2,-0.31614285141681203,16.65,280.0,48.7,4.13,1003953.1256005928,665.421142578125,601.645263671875,122266.53125,0.45,0.5,False,0.2,3,4,CAUTIOUS,0.85,CLEAR,117,ELEVATED,0.746,0,0,0,0,0,0,0,NORMAL,POSITIVE,0.45,1.0
2025-10-06,652114442.8392054,652224133.1879848,-0.0001681789176418702,0.5839014295101626,0.02000336414413096,0.11987089874128602,0.2762040201195365,RISK_ON,0.24150303584541957,1.0,NORMAL,1.0,1.0,13229.7619016773,7616000,-492299.12017826666,False,1.0,0.0,1650619.2703197494,0.7922662201983305,ALERT,S8,-0.24659426786271982,16.37,276.0,48.7,4.18,1126873.2362817752,667.8074951171875,606.1636962890625,124752.53125,0.55,0.64,True,0.02,3,4,CAUTIOUS,0.85,CLEAR,114,ELEVATED,0.724,0,0,0,0,0,0,0,NORMAL,POSITIVE,0.45,1.0
2025-10-07,647729996.0122683,652224133.1879848,-0.006890479740069955,0.5818344397090922,0.01960586230091676,0.1207113110350997,0.27781885332584527,WATCH,0.2510126095198234,1.0,NORMAL,1.0,1.0,19129.81742412653,7616000,-492299.12017826666,False,1.0,0.0,1650619.2703197494,0.6012158053726627,ALERT,S8,-0.24568259500753176,17.24,282.0,48.7,4.14,1147214.0091217011,665.3316040039062,602.9718627929688,121451.3828125,0.56,0.65,True,0.02,3,4,CAUTIOUS,0.85,CLEAR,113,ELEVATED,0.714,0,0,0,0,0,0,0,NORMAL,POSITIVE,0.45,1.0
2025-10-08,664690934.5090272,664681018.6045425,1.4918290438981074e-05,0.5913635633017836,0.019405017022089494,0.11848676028898503,0.27072974131925487,WATCH,0.24384133636743924,1.0,NORMAL,1.0,1.0,9915.90448478597,7616000,-492299.12017826666,False,1.0,0.0,1650619.2703197494,0.6107776919469453,ALERT,S8,-0.24922843704415626,16.3,284.0,48.7,4.13,1147214.0091217011,669.2990112304688,609.8842163085938,123354.8671875,0.58,0.67,True,0.02,3,4,CAUTIOUS,0.85,CLEAR,112,ELEVATED,0.707,0,0,0,0,0,0,0,NORMAL,POSITIVE,0.0,1.0
2025-10-09,664813228.2345926,664802821.3416061,1.565410472448292e-05,0.5925215058567282,0.019142045882582275,0.11764085436019321,0.27067994004081886,WATCH,0.24891011546971645,1.0,NORMAL,1.0,1.0,10406.892986427607,7616000,-492299.12017826666,False,1.0,0.0,1650619.2703197494,0.6116731267846057,ALERT,S8,-0.24964182622376443,16.43,295.0,48.7,4.14,1147214.0091217011,667.3600463867188,609.1461181640625,121705.5859375,0.6,0.68,True,0.02,3,4,CAUTIOUS,0.85,CLEAR,111,ELEVATED,0.706,0,0,0,0,0,0,0,NORMAL,POSITIVE,0.45,1.0
2025-10-10,642472519.5663633,664802821.3416061,-0.033589360722295236,0.5810217227929103,0.018425720569134406,0.12034946111809017,0.28009229854428797,WATCH,0.2672638773193341,1.0,NORMAL,1.0,1.0,71184.01205946498,7616000,-492299.12017826666,False,1.0,0.0,1650619.2703197494,0.5995138676854007,ALERT,S8,-0.24517553096436526,21.66,318.0,48.7,4.05,1147214.0091217011,649.32275390625,588.0000610351562,113214.3671875,0.72,0.8,True,0.02,3,4,CAUTIOUS,0.85,CLEAR,110,ELEVATED,0.783,0,0,0,0,0,0,0,NORMAL,POSITIVE,0.45,1.0
2025-10-13,657207975.841414,664802821.3416061,-0.011424207684415877,0.5884596424387928,0.01833981807830972,0.11934680105926979,0.2738122654803348,WATCH,0.27503026236711264,1.0,NORMAL,1.0,1.0,27256.349113680913,7616000,-492299.12017826666,False,1.0,0.0,1650619.2703197494,0.60682462732046,ALERT,S8,-0.24794988462966777,19.03,318.0,48.7,4.05,1147214.0091217011,659.2860107421875,600.4782104492188,115271.078125,0.5254733112995738,0.03,False,0.2,3,4,CAUTIOUS,0.85,CLEAR,107,ELEVATED,0.765,0,0,0,0,0,0,0,NORMAL,POSITIVE,0.45,1.0
2025-10-14,644365075.301794,664802821.3416061,-0.030742568147601568,0.5804638162454715,0.018356072634683373,0.12184362593401406,0.2792696433347211,WATCH,0.3095453949380553,1.0,NORMAL,1.0,1.0,43070.554423848196,7616000,-492299.12017826666,False,1.0,0.0,1650619.2703197494,0.5988599177856153,ALERT,S8,-0.24489083728027425,20.81,311.0,48.7,4.03,1147214.0091217011,658.4805908203125,596.4784545898438,113118.6640625,0.5254733112995738,0.12,False,0.2,3,4,CAUTIOUS,0.85,CLEAR,106,CONTAGION,0.804,0,0,0,0,0,0,0,NORMAL,POSITIVE,0.45,1.0
2025-10-15,653201883.9372327,664802821.3416061,-0.01745019279695914,0.5858085675603671,0.01773388262997649,0.12091294528366502,0.27549155809565085,WATCH,0.32024272672223897,1.0,NORMAL,1.0,1.0,34650.02823455606,7616000,-492299.12017826666,False,1.0,0.0,1650619.2703197494,0.6035744676612977,ALERT,S8,-0.24681680717464297,20.64,295.0,48.7,4.05,1147214.0091217011,661.4039916992188,600.6876831054688,110783.1640625,0.5254733112995738,0.03,False,0.2,3,4,CAUTIOUS,0.85,CLEAR,105,ELEVATED,0.769,0,0,0,0,0,0,0,NORMAL,POSITIVE,0.45,1.0
2025-10-16,654269333.5391126,664802821.3416061,-0.01584452933162417,0.5865357594709611,0.01728988678009483,0.12102478725024442,0.27504208975144506,WATCH,0.339228835255168,1.0,NORMAL,1.0,1.0,70318.73979725946,7616000,-492299.12017826666,False,1.0,0.0,1650619.2703197494,0.6038905504431153,ALERT,S8,-0.24682902433511947,25.31,304.0,48.7,3.99,1147214.0091217011,656.899658203125,598.46337890625,108186.0390625,0.5254733112995738,0.03,False,0.2,3,4,CAUTIOUS,0.85,CLEAR,104,ELEVATED,0.771,0,0,0,0,0,0,0,NORMAL,NEUTRAL,0.45,1.0
2025-10-17,651595134.6132295,664802821.3416061,-0.019867073821562387,0.5857003680072755,0.017085114603271376,0.12099545216616181,0.2761708846455667,WATCH,0.29677156915728126,1.0,NORMAL,1.0,1.0,31394.230028096244,7616000,-492299.12017826666,False,1.0,0.0,1650619.2703197494,0.6028145265626974,ALERT,S8,-0.24652954361248697,20.78,304.0,48.7,4.02,1147214.0091217011,660.62841796875,602.393310546875,106467.7890625,0.5254733112995738,0.12,False,0.2,3,4,CAUTIOUS,0.85,CLEAR,103,ELEVATED,0.774,0,0,0,0,0,0,0,NORMAL,POSITIVE,0.45,1.0
2025-10-20,657120936.0133504,664802821.3416061,-0.01155513346461634,0.586825816206886,0.01759721111602593,0.12171135611520142,0.27384853364834316,WATCH,0.2890027605374904,1.0,NORMAL,1.0,1.0,11225.540137548329,7616000,-492299.12017826666,False,1.0,0.0,1650619.2703197494,0.6044333528056207,ALERT,S8,-0.24711937096388317,18.23,299.0,48.7,4.0,1147214.0091217011,667.499267578125,609.9839477539062,110588.9296875,0.5464733112995738,0.12,False,0.2,3,4,CAUTIOUS,0.85,CLEAR,100,ELEVATED,0.75,0,0,0,0,0,0,0,NORMAL,POSITIVE,0.45,1.0
2025-10-21,651892737.337995,664802821.3416061,-0.019419418193138638,0.5853636489943851,0.01739957254457944,0.12117692856543741,0.27604480683695815,WATCH,0.30706745618135733,1.0,NORMAL,1.0,1.0,9806.460674721884,7616000,-492299.12017826666,False,1.0,0.0,1650619.2703197494,0.6027722890778555,ALERT,S8,-0.24665612550238566,17.87,297.0,48.7,3.98,1147214.0091217011,667.4892578125,609.8244018554688,108476.890625,0.4814733112995737,0.03,False,0.2,3,4,CAUTIOUS,0.85,CLEAR,99,ELEVATED,0.757,0,0,0,0,0,0,0,NORMAL,POSITIVE,0.45,1.0
2025-10-22,644756367.4623333,664802821.3416061,-0.030153984363089914,0.5812107970391707,0.01746431387507032,0.12220030696411813,0.2791001591269985,WATCH,0.31054247401351587,1.0,NORMAL,1.0,1.0,15746.881308153319,7616000,-492299.12017826666,False,1.0,0.0,1650619.2703197494,0.5986897327103754,ALERT,S8,-0.24504230499018897,18.6,301.0,48.7,3.97,1147214.0091217011,664.0191040039062,603.9493408203125,107688.5859375,0.2799370912995738,0.03,False,0.2,3,4,CAUTIOUS,0.85,CLEAR,98,ELEVATED,0.751,0,0,0,0,0,0,0,NORMAL,POSITIVE,0.45,1.0
2025-10-23,655529366.8004874,664802821.3416061,-0.013949180483928236,0.587435530657886,0.01755711803924179,0.12048187612768356,0.2745134144564596,WATCH,0.30399522881250096,1.0,NORMAL,1.0,1.0,7906.155311691947,7616000,-492299.12017826666,False,1.0,0.0,1650619.2703197494,0.6049999454313009,ALERT,S8,-0.24746976925666192,17.3,296.0,48.7,4.01,1147214.0091217011,667.9566650390625,609.0264282226562,110069.7265625,0.2569977612995738,0.03,False,0.2,3,4,CAUTIOUS,0.85,CLEAR,97,ELEVATED,0.759,0,0,0,0,0,0,0,NORMAL,POSITIVE,0.45,1.0
2025-10-24,664298367.8048357,664802821.3416061,-0.0007588017387658574,0.5925956296568309,0.01747712483209924,0.11903224103253487,0.27088972889024276,WATCH,0.3036333739054067,1.0,NORMAL,1.0,1.0,3504.5646916450364,7616000,-492299.12017826666,False,1.0,0.0,1650619.2703197494,0.6100759729985905,ALERT,S8,-0.24940879902282392,16.37,288.0,48.7,4.02,1147214.0091217011,673.4155883789062,615.52978515625,111033.921875,0.24995161129957377,0.03,False,0.2,3,4,CAUTIOUS,0.85,CLEAR,96,ELEVATED,0.76,0,0,0,0,0,0,0,NORMAL,POSITIVE,0.0,1.0
2025-10-27,675557871.5401272,675556945.3068333,1.3710661999066787e-06,0.5993297866122945,0.017663393373273824,0.11663063142836197,0.2663748175217493,WATCH,0.2958417467739523,1.0,NORMAL,1.0,1.0,926.2332938780409,7616000,-492299.12017826666,False,1.0,0.0,1650619.2703197494,0.6169940259240632,ALERT,S8,-0.25200102693963805,15.79,280.0,48.7,4.01,1147214.0091217011,681.3603515625,626.4918823242188,114119.328125,0.2328235662995738,0.03,False,0.2,3,4,CAUTIOUS,0.85,CLEAR,93,ELEVATED,0.773,0,0,0,0,0,0,0,NORMAL,POSITIVE,0.0,1.0
2025-10-28,678304433.4712173,678303624.4057558,1.1927777361364633e-06,0.6013463287756551,0.01741256591635679,0.11594368877565127,0.26529622375602335,WATCH,0.27436407604163404,1.0,NORMAL,1.0,1.0,809.065461477493,7616000,-492299.12017826666,False,1.0,0.0,1650619.2703197494,0.6187596327338455,ALERT,S8,-0.25274457374990933,16.42,282.0,48.7,3.99,1147214.0091217011,683.1700439453125,631.3095703125,112956.1640625,0.5014733112995737,0.03,False,0.2,3,4,CAUTIOUS,0.85,CLEAR,92,ELEVATED,0.776,0,0,0,0,0,0,0,NORMAL,POSITIVE,0.0,1.0
2025-10-29,688267924.3167832,688419858.8583015,-0.00022070040479416075,0.5854332004370992,0.20004414982484303,0.11411595764237564,0.10040556932735108,RISK_ON,0.26590799340779503,1.0,NORMAL,1.0,1.0,772.7654286399437,7616000,-492299.12017826666,False,1.0,0.0,1650619.2703197494,0.624511183504326,ALERT,S2,-0.31290819543385523,16.92,276.0,48.7,4.08,1299921.316068726,683.4981689453125,634.15234375,110055.3046875,0.14429161129957377,0.03,False,0.2,3,4,CAUTIOUS,0.85,CLEAR,91,ELEVATED,0.731,0,0,0,0,0,0,0,NORMAL,POSITIVE,0.0,1.0
2025-10-30,676426355.5598414,688419858.8583015,-0.017421785766538633,0.5810088384882051,0.2003099783866417,0.11651565501869633,0.10216327649384029,RISK_ON,0.23948898356144688,1.0,NORMAL,1.0,1.0,1523.050116421059,7616000,-492299.12017826666,False,1.0,0.0,1650619.2703197494,0.7813205761061136,ALERT,S2,-0.31168547026938187,16.91,285.0,48.7,4.11,1299921.316068726,675.98095703125,624.45703125,108305.546875,0.16789900129957377,0.03,False,0.2,3,4,CAUTIOUS,0.85,CLEAR,90,ELEVATED,0.726,0,0,0,0,0,0,0,NORMAL,POSITIVE,0.0,1.0
2025-10-31,684239610.7474115,688419858.8583015,-0.006072236378861451,0.5834865680761112,0.20030925277127695,0.11520540615995965,0.10099668552554962,RISK_ON,0.2894582150650017,1.0,NORMAL,1.0,1.0,1428.3276776797659,7616000,-492299.12017826666,False,1.0,0.0,1650619.2703197494,0.7837974569987948,ALERT,S2,-0.3124936224513627,17.44,294.0,48.7,4.11,1299921.316068726,678.1983642578125,627.4694213867188,109556.1640625,0.24478581129957377,0.03,False,0.2,3,4,CAUTIOUS,0.85,CLEAR,89,ELEVATED,0.728,0,0,0,0,0,0,0,NORMAL,POSITIVE,0.0,1.0
2025-11-03,684670815.92983,688419858.8583015,-0.0054458669084431754,0.5890587821413018,0.19468565301080318,0.11532139993736876,0.10093307788638574,RISK_ON,0.26007398676933774,1.0,NORMAL,1.0,1.0,744.2537053070541,7616000,-492299.12017826666,False,1.0,0.0,1650619.2703197494,0.7837452871021521,ALERT,S2,-0.31142559797161795,17.17,304.0,48.2,4.13,1299921.316068726,679.4711303710938,630.4716796875,106547.5234375,0.24478581129957377,0.03,False,0.2,3,4,CAUTIOUS,0.85,CLEAR,86,ELEVATED,0.726,0,0,0,0,0,0,0,NORMAL,POSITIVE,0.0,1.0
2025-11-04,660208097.7595518,688419858.8583015,-0.040980457980304474,0.5827527786284908,0.1925062155092149,0.1187887072740247,0.10594630978047544,RISK_ON,0.2362894486714292,1.0,NORMAL,1.0,1.0,3953.859401684497,7616000,-492299.12017826666,False,1.0,0.0,2491298.1243508104,0.7762520869348414,ALERT,S2,-0.30845061242962973,19.0,313.0,48.2,4.1,1299921.316068726,671.4169921875,617.67431640625,101590.5234375,0.22181461129957378,0.03,False,0.2,3,4,CAUTIOUS,0.85,CLEAR,85,ELEVATED,0.758,0,0,0,0,0,0,0,NORMAL,POSITIVE,0.45,1.0
2025-11-05,669268181.6594174,688419858.8583015,-0.02781976282707166,0.5836104585026111,0.19420197749870663,0.11767268827583574,0.10451208284156392,RISK_ON,0.22565860335416205,1.0,NORMAL,1.0,1.0,1869.1865776587751,7616000,-492299.12017826666,False,1.0,0.0,2491298.1243508104,0.7778146083451789,ALERT,S2,-0.30954947336132305,18.01,305.0,48.2,4.17,1299921.316068726,673.7437133789062,621.6941528320312,103891.8359375,0.19724062129957376,0.03,False,0.2,3,4,CAUTIOUS,0.85,CLEAR,84,ELEVATED,0.767,0,0,0,0,0,0,0,NORMAL,POSITIVE,0.0,1.0
2025-11-06,652197906.2565035,688419858.8583015,-0.05261607743546182,0.5779019646144236,0.1943157381408272,0.12052462176535549,0.10724752559586188,RISK_ON,0.23409573537567324,1.0,NORMAL,1.0,1.0,6619.73278815487,7616000,-492299.12017826666,False,1.0,0.0,2491298.1243508104,0.77222554075455,ALERT,S2,-0.3078704380738002,19.5,313.0,48.2,4.11,1299921.316068726,666.514892578125,610.1136474609375,101301.2890625,0.22259079129957376,0.03,False,0.2,3,4,CAUTIOUS,0.85,CLEAR,83,ELEVATED,0.761,0,0,0,0,0,0,0,NORMAL,POSITIVE,0.45,1.0
2025-11-07,650749888.164443,688419858.8583015,-0.05471947127779209,0.5729908326819512,0.1987297694268303,0.12078371806633585,0.10748616775349569,RISK_ON,0.22164563766905146,1.0,NORMAL,1.0,1.0,6189.979391381314,7616000,-492299.12017826666,False,1.0,0.0,2491298.1243508104,0.771727942840065,ALERT,S2,-0.30847322778101716,19.08,315.0,48.2,4.11,1299921.316068726,667.1710815429688,608.1885375976562,103372.40625,0.22607635129957376,0.03,False,0.2,3,4,CAUTIOUS,0.85,CLEAR,82,ELEVATED,0.744,0,0,0,0,0,0,0,NORMAL,POSITIVE,0.45,1.0
2025-11-10,670671174.176081,688419858.8583015,-0.025781773221440152,0.5796352986454042,0.19772185387890379,0.11834799124505116,0.10429345160203321,RISK_ON,0.2097815500418641,1.0,NORMAL,1.0,1.0,942.0439175508175,7616000,-492299.12017826666,False,1.0,0.0,2491298.1243508104,0.7773582444239365,ALERT,S2,-0.3100148121655901,17.6,302.0,48.2,4.13,1299921.316068726,677.5819091796875,621.6442260742188,105996.59375,0.2080426212995738,0.03,False,0.2,3,4,CAUTIOUS,0.85,CLEAR,79,ELEVATED,0.76,0,0,0,0,0,0,0,NORMAL,POSITIVE,0.45,1.0
2025-11-11,656047538.441201,688419858.8583015,-0.04702409438157096,0.5756339464278305,0.19641002299843063,0.12133655952449982,0.1066182060693471,RISK_ON,0.20733094145287367,1.0,NORMAL,1.0,1.0,829.8869442685622,7616000,-492299.12017826666,False,1.0,0.0,2491298.1243508104,0.7720449460475935,ALERT,S2,-0.3081417112680361,17.28,302.0,48.2,4.13,1299921.316068726,679.1329956054688,619.9884643554688,102997.46875,0.20587342629957378,0.03,False,0.2,3,4,CAUTIOUS,0.85,CLEAR,78,ELEVATED,0.77,0,0,0,0,0,0,0,NORMAL,POSITIVE,0.45,1.0
2025-11-12,654471239.6343735,688419858.8583015,-0.049313829034841494,0.5764948304684239,0.19433255511910533,0.1222962969708961,0.1068749968048836,RISK_ON,0.210777621685009,1.0,NORMAL,1.0,1.0,864.318732403115,7616000,-492299.12017826666,False,1.0,0.0,2491298.1243508104,0.7708284035718015,ALERT,S2,-0.30734067996638587,17.51,302.0,48.2,4.08,1299921.316068726,679.5108642578125,619.4996948242188,101663.1875,0.16457521629957378,0.03,False,0.2,3,4,CAUTIOUS,0.85,CLEAR,77,ELEVATED,0.758,0,0,0,0,0,0,0,NORMAL,POSITIVE,0.45,1.0
2025-11-13,633756385.8378832,688419858.8583015,-0.07940426516904087,0.5676124800627392,0.19680416754089256,0.12520615046955783,0.11036829483356786,RISK_ON,0.2503659353024814,1.0,NORMAL,1.0,1.0,5644.927221776414,7616000,-492299.12017826666,False,1.0,0.0,2491298.1243508104,0.7644234563946347,ALERT,S2,-0.3057489549877018,20.0,309.0,48.2,4.11,1299921.316068726,668.2350463867188,606.8519897460938,99697.4921875,0.25195540629957375,0.03,False,0.2,3,4,CAUTIOUS,0.85,CLEAR,76,ELEVATED,0.747,0,0,0,0,0,0,0,NORMAL,POSITIVE,0.45,1.0
2025-11-14,630251858.4033723,688419858.8583015,-0.08449494840459282,0.5803424084729888,0.2000054137959925,0.1252950485227545,0.09434957654128752,RISK_ON,0.2287630663609507,1.0,WARNING,1.0,1.0,4760.0823981043095,7616000,-492299.12017826666,False,1.0,0.0,2491298.1243508104,0.7637293472486348,ALERT,S2,-0.3118384018442368,19.83,307.0,48.2,4.14,1321741.673392991,668.125732421875,607.310791015625,94397.7890625,0.18769887497651574,0.03,False,0.2,3,4,CAUTIOUS,0.85,CLEAR,75,ELEVATED,0.737,0,0,0,0,0,0,0,NORMAL,POSITIVE,0.45,1.0
2025-11-17,620476393.2793744,688419858.8583015,-0.09869480768844596,0.5800944848575279,0.1981981278275265,0.12585495815030634,0.0957681168539983,RISK_ON,0.25803559419954536,1.0,WARNING,1.0,1.0,52313.79841558131,7425400,-450158.9021871193,False,1.0,0.0,2491298.1243508104,0.778305374092908,ALERT,S2,-0.3106136532749902,22.38,313.0,48.2,4.13,1321741.673392991,661.901123046875,602.1240234375,92093.875,0.24478581129957377,0.03,False,0.2,3,4,CAUTIOUS,0.85,CLEAR,72,ELEVATED,0.727,0,0,0,0,0,0,0,NORMAL,POSITIVE,0.45,1.0
2025-11-18,612144709.6105647,688419858.8583015,-0.11079742727676978,0.5717196723421356,0.20276084895949162,0.12830904733854898,0.09707158259119748,RISK_ON,0.2776473531725998,1.0,WARNING,1.0,1.0,84995.53915043747,7425400,-450158.9021871193,False,1.0,0.0,2491298.1243508104,0.7745880719016034,ALERT,S2,-0.31051188258398427,24.69,320.0,48.2,4.12,1321741.673392991,656.3428344726562,594.7926635742188,92948.875,0.19593781629957377,0.03,False,0.2,3,4,CAUTIOUS,0.85,CLEAR,71,ELEVATED,0.699,0,0,0,0,0,0,0,NORMAL,POSITIVE,0.45,1.0
2025-11-19,614613972.2450494,688419858.8583015,-0.1072105716642956,0.5770268748117601,0.1987244412466482,0.12745790015099023,0.09668158945308644,RISK_ON,0.2668954615988719,1.0,WARNING,1.0,1.0,67112.36552676292,7425400,-450158.9021871193,False,1.0,0.0,2491298.1243508104,0.7758360329600477,ALERT,S2,-0.3099224981560296,23.66,317.0,48.2,4.13,1321741.673392991,658.87841796875,598.3436279296875,91465.9921875,0.17136382629957378,0.03,False,0.2,3,4,CAUTIOUS,0.85,CLEAR,70,ELEVATED,0.682,0,0,0,0,0,0,0,NORMAL,POSITIVE,0.45,1.0
2025-11-20,590999815.7994764,688419858.8583015,-0.14151254035638916,0.3481337164263345,0.02000768485208822,0.1319062781760021,0.4997368752449989,RISK_ON,0.30259525705250834,1.0,DELEVERAGE_1,0.6,0.6,127328.13295559479,7425400,-450158.9021871193,False,1.0,0.0,2491298.1243508104,0.7676383785660285,ALERT,S8,-0.1525598608639775,26.42,317.0,48.2,4.1,1676157.114776977,648.8355712890625,584.1797485351562,86631.8984375,0.17333753187694995,0.03,False,0.02,0,2,CAUTIOUS,0.85,CLEAR,69,ELEVATED,0.715,0,0,0,0,0,0,0,NORMAL,NEUTRAL,0.45,1.0
2025-11-21,590700864.3578888,688419858.8583015,-0.14194679779062902,0.3473751565670805,0.019661687004681006,0.13283121619295177,0.49998979016062434,WATCH,0.3097824394264462,1.0,DELEVERAGE_1,0.6,0.6,83968.17197166296,7425400,-450158.9021871193,False,1.0,0.0,2491298.1243508104,0.3670890253041163,ALERT,S8,-0.15257951129138406,23.43,319.0,48.2,4.06,1676157.114776977,655.2987670898438,588.568603515625,85090.6875,0.1553255691637745,0.03,False,0.02,0,3,CAUTIOUS,0.85,CLEAR,68,ELEVATED,0.677,0,0,0,0,0,0,0,NORMAL,POSITIVE,0.45,1.0
2025-11-24,602805558.9489679,688419858.8583015,-0.12436349534035696,0.3588156597631712,0.019986879654803624,0.13119556267910318,0.48994969743303807,WATCH,0.3091818505868381,1.0,DELEVERAGE_1,0.6,0.6,31466.733425877,7425400,-450158.9021871193,False,1.0,0.0,2491298.1243508104,0.3788223141207745,ALERT,S8,-0.1571476435379741,20.52,315.0,48.2,4.04,1676157.114776977,664.9437866210938,603.6201782226562,88270.5625,0.5014733112995737,0.12,False,0.02,0,3,CAUTIOUS,0.85,CLEAR,65,ELEVATED,0.684,0,0,0,0,0,0,0,NORMAL,POSITIVE,0.45,1.0
2025-11-25,602030556.7409986,688419858.8583015,-0.12548926502581403,0.35814311185632525,0.01980206152939132,0.13144571535714134,0.4905804164107591,WATCH,0.32561647098398994,1.0,DELEVERAGE_1,0.6,0.6,17275.174343625036,7425400,-450158.9021871193,False,1.0,0.0,2491298.1243508104,0.37795601877561485,ALERT,S8,-0.15684126774227464,18.56,310.0,48.2,4.01,1676157.114776977,671.1981811523438,607.3407592773438,87341.890625,0.26214864129957377,0.03,False,0.02,0,3,CAUTIOUS,0.85,CLEAR,64,ELEVATED,0.684,0,0,0,0,0,0,0,NORMAL,POSITIVE,0.45,1.0
2025-11-26,608355804.8636127,688419858.8583015,-0.11630119753876622,0.40348975030979123,0.20004105926163235,0.1307977189673896,0.2656571648246589,WATCH,0.3038305704518446,1.0,WARNING,1.0,0.732,8703.525379885856,7425400,-450158.9021871193,False,1.0,0.0,2491298.1243508104,0.3838490620863522,ALERT,S2,-0.252000465458847,17.19,300.0,48.2,4.0,1809753.8409441193,675.8318481445312,612.70703125,90518.3671875,0.5014733112995737,0.03,False,0.2,1,4,CAUTIOUS,0.85,CLEAR,63,ELEVATED,0.716,0,0,0,0,0,0,0,NORMAL,POSITIVE,0.0,1.0
2025-11-28,612275830.638893,688419858.8583015,-0.11060696062093311,0.461843951081862,0.19964061250689386,0.12998704899780536,0.20852111746445973,WATCH,0.3103835371792032,1.0,WARNING,1.0,0.82044,4451.2140499235575,7425400,-450158.9021871193,False,1.0,0.0,2491298.1243508104,0.6060755773597495,ALERT,S2,-0.271498757965842,16.35,295.0,48.2,4.02,1843661.5711373144,679.5208129882812,617.67431640625,90919.265625,0.5254733112995738,0.03,False,0.2,2,4,CAUTIOUS,0.85,CLEAR,61,ELEVATED,0.728,0,0,0,0,0,0,0,NORMAL,POSITIVE,0.0,1.0
2025-12-01,606092498.4168845,688419858.8583015,-0.11958888080008534,0.5754772107234707,0.1914787192781391,0.13093605953746762,0.10209791680924668,WATCH,0.32086821293819,1.0,WARNING,1.0,1.0,6117.686562371612,7425400,-450158.9021871193,False,1.0,0.0,2491298.1243508104,0.6584490896206266,ALERT,S2,-0.3058614709362464,17.24,294.0,47.9,4.09,1909387.5041235548,676.4185180664062,615.599609375,86321.5703125,0.5014733112995737,0.03,False,0.2,3,4,CAUTIOUS,0.85,CLEAR,58,ELEVATED,0.718,0,0,0,0,0,0,0,NORMAL,POSITIVE,0.0,1.0
2025-12-02,610804074.1526879,688419858.8583015,-0.11274483689987413,0.5671725597002404,0.2010701874482494,0.13044135697611606,0.10131036137556393,WATCH,0.31730381467203944,1.0,WARNING,1.0,1.0,3380.495044731842,7425400,-450158.9021871193,False,1.0,0.0,2491298.1243508104,0.7682469990113753,ALERT,S2,-0.3082294239022843,16.59,292.0,47.9,4.09,1909387.5041235548,677.67138671875,620.4172973632812,91350.203125,0.4814733112995737,0.03,False,0.2,3,4,CAUTIOUS,0.85,CLEAR,57,ELEVATED,0.696,0,0,0,0,0,0,0,NORMAL,POSITIVE,0.0,1.0
2025-12-03,619212880.8111978,688419858.8583015,-0.10053018830961524,0.5681665153326818,0.20306769970195912,0.1288274673803025,0.09993458372669646,WATCH,0.32045722739998284,1.0,WARNING,1.0,1.0,2312.0531916322884,7425400,-450158.9021871193,False,1.0,0.0,2491298.1243508104,0.7712370947247147,ALERT,S2,-0.30955525202578205,16.08,289.0,47.9,4.06,1909387.5041235548,680.0180053710938,621.9334716796875,93527.8046875,0.5014733112995737,0.03,False,0.2,3,4,CAUTIOUS,0.85,CLEAR,56,ELEVATED,0.704,0,0,0,0,0,0,0,NORMAL,POSITIVE,0.0,1.0
2025-12-04,618569796.1389031,688419858.8583015,-0.10146433433114499,0.5708783725489653,0.20026601106813957,0.12881394790752887,0.10003847887228541,WATCH,0.2926814583552826,1.0,WARNING,1.0,1.0,1972.9921274552555,7425400,-450158.9021871193,False,1.0,0.0,2491298.1243508104,0.7711468432694518,ALERT,S2,-0.3090005715622372,15.78,288.0,47.9,4.11,1909387.5041235548,680.51513671875,621.35498046875,92141.625,0.2235489162995738,0.03,False,0.2,3,4,CAUTIOUS,0.85,CLEAR,55,ELEVATED,0.704,0,0,0,0,0,0,0,NORMAL,POSITIVE,0.0,1.0
2025-12-05,619755620.4213504,688419858.8583015,-0.0997418037167409,0.5776788497832988,0.1939088631968593,0.12856317961088726,0.09984706784910632,WATCH,0.2835750967145424,1.0,WARNING,1.0,1.0,1264.0286792665677,7425400,-450158.9021871193,False,1.0,0.0,2491298.1243508104,0.7715892866826864,ALERT,S2,-0.3079275396881458,15.41,285.0,47.9,4.14,1909387.5041235548,681.8078002929688,623.8884887695312,89387.7578125,0.21478015629957375,0.03,False,0.2,3,4,CAUTIOUS,0.85,CLEAR,54,ELEVATED,0.68,0,0,0,0,0,0,0,NORMAL,POSITIVE,0.0,1.0
2025-12-08,622799378.7088473,688419858.8583015,-0.09532043462296602,0.576990259955357,0.1956648390850537,0.12798243219896688,0.09935909314868509,RISK_ON,0.2879391461022316,1.0,WARNING,1.0,1.0,2102.3290173859136,7425400,-450158.9021871193,False,1.0,0.0,2491298.1243508104,0.7726577072329908,ALERT,S2,-0.3086240536704689,16.66,289.0,47.9,4.17,1909387.5041235548,679.7594604492188,622.6915283203125,90640.203125,0.21741368629957378,0.03,False,0.2,3,4,CAUTIOUS,0.85,CLEAR,51,ELEVATED,0.678,0,0,0,0,0,0,0,NORMAL,POSITIVE,0.0,1.0
2025-12-09,625176831.4602454,688419858.8583015,-0.09186694222177216,0.5736343231949701,0.1993325002368959,0.12804856534684714,0.09898124557421402,RISK_ON,0.28384171074640535,1.0,WARNING,1.0,1.0,2104.1245728128606,7425400,-450158.9021871193,False,1.0,0.0,2491298.1243508104,0.7729694249741484,ALERT,S2,-0.3094558157609715,16.93,289.0,47.9,4.18,1909387.5041235548,679.1727294921875,623.4595336914062,92691.7109375,0.2192156083454762,0.03,False,0.2,3,4,CAUTIOUS,0.85,CLEAR,50,ELEVATED,0.662,0,0,0,0,0,0,0,NORMAL,POSITIVE,0.0,1.0
2025-12-10,630073054.8317084,688419858.8583015,-0.08475467881382359,0.5781736973084026,0.1963522461256971,0.12726055276536558,0.09821207399291788,RISK_ON,0.2766099884938585,1.0,WARNING,1.0,1.0,900.8832529705106,7425400,-450158.9021871193,False,1.0,0.0,2491298.1243508104,0.7745270508587766,ALERT,S2,-0.3093346630951548,15.77,291.0,47.9,4.13,1909387.5041235548,683.6771850585938,626.0130615234375,92020.9453125,0.15817236129957377,0.03,False,0.2,3,4,CAUTIOUS,0.85,CLEAR,49,ELEVATED,0.661,0,0,0,0,0,0,0,NORMAL,POSITIVE,0.0,1.0
2025-12-11,627607526.8819989,688419858.8583015,-0.08833610941607029,0.5750962695591603,0.1981741023777419,0.12813082289715116,0.09859789570960678,RISK_ON,0.22185119706711254,1.0,WARNING,1.0,1.0,570.7816442082412,7425400,-450158.9021871193,False,1.0,0.0,2491298.1243508104,0.7732710751931839,ALERT,S2,-0.30928902305278233,14.85,288.0,47.9,4.14,1909387.5041235548,685.26806640625,623.98828125,92511.3359375,0.19188303129957376,0.03,False,0.2,3,4,CAUTIOUS,0.85,CLEAR,48,ELEVATED,0.702,0,0,0,0,0,0,0,NORMAL,POSITIVE,0.0,1.0
2025-12-12,604766340.9123573,688419858.8583015,-0.12151525972054023,0.3480676838504008,0.020003889876459808,0.13299097699022658,0.4989335380350952,RISK_ON,0.2606811359037064,1.0,DELEVERAGE_1,0.6,0.6,2365.3910310082056,7425400,-450158.9021871193,False,1.0,0.0,2491298.1243508104,0.7647329795029929,ALERT,S8,-0.1531485742032387,15.74,291.0,47.9,4.19,2029376.2128148335,677.9000244140625,612.0586547851562,90270.4140625,0.19278835485115686,0.03,False,0.02,0,3,CAUTIOUS,0.85,CLEAR,47,ELEVATED,0.694,0,0,0,0,0,0,0,NORMAL,POSITIVE,0.0,1.0
2025-12-15,602454387.6826936,688419858.8583015,-0.12487360739153563,0.3466316185448328,0.019224082580928455,0.1332904321058844,0.5008482240731282,RISK_ON,0.2833566077830724,1.0,DELEVERAGE_1,0.6,0.6,3399.4664973257472,7425400,-450158.9021871193,False,1.0,0.0,2491298.1243508104,0.36585776554962834,ALERT,S8,-0.1523862787163534,16.5,291.0,47.9,4.18,2029376.2128148335,676.8758544921875,608.9865112304688,86419.78125,0.2692520812995738,0.03,False,0.02,0,3,CAUTIOUS,0.85,CLEAR,44,ELEVATED,0.671,0,0,0,0,0,0,0,NORMAL,POSITIVE,0.0,1.0
2025-12-16,603404657.128114,688419858.8583015,-0.12349324418267016,0.34743489102039954,0.019510122699053382,0.13299075257089907,0.5000594652219869,RISK_ON,0.2775807668060441,1.0,DELEVERAGE_1,0.6,0.6,2877.3276622091353,7425400,-450158.9021871193,False,1.0,0.0,2491298.1243508104,0.366946763500567,ALERT,S8,-0.15276970416136573,16.48,298.0,47.9,4.15,2029376.2128148335,675.0264282226562,610.1934204101562,87843.984375,0.25909595629957377,0.03,False,0.02,0,3,CAUTIOUS,0.85,CLEAR,43,ELEVATED,0.685,0,0,0,0,0,0,0,NORMAL,POSITIVE,0.0,1.0
2025-12-17,594412783.7539207,688419858.8583015,-0.13655485659621347,0.3375741494968075,0.019421926412409925,0.13508379114581748,0.5079050562479228,RISK_ON,0.2783030138891658,1.0,DELEVERAGE_1,0.6,0.6,8961.781458792024,7425400,-450158.9021871193,False,1.0,0.0,2658346.3354292945,0.35710181638074506,ALERT,S8,-0.14886815470564324,17.62,299.0,47.9,4.16,2029376.2128148335,667.5986938476562,598.8822631835938,86143.7578125,0.2592032662995738,0.03,False,0.02,0,3,CAUTIOUS,0.85,CLEAR,42,ELEVATED,0.661,0,0,0,0,0,0,0,NORMAL,POSITIVE,0.45,1.0
2025-12-18,600305080.1510954,688419858.8583015,-0.12799569561130708,0.3440054344802933,0.01907920377044655,0.13398968678070686,0.502919712575197,RISK_ON,0.2636224097019745,1.0,DELEVERAGE_1,0.6,0.6,3579.255021607949,7425400,-450158.9021871193,False,1.0,0.0,2658346.3354292945,0.36308680311708247,ALERT,S8,-0.15136177520826682,16.87,295.0,47.9,4.12,2029376.2128148335,672.6399536132812,607.5601196289062,85462.5078125,0.23904031028690653,0.03,False,0.02,0,3,CAUTIOUS,0.85,CLEAR,41,ELEVATED,0.637,0,0,0,0,0,0,0,NORMAL,POSITIVE,0.45,1.0
2025-12-19,608733466.4838274,688419858.8583015,-0.11575260554892874,0.4086191175017887,0.20002354449906118,0.13305734042436188,0.25829895073031783,RISK_ON,0.2583138997845127,1.0,WARNING,1.0,0.732,637.2492632994023,7425400,-450158.9021871193,False,1.0,0.0,2658346.3354292945,0.3710603003040216,ALERT,S2,-0.2539931733631239,14.91,290.0,47.9,4.16,2101675.084728786,678.7363891601562,615.47998046875,88103.3828125,0.2897858112995738,0.03,False,0.2,1,4,CAUTIOUS,0.85,CLEAR,40,ELEVATED,0.647,0,0,0,0,0,0,0,NORMAL,POSITIVE,0.0,1.0
2025-12-22,613088794.0790776,688419858.8583015,-0.10942604837715675,0.45178940099496945,0.199474142712802,0.1327969477126895,0.2159392089320635,RISK_ON,0.2510378583289548,1.0,WARNING,1.0,0.82044,183.71050936124126,7425400,-450158.9021871193,False,1.0,0.0,2658346.3354292945,0.6107468006731598,ALERT,S2,-0.2683181499948506,14.08,288.0,47.9,4.17,2114091.5297406064,682.96484375,618.4302368164062,88490.015625,0.2314176412995738,0.03,False,0.2,2,4,CAUTIOUS,0.85,CLEAR,37,ELEVATED,0.657,0,0,0,0,0,0,0,NORMAL,POSITIVE,0.0,1.0
2025-12-23,613924202.6414281,688419858.8583015,-0.10821253230611261,0.5800362622900679,0.19678045144177872,0.1329847844517391,0.0901983308348334,RISK_ON,0.2266401324637925,1.0,WARNING,1.0,1.0,104.96973058226774,7425400,-450158.9021871193,False,1.0,0.0,2658346.3354292945,0.6513916452445667,ALERT,S2,-0.3104770731857879,14.0,283.0,47.9,4.18,2152579.771050544,686.0863037109375,621.3265380859375,87414.0,0.2897858112995738,0.03,False,0.2,3,4,CAUTIOUS,0.85,CLEAR,36,ELEVATED,0.638,0,0,0,0,0,0,0,NORMAL,POSITIVE,0.0,1.0
2025-12-24,614845016.75291,688419858.8583015,-0.1068749559715062,0.580354080869742,0.19693071472556123,0.13265188793486776,0.09006324655570326,RISK_ON,0.21372622535596147,1.0,WARNING,1.0,1.0,42.986351715837436,7425400,-450158.9021871193,False,1.0,0.0,2658346.3354292945,0.7772848499384939,ALERT,S2,-0.31065036515126543,13.47,284.0,47.9,4.15,2152579.771050544,688.4996948242188,623.144287109375,87611.9609375,0.25710305629957375,0.03,False,0.2,3,4,CAUTIOUS,0.85,CLEAR,35,ELEVATED,0.628,0,0,0,0,0,0,0,NORMAL,POSITIVE,0.0,1.0
2025-12-26,613251937.7687846,688419858.8583015,-0.10918906554232455,0.5793506704669394,0.1967424795527105,0.1336095845022723,0.0902972089070527,RISK_ON,0.2412080689711545,1.0,WARNING,1.0,1.0,34.6922907009494,7425400,-450158.9021871193,False,1.0,0.0,2658346.3354292945,0.7760931939240373,ALERT,S2,-0.31024420574000056,13.6,286.0,47.9,4.14,2152579.771050544,688.4298706054688,623.1043090820312,87301.4296875,0.2093419173916934,0.03,False,0.2,3,4,CAUTIOUS,0.85,CLEAR,33,ELEVATED,0.629,0,0,0,0,0,0,0,NORMAL,POSITIVE,0.0,1.0
2025-12-29,610825464.044244,688419858.8583015,-0.11271376590260285,0.5795995759911011,0.19715457924688826,0.13258984528132817,0.09065591007082155,RISK_ON,0.23502276274641803,1.0,WARNING,1.0,1.0,54.61381971809617,7425400,-450158.9021871193,False,1.0,0.0,2658346.3354292945,0.7767542246874765,ALERT,S2,-0.310582295061408,14.2,287.0,47.9,4.12,2152579.771050544,685.9765625,620.088134765625,87138.140625,0.3097858112995738,0.03,False,0.2,3,4,CAUTIOUS,0.85,CLEAR,30,ELEVATED,0.644,0,0,0,0,0,0,0,NORMAL,POSITIVE,0.0,1.0
2025-12-30,611354445.8046395,688419858.8583015,-0.11194536598852611,0.5768968960113147,0.19990465913158412,0.1326208741376557,0.09057746895825813,RISK_ON,0.21976605411538916,1.0,WARNING,1.0,1.0,62.21215430626683,7425400,-450158.9021871193,False,1.0,0.0,2658346.3354292945,0.7768016341911554,ALERT,S2,-0.3111350830463702,14.33,284.0,47.9,4.14,2152579.771050544,685.138916015625,618.64990234375,88430.1328125,0.16104673629957378,0.03,False,0.2,3,4,CAUTIOUS,0.85,CLEAR,29,ELEVATED,0.66,0,0,0,0,0,0,0,NORMAL,POSITIVE,0.0,1.0
