NAV,High_Water_Mark,Drawdown,Equity_Pct,Crypto_Pct,Defensive_Pct,Cash_Pct,Regime,Regime_Score,Equity_Ceiling,PDS_Status,PDS_Ceiling,Effective_Ceiling,PTRH_Value,PTRH_Notional,PTRH_Net_Cost,SLOF_Active,SLOF_Leverage,SLOF_Notional,PERM_Income,FEM_Score,FEM_Status,SSL_Worst_Scenario,SSL_Worst_Loss_Pct,VIX,HY_Spread,PMI,TNX_Yield,Total_Slippage,SPY_Price,QQQ_Price,BTC_Price,ARES_Tranche,ARES_Gates_Cleared,PCR_Status,PCR_Value,Shutdown_Status,Shutdown_Days,Correlation_Status,Equity_Crypto_Corr,Incap_Tier,CDM_Alerts,TDC_Reviews,JPVI_Count,SCCR_Count,PFVT_Count,ELVT_Count,Margin_Stress,Dealer_Gamma,RPE_Up_Prob,AUP_SLOF_Mult
500000000.0,500000000.0,0.0,0.5101672240802676,0.20000000000000004,0.14,0.14980582804687884,RISK_ON,0.1882655552734397,1.0,NORMAL,1.0,1.0,13473.936426797172,5984000,13473.936426797172,False,1.0,0.0,0.0,0.7101672240802676,WATCH,S2,-0.295620568187291,16.6,436.1568778366852,57.6,1.63,0.0,450.6444396972656,391.18621826171875,46458.1171875,1,4,CAUTIOUS,0.85,CLEAR,1486,NORMAL,0.0,0,0,0,5,5,7,0,NORMAL,POSITIVE,0.0,1.0
494486658.9317006,500000000.0,-0.011026682136598853,0.5073991428326152,0.1997899088159106,0.14129305296932468,0.15147610692927743,RISK_ON,0.19246548938787078,1.0,NORMAL,1.0,1.0,20663.832442618976,5984000,13473.936426797172,False,1.0,0.0,0.0,0.7072186052198803,WATCH,S2,-0.29465007963380824,16.91,438.72819659883226,57.6,1.66,0.0,450.493408203125,386.1123046875,45897.57421875,2,4,CAUTIOUS,0.85,CLEAR,1485,NORMAL,0.0,0,0,0,0,0,0,0,NORMAL,POSITIVE,0.45,1.0
477730529.7718168,500000000.0,-0.044538940456366416,0.50109621126894,0.19630575408666825,0.1456690628801293,0.15678904603232297,RISK_ON,0.20101410031578243,1.0,NORMAL,1.0,1.0,66846.79404816558,5984000,13473.936426797172,False,1.0,0.0,0.0,0.6974995634925576,WATCH,S2,-0.2911214852483229,19.73,440.14848526751496,57.6,1.71,0.0,441.8430480957031,374.25054931640625,43569.00390625,3,4,CAUTIOUS,0.85,CLEAR,1484,NORMAL,0.0,0,0,0,0,0,0,0,NORMAL,POSITIVE,0.45,1.0
477430300.9009724,500000000.0,-0.045139398198055125,0.5027878793273884,0.19458941253578327,0.14559712812098646,0.1568876417816129,RISK_ON,0.1927375329106132,1.0,NORMAL,1.0,1.0,65855.89267367435,5984000,13473.936426797172,False,1.0,0.0,0.0,0.6974735001262005,WATCH,S2,-0.29087622806697244,19.61,439.06848943005383,57.6,1.73,0.0,441.4279479980469,373.987548828125,43160.9296875,3,4,CAUTIOUS,0.85,CLEAR,1483,NORMAL,0.0,0,0,0,0,0,0,0,NORMAL,POSITIVE,0.45,1.0
467738905.0261049,500000000.0,-0.06452218994779013,0.5000117453425091,0.19124430814009086,0.1484498860174439,0.16013830198550413,RISK_ON,0.18057763203000518,1.0,NORMAL,1.0,1.0,72854.31699830735,5984000,13473.936426797172,False,1.0,0.0,0.0,0.6913637392715749,WATCH,S2,-0.28834390370003177,18.76,437.73653211694966,57.6,1.76,0.0,439.6828308105469,369.936279296875,41557.90234375,3,4,CAUTIOUS,0.85,CLEAR,1482,NORMAL,0.0,0,0,0,0,0,0,0,NORMAL,POSITIVE,0.45,1.0
469786794.94162625,500000000.0,-0.06042641011674754,0.50113032128471,0.1916173019034774,0.14765397494212176,0.15944022869511806,RISK_ON,0.1855169061026058,1.0,NORMAL,1.0,1.0,74307.66872822764,5984000,13473.936426797172,False,1.0,0.0,0.0,0.6928572146133485,WATCH,S2,-0.2888929127055828,19.4,436.4091063304451,57.6,1.78,0.0,439.1357116699219,370.1797180175781,41821.26171875,3,4,CAUTIOUS,0.85,CLEAR,1479,CONTAGION,0.973,0,0,0,0,0,0,0,NORMAL,POSITIVE,0.45,1.0
476153320.6241442,500000000.0,-0.047693358751711656,0.5027346165898655,0.19318970503461372,0.14666865751596234,0.15730839370238203,RISK_ON,0.17340461649361527,1.0,NORMAL,1.0,1.0,46961.64839327929,5984000,13473.936426797172,False,1.0,0.0,0.0,0.6959929654320746,WATCH,S2,-0.2901599308496924,18.41,435.15651893862406,57.6,1.75,0.0,443.1354064941406,375.7405700683594,42735.85546875,3,4,CAUTIOUS,0.85,CLEAR,1478,CONTAGION,0.983,0,0,0,0,0,0,0,NORMAL,POSITIVE,0.45,1.0
479923264.3861068,500000000.0,-0.04015347122778645,0.5015469041652895,0.19711360157968685,0.1451896337407454,0.15607268824371617,RISK_ON,0.159670377358084,1.0,NORMAL,1.0,1.0,37036.76800831222,5984000,13473.936426797172,False,1.0,0.0,0.0,0.6987144271237921,WATCH,S2,-0.2916180662785407,17.62,433.38517054158444,57.6,1.74,0.0,444.3335266113281,377.2306213378906,43949.1015625,3,4,CAUTIOUS,0.85,CLEAR,1477,CONTAGION,0.964,0,0,0,0,0,0,0,NORMAL,POSITIVE,0.45,1.0
468580175.3450666,500000000.0,-0.06283964930986674,0.4953515351642211,0.19564922716589878,0.14895902472783948,0.15985079601005367,RISK_ON,0.1793185530644548,1.0,NORMAL,1.0,1.0,88757.01920376963,5984000,13473.936426797172,False,1.0,0.0,0.0,0.6911316743714784,WATCH,S2,-0.2893371792466511,20.31,438.5368538099916,57.6,1.7,0.0,438.211181640625,367.79376220703125,42591.5703125,3,4,CAUTIOUS,0.85,CLEAR,1476,CONTAGION,0.964,0,0,0,0,0,0,0,NORMAL,POSITIVE,0.45,1.0
471831099.0902411,500000000.0,-0.05633780181951786,0.4973131929553038,0.19661926655562376,0.14717207906979762,0.1587494214939692,RISK_ON,0.16787863670790917,1.0,NORMAL,1.0,1.0,68906.17846799149,5984000,13473.936426797172,False,1.0,0.0,0.0,0.6940338161575987,WATCH,S2,-0.2900782691889586,19.19,432.47032146281924,57.6,1.78,0.0,438.3904113769531,370.08233642578125,43099.69921875,3,4,CAUTIOUS,0.85,CLEAR,1475,CONTAGION,0.967,0,0,0,0,0,0,0,NORMAL,POSITIVE,0.45,1.0
461386504.61895573,500000000.0,-0.0772269907620885,0.4898138334799789,0.1976922772765255,0.1498466463034429,0.1623430968907496,RISK_ON,0.18695129680584033,1.0,NORMAL,1.0,1.0,140328.88258156666,5984000,13473.936426797172,False,1.0,0.0,0.0,0.68771527664094,WATCH,S2,-0.2881772279836133,22.79,428.8712089621149,57.6,1.87,0.0,430.6267395019531,360.8695068359375,42375.6328125,3,4,CAUTIOUS,0.85,CLEAR,1471,CONTAGION,0.948,0,0,0,0,0,0,0,NORMAL,POSITIVE,0.45,1.0
455039439.5400656,500000000.0,-0.08992112091986881,0.5030921737483698,0.1974635000075703,0.15310192920363544,0.14596039357247262,RISK_ON,0.2090159247896375,1.0,WARNING,1.0,1.0,173826.64395921084,5984000,13473.936426797172,False,1.0,0.0,0.0,0.6821780172506953,WATCH,S2,-0.2929189336639367,23.85,430.79441626084025,57.6,1.83,12708.704449087505,426.15521240234375,356.9057922363281,41744.328125,3,4,CAUTIOUS,0.85,CLEAR,1470,CONTAGION,0.948,0,0,0,0,0,0,0,NORMAL,POSITIVE,0.45,1.0
446866697.70386875,500000000.0,-0.10626660459226256,0.4986136653014245,0.19595024498145555,0.15630926335433343,0.14862986216591884,RISK_ON,0.21271600122911932,1.0,WARNING,1.0,1.0,222076.74953126744,5984000,13473.936426797172,False,1.0,0.0,0.0,0.6949092553028373,WATCH,S2,-0.2910537081344681,25.59,431.8123830009132,57.6,1.83,12708.704449087505,421.4385070800781,352.2701721191406,40680.41796875,3,3,CAUTIOUS,0.85,CLEAR,1469,CONTAGION,0.949,0,0,0,0,0,0,0,ELEVATED,NEUTRAL,0.45,1.0
430272570.2801989,500000000.0,-0.13945485943960223,0.30601127536697004,0.18238093231413632,0.1626736384534627,0.3481575035059133,RISK_ON,0.25905880187871233,1.0,DELEVERAGE_1,0.6,0.6,334171.3463986735,5984000,13473.936426797172,False,1.0,0.0,0.0,0.682872091249923,WATCH,S2,-0.21934301014402846,28.85,436.72898602971776,57.6,1.75,221693.3866785646,413.1654357910156,342.5021057128906,36457.31640625,0,2,CAUTIOUS,0.85,CLEAR,1468,CONTAGION,0.907,0,0,0,0,0,0,0,ELEVATED,NEUTRAL,0.45,1.0
430735200.64703065,500000000.0,-0.13852959870593873,0.30635296177644095,0.1831695563074018,0.1619436865924651,0.34778356556603696,RISK_ON,0.2668170849105103,1.0,DELEVERAGE_1,0.6,0.6,323150.3651949637,5984000,13473.936426797172,False,1.0,0.0,0.0,0.4898900481759635,NORMAL,S2,-0.21965103408973174,29.9,435.15943740432897,57.6,1.75,221693.3866785646,414.9200439453125,344.0701599121094,36654.328125,0,2,CAUTIOUS,0.85,CLEAR,1465,CONTAGION,0.91,0,0,0,0,0,0,0,ELEVATED,NEUTRAL,0.45,1.0
427287036.2676868,500000000.0,-0.14542592746462646,0.29866183905296995,0.186157345948763,0.16363165226818724,0.3505901447521996,RISK_ON,0.2722755719700828,1.0,DELEVERAGE_1,0.6,0.6,409775.94949586265,5984000,13473.936426797172,False,1.0,0.0,0.0,0.4852845816399136,NORMAL,S2,-0.21872218476199046,31.16,435.2569310957389,57.6,1.78,221693.3866785646,409.854248046875,336.0940246582031,36954.00390625,0,2,CAUTIOUS,0.85,CLEAR,1464,CONTAGION,0.9,0,0,0,0,0,0,0,ELEVATED,NEGATIVE,0.45,1.0
427705106.5825894,500000000.0,-0.14458978683482127,0.3013532765529401,0.1854626448490776,0.16195506503415344,0.35024745225224463,RISK_ON,0.2762706669188202,1.0,DELEVERAGE_1,0.6,0.6,419818.7853884943,5984000,13473.936426797172,False,1.0,0.0,0.0,0.48729423056609955,NORMAL,S2,-0.21900596404160744,31.96,432.65347213869586,57.6,1.85,221693.3866785646,408.82598876953125,335.5682067871094,36852.12109375,0,2,CAUTIOUS,0.85,CLEAR,1463,CONTAGION,0.898,0,0,0,0,0,0,0,ELEVATED,NEGATIVE,0.45,1.0
422918609.9225468,500000000.0,-0.15416278015490636,0.2910716300260587,0.18901786416393787,0.16465269876667415,0.35421147327440017,RISK_ON,0.26382124358054687,1.0,DELEVERAGE_1,0.6,0.6,442514.0230705435,5984000,13473.936426797172,False,1.0,0.0,0.0,0.48059235419928437,NORMAL,S2,-0.21806020021369457,30.49,437.7377818336961,57.6,1.81,221693.3866785646,406.807373046875,332.1888122558594,37138.234375,0,2,CAUTIOUS,0.85,CLEAR,1462,CONTAGION,0.881,0,0,0,0,0,0,0,ELEVATED,NEGATIVE,0.45,1.0
427295600.9601667,500000000.0,-0.14540879807966667,0.2952552394999259,0.19033634356533122,0.1631018181903058,0.35058311754019567,RISK_ON,0.24061714540636628,1.0,DELEVERAGE_1,0.6,0.6,309140.3359496746,5984000,13473.936426797172,False,1.0,0.0,0.0,0.4859431538033635,NORMAL,S2,-0.22000398846660849,27.66,436.4095000837829,57.6,1.78,221693.3866785646,416.91046142578125,342.6092529296875,37784.33203125,0,2,CAUTIOUS,0.85,CLEAR,1461,CONTAGION,0.885,0,0,0,0,0,0,0,ELEVATED,NEUTRAL,0.45,1.0
436156751.2648391,500000000.0,-0.1276864974703218,0.3070177646846825,0.18991799950192476,0.15917929727007052,0.343460518406294,RISK_ON,0.21266696304839477,1.0,DELEVERAGE_1,0.6,0.6,185113.7081375579,5984000,13473.936426797172,False,1.0,0.0,0.0,0.4971467632840034,NORMAL,S2,-0.2232682271554723,24.83,436.58778538432244,57.6,1.79,221693.3866785646,424.41949462890625,353.56549072265625,38483.125,0,3,CAUTIOUS,0.85,CLEAR,1458,CONTAGION,0.875,0,0,0,0,0,0,0,NORMAL,POSITIVE,0.45,1.0
437734188.90794635,500000000.0,-0.1245316221841073,0.30855687714836233,0.1905128343871646,0.158383336779299,0.34222280939387517,RISK_ON,0.1909119598042464,1.0,DELEVERAGE_1,0.6,0.6,141888.1629724741,5984000,13473.936426797172,False,1.0,0.0,0.0,0.4992315335887129,NORMAL,S2,-0.22396383408707754,21.96,434.8294568166011,58.6,1.81,221693.3866785646,427.2872619628906,355.9708557128906,38743.2734375,0,3,CAUTIOUS,0.85,CLEAR,1457,CONTAGION,0.877,0,0,0,0,0,0,0,NORMAL,POSITIVE,0.45,1.0
435377907.09189713,500000000.0,-0.12924418581620578,0.31323907019554476,0.1999489316882986,0.15973781644813123,0.3267929559712732,RISK_ON,0.19135819087220945,1.0,DELEVERAGE_1,0.6,0.6,122439.4552724418,5984000,13473.936426797172,False,1.0,0.0,0.0,0.49605857408973086,NORMAL,S2,-0.23072312937287656,22.09,433.71603240606345,58.6,1.78,232962.76861467928,431.43798828125,358.86328125,36952.984375,0,3,CAUTIOUS,0.85,CLEAR,1456,CONTAGION,0.841,0,0,0,0,0,0,0,NORMAL,POSITIVE,0.0,1.0
430516539.4778998,500000000.0,-0.1389669210442004,0.30471881083984503,0.20330999266444513,0.16089777305188196,0.33048308293960715,RISK_ON,0.21051831173583704,1.0,DELEVERAGE_1,0.6,0.6,254151.35099080048,5984000,13473.936426797172,False,1.0,0.0,0.0,0.5083288906378993,NORMAL,S2,-0.2296347498952683,24.35,434.4055195597284,58.6,1.82,232962.76861467928,421.2970886230469,344.3135986328125,37154.6015625,0,3,CAUTIOUS,0.85,CLEAR,1455,CONTAGION,0.826,0,0,0,0,0,0,0,NORMAL,POSITIVE,0.0,1.0
442459229.0931126,500000000.0,-0.11508154181377483,0.3552016137802615,0.2209632007016863,0.155843054923345,0.267532074252707,RISK_ON,0.1980393155567359,1.0,WARNING,1.0,0.7136950904392765,203556.1744208126,5984000,13473.936426797172,False,1.0,0.0,0.0,0.5224130663019958,NORMAL,S2,-0.25532807446329386,23.22,429.7500497374171,58.6,1.93,268768.6566200911,423.2780456542969,348.6571044921875,41500.875,1,4,CAUTIOUS,0.85,CLEAR,1454,CONTAGION,0.846,0,0,0,0,0,0,0,NORMAL,POSITIVE,0.0,1.25
448095898.01251835,500000000.0,-0.10380820397496326,0.3811790608286327,0.23048271390574393,0.15385524296608527,0.23399081864740415,RISK_ON,0.19612976223968917,1.0,WARNING,1.0,0.7963553005486718,220536.5136721326,5984000,13473.936426797172,False,1.0,0.0,0.0,0.5817910850891268,NORMAL,S2,-0.26898491981713074,22.86,431.71031801852956,58.6,1.92,289020.8423260939,421.919677734375,345.85235595703125,43840.28515625,2,4,CAUTIOUS,0.85,CLEAR,1451,CONTAGION,0.853,0,0,0,0,0,0,0,NORMAL,POSITIVE,0.0,1.25
452869513.97710496,500000000.0,-0.09426097204579009,0.5100352323975981,0.2295002013601785,0.15179883627582902,0.10828389022204685,RISK_ON,0.17585042968474224,1.0,WARNING,1.0,1.0,172923.5794398792,5984000,13473.936426797172,False,1.0,0.0,0.0,0.6165776001847929,NORMAL,S2,-0.31194009226973224,21.44,429.65547804599896,58.6,1.96,344776.93950100336,425.39105224609375,349.73809814453125,44118.4453125,3,4,CAUTIOUS,0.85,CLEAR,1450,CONTAGION,0.845,0,0,0,0,0,0,0,NORMAL,POSITIVE,0.0,1.25
461799156.57829356,500000000.0,-0.07640168684341286,0.5180215383706683,0.22618652379451568,0.14937499913114882,0.106190043957117,RISK_ON,0.1622860576018973,1.0,NORMAL,1.0,1.0,104779.80258886478,5984000,13473.936426797172,False,1.0,0.0,0.0,0.744376957386268,WATCH,S2,-0.3126071922812472,19.96,428.19104838411454,58.6,1.94,344776.93950100336,431.6171875,357.1493225097656,44338.796875,3,4,CAUTIOUS,0.85,CLEAR,1449,CONTAGION,0.821,0,0,0,0,0,0,0,NORMAL,POSITIVE,0.0,1.0
453520973.7472355,500000000.0,-0.09295805250552902,0.5142761693149298,0.2262962869950253,0.1508721266094007,0.10812834593122822,RISK_ON,0.19595217988539507,1.0,WARNING,1.0,1.0,193685.72354252357,5984000,13473.936426797172,False,1.0,0.0,0.0,0.7408888685706451,WATCH,S2,-0.31135965069158633,23.91,427.87268076137275,58.6,2.03,344776.93950100336,423.8629455566406,349.06610107421875,43565.11328125,3,4,CAUTIOUS,0.85,CLEAR,1448,CONTAGION,0.82,0,0,0,0,0,0,0,NORMAL,POSITIVE,0.0,1.0
439964493.86736864,500000000.0,-0.12007101226526273,0.3059640077279876,0.22707299012649812,0.1582497330625229,0.30797269120551807,RISK_ON,0.23054550825742753,1.0,DELEVERAGE_1,0.6,0.6,325827.9710318621,5984000,13473.936426797172,False,1.0,0.0,0.0,0.730170025051371,WATCH,S2,-0.241735729370226,27.36,436.24251376237925,58.6,1.92,474659.62824631925,415.5048828125,337.9931640625,42407.9375,0,2,CAUTIOUS,0.85,CLEAR,1447,CONTAGION,0.814,0,0,0,0,0,0,0,ELEVATED,NEUTRAL,0.0,1.0
441195238.7207382,500000000.0,-0.11760952255852364,0.3075750410445515,0.22739523042542506,0.1571886622179543,0.30711357992911675,RISK_ON,0.23553195080596837,1.0,WARNING,1.0,0.6,320963.52839279274,5984000,13473.936426797172,False,1.0,0.0,0.0,0.535359738389636,NORMAL,S2,-0.24211945711802307,28.33,430.6961084861378,58.6,1.98,474659.62824631925,414.1464538574219,338.4118957519531,42586.91796875,0,3,CAUTIOUS,0.85,CLEAR,1444,CONTAGION,0.814,0,0,0,0,0,0,0,ELEVATED,NEUTRAL,0.0,1.25
453500088.2357025,500000000.0,-0.09299982352859493,0.3180513419136877,0.23155379972428716,0.15113913400841547,0.29878064575101876,RISK_ON,0.2098771919711513,1.0,WARNING,1.0,0.6,215448.188193908,5984000,13473.936426797172,False,1.0,0.0,0.0,0.5498663713853044,NORMAL,S2,-0.24720443373996132,25.7,425.5096056662046,58.6,2.05,474659.62824631925,420.825439453125,346.8262023925781,44575.203125,0,3,CAUTIOUS,0.85,CLEAR,1443,CONTAGION,0.824,0,0,0,0,0,0,0,ELEVATED,NEUTRAL,0.45,1.0
451796120.12789065,500000000.0,-0.09640775974421867,0.3291028179973408,0.22922897513285728,0.1525871649825454,0.28862896377372776,RISK_ON,0.2027629420375183,1.0,WARNING,1.0,0.7086867023466448,204247.13768705147,5984000,13473.936426797172,False,1.0,0.0,0.0,0.5473083205536673,NORMAL,S2,-0.24989183749253682,24.29,422.3370462530068,58.6,2.03,482291.58514352865,421.2970886230469,346.73858642578125,43961.859375,1,4,CAUTIOUS,0.85,CLEAR,1442,CONTAGION,0.823,0,0,0,0,0,0,0,NORMAL,POSITIVE,0.45,1.0
435848604.5073639,500000000.0,-0.1283027909852722,0.308908437369999,0.21911027358016605,0.1590392567932872,0.31277741626551847,RISK_ON,0.23420955057848403,1.0,DELEVERAGE_1,0.6,0.6,71747.64996972587,5211600,-249990.03386706492,False,1.0,0.0,0.0,0.5414332052493747,NORMAL,S2,-0.23871317397337713,28.11,426.17664208904705,58.6,1.97,496473.7666997881,412.29754638671875,336.42523193359375,40538.01171875,0,2,CAUTIOUS,0.85,CLEAR,1441,CONTAGION,0.834,0,0,0,0,0,0,0,ELEVATED,NEUTRAL,0.45,1.0
432538059.1550826,500000000.0,-0.13492388168983482,0.3055794783503822,0.21802576287349884,0.1610382945288417,0.31517134160873345,RISK_ON,0.22830348906606965,1.0,DELEVERAGE_1,0.6,0.6,80072.58678142891,5211600,-249990.03386706492,False,1.0,0.0,0.0,0.5237021903551708,NORMAL,S2,-0.2373780687709119,27.75,426.93438653868753,58.6,1.92,496473.7666997881,409.6278991699219,332.5881652832031,40030.9765625,0,2,CAUTIOUS,0.85,CLEAR,1440,CONTAGION,0.836,0,0,0,0,0,0,0,ELEVATED,NEUTRAL,0.45,1.0
426361082.3120086,500000000.0,-0.1472778353759827,0.30455663887512097,0.21154302299160593,0.16394171352214618,0.3197374386553045,RISK_ON,0.23785285471692844,1.0,DELEVERAGE_1,0.6,0.6,94305.0835166778,5211600,-249990.03386706492,False,1.0,0.0,0.0,0.5162138411185835,NORMAL,S2,-0.23390823077893505,28.81,427.70713881392834,58.6,1.94,496473.7666997881,405.2318420410156,329.247802734375,38286.02734375,0,2,CAUTIOUS,0.85,CLEAR,1436,CONTAGION,0.833,0,0,0,0,0,0,0,ELEVATED,NEUTRAL,0.45,1.0
416373660.53834826,500000000.0,-0.16725267892330353,0.293989941192301,0.21101902184701088,0.16723128137129395,0.32740687829409326,RISK_ON,0.2534036797920975,1.0,DELEVERAGE_1,0.6,0.6,146928.81116533626,5211600,-249990.03386706492,False,1.0,0.0,0.0,0.5051872321434112,NORMAL,S2,-0.23013977498808774,31.02,422.0537520344482,58.6,1.99,496473.7666997881,398.0436096191406,320.81396484375,37296.5703125,0,2,CAUTIOUS,0.85,CLEAR,1435,CONTAGION,0.832,0,0,0,0,0,0,0,ELEVATED,NEGATIVE,0.45,1.0
424354085.6425474,500000000.0,-0.1512918287149051,0.3013594808344028,0.2128021212027195,0.1643677945811126,0.3212496474361192,RISK_ON,0.24748475541745005,1.0,DELEVERAGE_1,0.6,0.6,93763.55828188,5211600,-249990.03386706492,False,1.0,0.0,0.0,0.514275234207819,NORMAL,S2,-0.23327543157275976,30.32,420.18889587862304,58.6,1.96,496473.7666997881,404.033935546875,331.5947570800781,38332.609375,0,2,CAUTIOUS,0.85,CLEAR,1434,CONTAGION,0.832,0,0,0,0,0,0,0,ELEVATED,NEGATIVE,0.45,1.0
428403335.77889055,500000000.0,-0.14319332844221888,0.3034371227707867,0.21563868777348918,0.16257418241549318,0.3182132094113876,RISK_ON,0.22842011842163756,1.0,DELEVERAGE_1,0.6,0.6,58604.56052317147,5211600,-249990.03386706492,False,1.0,0.0,0.0,0.5191468285994499,NORMAL,S2,-0.23534338355503653,27.59,418.95617263853194,58.6,1.97,496473.7666997881,412.94842529296875,336.73675537109375,39214.21875,0,2,CAUTIOUS,0.85,CLEAR,1433,CONTAGION,0.832,0,0,0,0,0,0,0,ELEVATED,NEUTRAL,0.45,1.0
440201478.07011074,500000000.0,-0.11959704385977854,0.30681263050052476,0.23115334713400973,0.16027309560579536,0.3016075659829038,RISK_ON,0.26711200146716974,1.0,WARNING,1.0,0.6,67509.64061060193,5211600,-249990.03386706492,False,1.0,0.0,0.0,0.5299797303972874,NORMAL,S2,-0.2446882152440886,30.15,426.66285704500865,58.6,1.83,505340.3603604923,411.8918762207031,337.7399597167969,43193.234375,0,3,CAUTIOUS,0.85,CLEAR,1430,CONTAGION,0.844,0,0,0,0,0,0,0,ELEVATED,NEGATIVE,0.45,1.0
439672114.6118298,500000000.0,-0.12065577077634038,0.29718503252336465,0.237654510571898,0.1629545054412833,0.30197070027972717,RISK_ON,0.2898074378036477,1.0,DELEVERAGE_1,0.6,0.6,103433.38541411265,5211600,-249990.03386706492,False,1.0,0.0,0.0,0.5349653943375334,NORMAL,S2,-0.24509763363391984,33.32,431.4528801592836,57.1,1.72,505340.3603604923,405.6186828613281,332.5686340332031,44354.63671875,0,2,CAUTIOUS,0.85,CLEAR,1429,CONTAGION,0.84,0,0,0,0,0,0,0,ELEVATED,NEGATIVE,0.45,1.0
441058609.28190935,500000000.0,-0.11788278143618136,0.3046473608379889,0.23460793388160997,0.1595708645974757,0.30102143694454436,RISK_ON,0.2636728021262344,1.0,WARNING,1.0,0.6,67218.98089971846,5211600,-249990.03386706492,False,1.0,0.0,0.0,0.5393374917695937,NORMAL,S2,-0.24521709107009923,30.74,417.7106200482116,57.1,1.86,505340.3603604923,413.0804748535156,338.1489562988281,43924.1171875,0,3,CAUTIOUS,0.85,CLEAR,1428,CONTAGION,0.84,0,0,0,0,0,0,0,ELEVATED,NEGATIVE,0.45,1.0
433760810.5177401,500000000.0,-0.13247837896451986,0.29992785469805483,0.2305587680414583,0.16324571628163032,0.306085965175899,RISK_ON,0.2574818436856801,1.0,DELEVERAGE_1,0.6,0.6,78812.51875853077,5211600,-249990.03386706492,False,1.0,0.0,0.0,0.5305830274487211,NORMAL,S2,-0.24196872826875826,30.48,422.89831599096794,57.1,1.86,505340.3603604923,411.0240783691406,333.31854248046875,42451.7890625,0,2,CAUTIOUS,0.85,CLEAR,1427,CONTAGION,0.843,0,0,0,0,0,0,0,ELEVATED,NEGATIVE,0.45,1.0
423322929.9372842,500000000.0,-0.1533541401254317,0.2991243083651543,0.19995948938439714,0.16923973617578097,0.33142931104403844,RISK_ON,0.2738192184473908,1.0,DELEVERAGE_1,0.6,0.6,104626.39171465836,5211600,-249990.03386706492,False,1.0,0.0,0.0,0.5170293046725294,NORMAL,S2,-0.226272306920261,31.98,428.6987024985811,57.1,1.74,524221.3896222847,407.6846008300781,328.48809814453125,39137.60546875,0,2,CAUTIOUS,0.85,CLEAR,1426,CONTAGION,0.85,0,0,0,0,0,0,0,ELEVATED,NEGATIVE,0.45,1.0
416153719.9915186,500000000.0,-0.16769256001696276,0.29110049793865383,0.197814367128449,0.17348624635983398,0.3371389471686502,RISK_ON,0.3190616266292546,1.0,DELEVERAGE_1,0.6,0.6,191406.32642461546,5211600,-249990.03386706492,False,1.0,0.0,0.0,0.4891398407324037,NORMAL,S2,-0.22250594291781442,36.45,426.0372246857554,57.1,1.78,524221.3896222847,395.6663818359375,316.3730773925781,38062.0390625,0,2,CAUTIOUS,0.85,CLEAR,1423,CONTAGION,0.828,0,0,0,0,0,0,0,ACTIVE,NEGATIVE,0.45,1.0
419899179.92033446,500000000.0,-0.16020164015933114,0.29286915016537357,0.1995278580547723,0.17302486533038883,0.33413170048314134,RISK_ON,0.30301090798776736,1.0,DELEVERAGE_1,0.6,0.6,187453.8971545442,5211600,-249990.03386706492,False,1.0,0.0,0.0,0.49261692520700895,NORMAL,S2,-0.2235406057306044,35.13,424.14317997961234,57.1,1.86,524221.3896222847,392.6665954589844,314.90252685546875,38737.26953125,0,2,CAUTIOUS,0.85,CLEAR,1422,CONTAGION,0.829,0,0,0,0,0,0,0,ACTIVE,NEGATIVE,0.45,1.0
431220033.9139289,500000000.0,-0.13755993217214213,0.2984834693170148,0.21056846597253992,0.1653375634612598,0.32535971426193505,RISK_ON,0.27414249137286595,1.0,DELEVERAGE_1,0.6,0.6,108144.37314732753,5211600,-249990.03386706492,False,1.0,0.0,0.0,0.5091796309151613,NORMAL,S2,-0.23067972909816817,32.45,419.0232202522096,57.1,1.94,524221.3896222847,403.1943054199219,326.238525390625,41982.92578125,0,2,CAUTIOUS,0.85,CLEAR,1421,CONTAGION,0.847,0,0,0,0,0,0,0,ELEVATED,NEGATIVE,0.45,1.0
423772234.4918612,500000000.0,-0.1524555310162775,0.2998315402577642,0.20127786145403667,0.16756086131789075,0.3310779130834076,RISK_ON,0.24572489263126138,1.0,DELEVERAGE_1,0.6,0.6,106715.97125032861,5211600,-249990.03386706492,False,1.0,0.0,0.0,0.5012356248150949,NORMAL,S2,-0.22619023561566692,30.23,416.6248108795763,57.1,1.98,524221.3896222847,401.3736572265625,322.6155700683594,39437.4609375,0,2,CAUTIOUS,0.85,CLEAR,1420,CONTAGION,0.852,0,0,0,0,0,0,0,ELEVATED,NEGATIVE,0.0,1.0
419551096.8220515,500000000.0,-0.1608978063558969,0.29588608545486084,0.19999086128600313,0.16937600627239277,0.33440891486398716,RISK_ON,0.2527897520922127,1.0,DELEVERAGE_1,0.6,0.6,141863.70297306127,5211600,-249990.03386706492,False,1.0,0.0,0.0,0.496044675379932,NORMAL,S2,-0.22443701058990642,30.75,421.97102810744065,57.1,2.0,524221.3896222847,396.2701110839844,315.9251403808594,38794.97265625,0,2,CAUTIOUS,0.85,CLEAR,1419,CONTAGION,0.86,0,0,0,0,0,0,0,ELEVATED,NEGATIVE,0.45,1.0
415836482.8237068,500000000.0,-0.16832703435258634,0.2878266856409181,0.2063115939395895,0.1680324894667121,0.33739614683528985,RISK_ON,0.2630682766437172,1.0,DELEVERAGE_1,0.6,0.6,180092.17618407487,5211600,-249990.03386706492,False,1.0,0.0,0.0,0.49435237574288554,NORMAL,S2,-0.22471359463351134,31.77,419.905471245388,57.1,2.14,524221.3896222847,393.3741149902344,309.8579406738281,39666.75390625,0,2,CAUTIOUS,0.85,CLEAR,1416,CONTAGION,0.848,0,0,0,0,0,0,0,ELEVATED,NEGATIVE,0.45,1.0
421070360.48145705,500000000.0,-0.15785927903708585,0.2999684327581791,0.20206255185564037,0.16450809960525073,0.3332023343030729,RISK_ON,0.24372705515447043,1.0,DELEVERAGE_1,0.6,0.6,108880.99609507463,5211600,-249990.03386706492,False,1.0,0.0,0.0,0.502160834104424,NORMAL,S2,-0.22637895646931552,29.83,420.1760290462808,57.1,2.15,524221.3896222847,402.0245361328125,319.5771179199219,39338.78515625,0,2,CAUTIOUS,0.85,CLEAR,1415,CONTAGION,0.842,0,0,0,0,0,0,0,ELEVATED,NEUTRAL,0.0,1.0
431519548.93251514,500000000.0,-0.1369609021349697,0.30747834050631223,0.20621718560340593,0.16106555816955762,0.32513388412027533,RISK_ON,0.21744888199309215,1.0,DELEVERAGE_1,0.6,0.6,45323.188849417944,5211600,-249990.03386706492,False,1.0,0.0,0.0,0.5137494860404668,NORMAL,S2,-0.23091155885532905,26.67,415.9386128456298,57.1,2.19,524221.3896222847,410.93914794921875,331.4292907714844,41143.9296875,0,2,CAUTIOUS,0.85,CLEAR,1414,CONTAGION,0.846,0,0,0,0,0,0,0,ELEVATED,NEUTRAL,0.0,1.0
432958539.8296972,500000000.0,-0.13408292034060565,0.31086151961437897,0.20456992267627758,0.16044454255781546,0.3240532617128768,RISK_ON,0.21757548686180067,1.0,DELEVERAGE_1,0.6,0.6,30633.305486398127,5211600,-249990.03386706492,False,1.0,0.0,0.0,0.5154679134180453,NORMAL,S2,-0.23096142829537603,25.67,418.22703243010307,57.1,2.2,524221.3896222847,416.080322265625,335.4415588378906,40951.37890625,0,2,CAUTIOUS,0.85,CLEAR,1413,CONTAGION,0.851,0,0,0,0,0,0,0,ELEVATED,NEUTRAL,0.0,1.0
438892284.1481128,500000000.0,-0.12221543170377447,0.315549486986997,0.20599178947514543,0.15875528183993654,0.3196721202118703,RISK_ON,0.20580932697812154,1.0,DELEVERAGE_1,0.6,0.6,13746.758555690658,5211600,-249990.03386706492,False,1.0,0.0,0.0,0.5215576124216246,NORMAL,S2,-0.2333609682676644,23.87,417.2060236971436,57.1,2.14,524221.3896222847,420.6375732421875,342.3074951171875,41801.15625,0,3,CAUTIOUS,0.85,CLEAR,1412,CONTAGION,0.857,0,0,0,0,0,0,0,NORMAL,POSITIVE,0.0,1.0
437172751.65006447,500000000.0,-0.12565449669987105,0.31665662160016056,0.20322434175257992,0.15916194005911294,0.320929487230628,RISK_ON,0.1994946801452169,1.0,DELEVERAGE_1,0.6,0.6,12070.05879771622,5211600,-249990.03386706492,False,1.0,0.0,0.0,0.5198953173284289,NORMAL,S2,-0.23181875775058702,23.53,415.33043709156783,57.1,2.32,524221.3896222847,420.51458740234375,341.355712890625,41077.99609375,0,3,CAUTIOUS,0.85,CLEAR,1409,CONTAGION,0.854,0,0,0,0,0,0,0,NORMAL,POSITIVE,0.0,1.0
442668249.7286854,500000000.0,-0.1146635005426292,0.34441916762215824,0.20695928933696128,0.1567647201171515,0.29184422361282886,RISK_ON,0.20084365290717013,1.0,WARNING,1.0,0.7150828247602441,5577.314903907823,5211600,-249990.03386706492,False,1.0,0.0,0.0,0.526301807290589,NORMAL,S2,-0.24278425656487532,22.94,409.38227356854435,57.1,2.38,540863.6093299331,425.4352111816406,348.0643005371094,42358.80859375,1,4,CAUTIOUS,0.85,CLEAR,1408,CONTAGION,0.858,0,0,0,0,0,0,0,NORMAL,POSITIVE,0.0,1.25
441837557.44806284,500000000.0,-0.11632488510387429,0.3975963475603952,0.20996307255095584,0.15960485912329783,0.23281425976065764,RISK_ON,0.2015604522196725,1.0,WARNING,1.0,0.7948644690785466,9482.277894193669,5211600,-249990.03386706492,False,1.0,0.0,0.0,0.5480328564668541,NORMAL,S2,-0.2629053303603995,23.57,414.1185828678647,57.1,2.32,580290.6005257246,419.9562683105469,343.0621337890625,42892.95703125,2,4,CAUTIOUS,0.85,CLEAR,1407,CONTAGION,0.859,0,0,0,0,0,0,0,NORMAL,POSITIVE,0.0,1.25
451213799.02699083,500000000.0,-0.09757240194601835,0.5102175575864092,0.21071919357718014,0.1556191779311946,0.12343829806656942,RISK_ON,0.1886903910954157,1.0,WARNING,1.0,1.0,2604.7844569320155,5211600,-249990.03386706492,False,1.0,0.0,0.0,0.6164422944542416,NORMAL,S2,-0.30107796655262875,21.67,412.81136865453857,57.1,2.34,627412.4990828524,426.2868957519531,350.687255859375,43960.93359375,3,4,CAUTIOUS,0.85,CLEAR,1406,CONTAGION,0.871,0,0,0,0,0,0,0,NORMAL,POSITIVE,0.0,1.25
450485883.0726413,500000000.0,-0.09902823385471737,0.5082789012473504,0.21292152479874732,0.15515768500902438,0.12363775538569237,RISK_ON,0.18566127096538745,1.0,WARNING,1.0,1.0,1862.110059904187,5211600,-249990.03386706492,False,1.0,0.0,0.0,0.7212034071830662,WATCH,S2,-0.3013373839316194,20.81,412.25690306859127,57.1,2.48,627412.4990828524,428.3686218261719,350.39471435546875,44348.73046875,3,4,CAUTIOUS,0.85,CLEAR,1405,CONTAGION,0.873,0,0,0,0,0,0,0,NORMAL,POSITIVE,0.0,1.0
461046706.52446723,500000000.0,-0.07790658695106556,0.5069936800137231,0.22108215191790992,0.15111760305994631,0.1208056854714503,RISK_ON,0.17172508245488327,1.0,NORMAL,1.0,1.0,405.50762336371,5211600,-249990.03386706492,False,1.0,0.0,0.0,0.7280764723018076,WATCH,S2,-0.30507741097136276,19.63,411.678729198429,57.1,2.46,627412.4990828524,431.4156799316406,355.81610107421875,47128.00390625,3,4,CAUTIOUS,0.85,CLEAR,1402,CONTAGION,0.892,0,0,0,0,0,0,0,NORMAL,POSITIVE,0.0,1.0
467296317.15863913,500000000.0,-0.06540736568272176,0.5116686421370307,0.21968852446697149,0.14945261203246935,0.11919003289969143,RISK_ON,0.166453744159295,1.0,NORMAL,1.0,1.0,88.06845701232066,5211600,-249990.03386706492,False,1.0,0.0,0.0,0.7313573044384061,WATCH,S2,-0.30586607025961965,18.9,408.6133831226346,57.1,2.41,627412.4990828524,436.7525634765625,361.9396667480469,47465.73046875,3,4,CAUTIOUS,0.85,CLEAR,1401,CONTAGION,0.886,0,0,0,0,0,0,0,NORMAL,POSITIVE,0.0,1.0
461456721.27526563,500000000.0,-0.07708655744946868,0.5066656372157202,0.22057947206033648,0.15205613553245012,0.1206983468831495,RISK_ON,0.1708661607159391,1.0,NORMAL,1.0,1.0,188.41662948832854,5211600,-249990.03386706492,False,1.0,0.0,0.0,0.7272454062164239,WATCH,S2,-0.3049713052481803,19.33,412.82455866044734,57.1,2.35,627412.4990828524,434.0557861328125,357.9418029785156,47062.6640625,3,4,CAUTIOUS,0.85,CLEAR,1400,CONTAGION,0.881,0,0,0,0,0,0,0,NORMAL,POSITIVE,0.0,1.0
454422735.4555156,500000000.0,-0.0911545290889687,0.5064743672985602,0.21674041839831054,0.15421728302067186,0.12256663029901403,RISK_ON,0.1856598103409122,1.0,WARNING,1.0,1.0,591.1964550619899,5211600,-249990.03386706492,False,1.0,0.0,0.0,0.7232157265885569,WATCH,S2,-0.3031632309564479,20.56,413.8675588462981,57.1,2.32,627412.4990828524,427.37506103515625,353.5052185058594,45538.67578125,3,4,CAUTIOUS,0.85,CLEAR,1399,CONTAGION,0.884,0,0,0,0,0,0,0,NORMAL,POSITIVE,0.0,1.0
455596546.2147351,500000000.0,-0.08880690757052978,0.5039557812896374,0.2197090370823342,0.15408352491018545,0.12225084645350076,RISK_ON,0.24625061845261043,1.0,WARNING,1.0,1.0,369.15363581854626,5211600,-249990.03386706492,False,1.0,0.0,0.0,0.7236654047322447,WATCH,S2,-0.3039331508993893,19.63,416.55462507110576,55.4,2.39,627412.4990828524,428.58624267578125,352.8324890136719,46281.64453125,3,4,CAUTIOUS,0.85,CLEAR,1398,CONTAGION,0.864,0,0,0,0,0,0,0,NORMAL,POSITIVE,0.0,1.0
462201351.71133333,500000000.0,-0.07559729657733338,0.5029225904496917,0.2000048971458141,0.15204213086670462,0.1449873136432123,RISK_ON,0.23367042779149538,1.0,NORMAL,1.0,1.0,19906.039089018916,5540400,-230114.150011049,False,1.0,0.0,0.0,0.7274606468943148,WATCH,S2,-0.29262916011436874,18.57,413.35549269250805,55.4,2.42,638759.9913898604,432.2578125,360.0967712402344,46622.67578125,3,4,CAUTIOUS,0.85,CLEAR,1395,CONTAGION,0.855,0,0,0,0,0,0,0,NORMAL,POSITIVE,0.0,1.0
449840528.1479765,500000000.0,-0.10031894370404693,0.5066030051747471,0.20079901364131209,0.15475566169024182,0.1377344098592045,RISK_ON,0.2386855173933303,1.0,WARNING,1.0,1.0,48542.126973202576,5540400,-230114.150011049,False,1.0,0.0,0.0,0.6962436608827411,WATCH,S2,-0.29427870294733405,21.03,409.6960927880607,55.4,2.54,643809.754298625,426.79779052734375,352.1011657714844,45555.9921875,3,4,CAUTIOUS,0.85,CLEAR,1394,CONTAGION,0.84,0,0,0,0,0,0,0,NORMAL,POSITIVE,0.0,1.0
436487434.4735221,500000000.0,-0.12702513105295576,0.30613441854537854,0.19627020774442738,0.1589759174157377,0.33843563151864875,RISK_ON,0.2561557371381365,1.0,DELEVERAGE_1,0.6,0.6,80237.20478500648,5540400,-230114.150011049,False,1.0,0.0,0.0,0.6991095835209064,WATCH,S2,-0.22402305888425014,22.1,411.27740123783076,55.4,2.61,772649.5853363621,422.5301208496094,344.45648193359375,43206.73828125,0,3,CAUTIOUS,0.85,CLEAR,1393,CONTAGION,0.853,0,0,0,0,0,0,0,NORMAL,POSITIVE,0.0,1.0
436659587.126042,500000000.0,-0.12668082574791595,0.30526857367916616,0.19754194037922765,0.15872272932476833,0.33830220357296537,RISK_ON,0.23820221116008028,1.0,DELEVERAGE_1,0.6,0.6,71853.66419768815,5540400,-230114.150011049,False,1.0,0.0,0.0,0.5028932666761683,NORMAL,S2,-0.2242318449971159,21.55,408.878672551143,55.4,2.66,772649.5853363621,424.65924072265625,345.27557373046875,43503.84765625,0,3,CAUTIOUS,0.85,CLEAR,1392,CONTAGION,0.854,0,0,0,0,0,0,0,NORMAL,POSITIVE,0.0,1.0
431076873.3221975,500000000.0,-0.13784625335560496,0.3019898351404244,0.1945062752471997,0.1606186636886325,0.3426834276623082,RISK_ON,0.23889713024500786,1.0,DELEVERAGE_1,0.6,0.6,86990.56358136774,5540400,-230114.150011049,False,1.0,0.0,0.0,0.4965963226621724,NORMAL,S2,-0.22147281380990408,21.16,407.44166853462525,55.4,2.72,772649.5853363621,423.5237731933594,340.4488830566406,42287.6640625,0,3,CAUTIOUS,0.85,CLEAR,1391,CONTAGION,0.856,0,0,0,0,0,0,0,NORMAL,POSITIVE,0.0,1.0
421551331.2995363,500000000.0,-0.15689733740092737,0.29970557638037293,0.18589256555338396,0.1636105262182698,0.35042683907700845,RISK_ON,0.25603178583714836,1.0,DELEVERAGE_1,0.6,0.6,153652.4128492995,5540400,-230114.150011049,False,1.0,0.0,0.0,0.4857752034837407,NORMAL,S2,-0.21614171711039712,24.37,405.14224685074396,55.4,2.79,772649.5853363621,416.2847595214844,332.394775390625,39521.90234375,0,3,CAUTIOUS,0.85,CLEAR,1388,CONTAGION,0.856,0,0,0,0,0,0,0,NORMAL,POSITIVE,0.45,1.0
421868302.62405473,500000000.0,-0.15626339475189055,0.29685694050329553,0.188597716089789,0.16400257517790617,0.35016354539355754,RISK_ON,0.25104415878645253,1.0,DELEVERAGE_1,0.6,0.6,159982.09390829224,5540400,-230114.150011049,False,1.0,0.0,0.0,0.4856388219241401,NORMAL,S2,-0.21654745414040255,24.26,399.60933260818723,55.4,2.72,772649.5853363621,414.7423095703125,330.9906311035156,40127.18359375,0,3,CAUTIOUS,0.85,CLEAR,1387,CONTAGION,0.864,0,0,0,0,0,0,0,NORMAL,POSITIVE,0.45,1.0
427864358.7320805,500000000.0,-0.14427128253583898,0.301296416283229,0.19077212206116784,0.1624427131580475,0.3452563821248364,RISK_ON,0.23534252532238573,1.0,DELEVERAGE_1,0.6,0.6,99421.28905438588,5540400,-230114.150011049,False,1.0,0.0,0.0,0.4921829051007695,NORMAL,S2,-0.21901762810622324,21.82,398.9637301370352,55.4,2.7,772649.5853363621,419.49261474609375,337.7187194824219,41166.73046875,0,3,CAUTIOUS,0.85,CLEAR,1386,CONTAGION,0.87,0,0,0,0,0,0,0,NORMAL,POSITIVE,0.45,1.0
420160947.55314964,500000000.0,-0.1596781048937007,0.29543152829064306,0.1884595969948776,0.16416684109332236,0.35158646084620837,RISK_ON,0.22679601765206353,1.0,DELEVERAGE_1,0.6,0.6,149397.79404651263,5540400,-230114.150011049,False,1.0,0.0,0.0,0.48406324499679476,NORMAL,S2,-0.21567450540016866,22.7,394.9397938679993,55.4,2.83,772649.5853363621,414.2691955566406,329.9960632324219,39935.515625,0,3,CAUTIOUS,0.85,CLEAR,1385,CONTAGION,0.869,0,0,0,0,0,0,0,NORMAL,POSITIVE,0.45,1.0
423060235.77714115,500000000.0,-0.15387952844571773,0.2958587496663743,0.19134254905674533,0.1632961585071419,0.3491769919350644,RISK_ON,0.2107041314790665,1.0,DELEVERAGE_1,0.6,0.6,137727.61287460293,5540400,-230114.150011049,False,1.0,0.0,0.0,0.4873599591646124,ALERT,S2,-0.21713418681928176,22.17,390.0663994354419,55.4,2.85,772649.5853363621,414.43951416015625,330.2496643066406,40826.21484375,0,3,CAUTIOUS,0.85,CLEAR,1381,CONTAGION,0.864,0,0,0,0,0,0,0,NORMAL,POSITIVE,0.45,1.0
427977473.1704766,500000000.0,-0.14404505365904674,0.30183092811723156,0.19227844878004768,0.16051747478848138,0.3451651308693032,RISK_ON,0.20038171845892475,1.0,DELEVERAGE_1,0.6,0.6,89026.78045918352,5540400,-230114.150011049,False,1.0,0.0,0.0,0.494212181652563,ALERT,S2,-0.21937888547661863,21.37,384.2909491637771,55.4,2.93,772649.5853363621,421.129638671875,337.6309814453125,41502.75,0,3,CAUTIOUS,0.85,CLEAR,1380,CONTAGION,0.86,0,0,0,0,0,0,0,NORMAL,POSITIVE,0.45,1.0
426142913.44868594,500000000.0,-0.14771417310262813,0.2984891573061019,0.1925089221472199,0.16210508942812107,0.34665107848564364,RISK_ON,0.20300086069401177,1.0,DELEVERAGE_1,0.6,0.6,104725.74297744897,5540400,-230114.150011049,False,1.0,0.0,0.0,0.49111877318490527,ALERT,S2,-0.21881438225781882,20.32,390.1562269123596,55.4,2.85,772649.5853363621,420.8174133300781,332.70672607421875,41374.37890625,0,3,CAUTIOUS,0.85,CLEAR,1379,CONTAGION,0.859,0,0,0,0,0,0,0,NORMAL,POSITIVE,0.45,1.0
420937318.99841857,500000000.0,-0.15812536200316285,0.29373569853471754,0.19089984002789784,0.16402663938292114,0.35093799924296154,RISK_ON,0.21772313470854743,1.0,DELEVERAGE_1,0.6,0.6,168300.34234802978,5540400,-230114.150011049,False,1.0,0.0,0.0,0.4848293844101891,NORMAL,S2,-0.21639041571911766,22.68,387.0623622851256,55.4,2.9,772649.5853363621,414.5246887207031,325.82275390625,40527.36328125,0,3,CAUTIOUS,0.85,CLEAR,1378,CONTAGION,0.848,0,0,0,0,0,0,0,NORMAL,POSITIVE,0.45,1.0
416155515.14543575,500000000.0,-0.1676889697091285,0.29014511173002744,0.18934347981927813,0.16485572709825508,0.35497042610230906,RISK_ON,0.2762536640107224,1.0,DELEVERAGE_1,0.6,0.6,285172.7516241021,5540400,-230114.150011049,False,1.0,0.0,0.0,0.47981738893417647,NORMAL,S2,-0.21441704401504277,28.21,391.0299111220838,55.4,2.9,772649.5853363621,403.1505126953125,317.290771484375,39740.3203125,0,2,CAUTIOUS,0.85,CLEAR,1377,CONTAGION,0.853,0,0,0,0,0,0,0,NORMAL,NEUTRAL,0.45,1.0
418940534.2727204,500000000.0,-0.16211893145455925,0.2922818923521053,0.19148289555683787,0.16306546173816497,0.3526106653595786,RISK_ON,0.2603285528388019,1.0,DELEVERAGE_1,0.6,0.6,234223.36580253596,5540400,-230114.150011049,False,1.0,0.0,0.0,0.4840354048400215,NORMAL,S2,-0.2164228335341399,27.02,393.15473855120723,55.4,2.81,772649.5853363621,405.4877624511719,321.3666076660156,40458.30859375,0,2,CAUTIOUS,0.85,CLEAR,1374,CONTAGION,0.852,0,0,0,0,0,0,0,NORMAL,NEUTRAL,0.45,1.0
407527260.0678378,500000000.0,-0.1849454798643244,0.15295008435999155,0.18545645118039666,0.16841813552558116,0.4921963183060614,RISK_ON,0.31863750997367013,1.0,DELEVERAGE_2,0.3,0.3,398973.51879358914,5540400,-230114.150011049,False,1.0,0.0,0.0,0.46874853092520663,ALERT,S2,-0.16650185355252642,33.52,397.4791909188447,55.4,2.77,905132.0827768266,393.7445983886719,309.23663330078125,38117.4609375,0,2,CAUTIOUS,0.85,CLEAR,1373,CONTAGION,0.896,0,0,0,0,0,0,0,NORMAL,NEGATIVE,0.45,1.0
409283414.9987951,500000000.0,-0.18143317000240977,0.15206586354130117,0.19010428480755887,0.16680221935456688,0.4900844003545491,RISK_ON,0.31157582514983456,1.0,DELEVERAGE_2,0.3,0.3,386049.1903675011,5540400,-230114.150011049,False,1.0,0.0,0.0,0.3424931988739639,ALERT,S2,-0.1683424193668264,31.6,393.6799619370847,55.4,2.82,905132.0827768266,394.85162353515625,308.8661193847656,39241.12109375,0,2,CAUTIOUS,0.85,CLEAR,1372,CONTAGION,0.91,0,0,0,0,0,0,0,NORMAL,NEGATIVE,0.45,1.0
413088879.3793069,500000000.0,-0.17382224124138612,0.306017396545248,0.19090993720372146,0.16648152194048813,0.33594707064835594,RISK_ON,0.2921864213478802,1.0,DELEVERAGE_1,0.6,0.6,266059.66735038004,5540400,-230114.150011049,False,1.0,0.0,0.0,0.3477721203487891,ALERT,S2,-0.2209847856791168,29.99,391.6142482437234,55.4,2.85,1059265.2949211067,404.8253479003906,319.83575439453125,39773.828125,0,2,CAUTIOUS,0.85,CLEAR,1371,CONTAGION,0.902,0,0,0,0,0,0,0,NORMAL,NEUTRAL,0.45,1.0
405490640.0668289,500000000.0,-0.18901871986634222,0.15294314111023072,0.18879549901998544,0.16852299745656188,0.4886720823720475,RISK_ON,0.3228826378974307,1.0,DELEVERAGE_2,0.3,0.3,432366.5763862795,5540400,-230114.150011049,False,1.0,0.0,0.0,0.48887740489734194,ALERT,S2,-0.16784063826971718,33.4,392.6436720374776,55.4,2.89,1208077.2160212104,389.8647766113281,305.4435729980469,38609.82421875,0,2,CAUTIOUS,0.85,CLEAR,1370,CONTAGION,0.909,0,0,0,0,0,0,0,NORMAL,NEGATIVE,0.45,1.0
406936069.98227286,500000000.0,-0.18612786003545423,0.15774026825208715,0.1877326865009172,0.16669626090059864,0.48693632754762606,RISK_ON,0.2976519447724772,1.0,DELEVERAGE_2,0.3,0.3,363986.73446075566,5540400,-230114.150011049,False,1.0,0.0,0.0,0.3457822420302826,ALERT,S2,-0.16854121171302644,32.34,387.7770762425866,56.1,2.99,1208077.2160212104,392.2115783691406,310.54327392578125,38529.328125,0,2,CAUTIOUS,0.85,CLEAR,1367,CONTAGION,0.905,0,0,0,0,0,0,0,NORMAL,NEGATIVE,0.45,1.0
405357132.86852586,500000000.0,-0.18928573426294826,0.15851619314017193,0.18465411706628335,0.16716767651278883,0.48883302992993244,RISK_ON,0.26825031959574763,1.0,DELEVERAGE_2,0.3,0.3,336034.31428548996,5540400,-230114.150011049,False,1.0,0.0,0.0,0.34345502870700995,ALERT,S2,-0.16736275834858813,29.25,388.75053265957933,56.1,2.97,1208077.2160212104,394.0093994140625,310.8747863769531,37750.453125,0,2,CAUTIOUS,0.85,CLEAR,1366,CONTAGION,0.903,0,0,0,0,0,0,0,NORMAL,NEUTRAL,0.45,1.0
411937916.9733699,500000000.0,-0.1761241660532602,0.3060180336695374,0.19994622627330905,0.1649060822784293,0.32863254458064073,RISK_ON,0.235235185875516,1.0,DELEVERAGE_1,0.6,0.6,204779.7753185157,5540400,-230114.150011049,False,1.0,0.0,0.0,0.3538963684899852,ALERT,S2,-0.22545537336079297,25.42,388.4395955068124,56.1,2.93,1302099.8065348766,406.0081787109375,321.3861389160156,39698.37109375,0,3,CAUTIOUS,0.85,CLEAR,1365,CONTAGION,0.903,0,0,0,0,0,0,0,NORMAL,NEUTRAL,0.45,1.0
397565393.39639777,500000000.0,-0.20486921320720441,0.1529486470196399,0.19087529629156996,0.16944350405333952,0.4857053489154857,RISK_ON,0.285974220489716,1.0,DELEVERAGE_2,0.3,0.3,408380.6510260941,5540400,-230114.150011049,False,1.0,0.0,0.0,0.4897049575025358,ALERT,S2,-0.16859402271272028,31.2,390.4332246257172,56.1,3.05,1446770.062805835,391.5775146484375,305.1998291015625,36575.140625,0,2,CAUTIOUS,0.85,CLEAR,1364,CONTAGION,0.92,0,0,0,0,0,0,0,NORMAL,NEGATIVE,0.45,1.0
395709150.1915827,500000000.0,-0.2085816996168346,0.15196212696687803,0.188969664290347,0.16996222258940163,0.48798375782523723,RISK_ON,0.2759152916615501,1.0,DELEVERAGE_2,0.3,0.3,444076.0180476254,5540400,-230114.150011049,False,1.0,0.0,0.0,0.3413148244220041,ALERT,S2,-0.16701262420661772,30.19,388.0969146740121,56.1,3.12,1446770.062805835,389.24017333984375,301.54327392578125,36040.921875,0,2,CAUTIOUS,0.85,CLEAR,1363,CONTAGION,0.923,0,0,0,0,0,0,0,NORMAL,NEGATIVE,0.45,1.0
378894097.2006636,500000000.0,-0.24221180559867272,0.14613899010569095,0.1659026827143961,0.1766863995636216,0.5096401330687753,RISK_ON,0.3218396988812461,1.0,DELEVERAGE_2,0.3,0.3,618277.3218980213,5540400,-230114.150011049,False,1.0,0.0,0.0,0.31255169296848995,ALERT,S2,-0.15370939028510364,34.75,399.49473623064824,56.1,3.05,1446770.062805835,376.7778625488281,289.74481201171875,30296.953125,0,2,CAUTIOUS,0.85,CLEAR,1360,CONTAGION,0.909,0,0,0,0,0,0,0,NORMAL,NEGATIVE,0.45,1.0
380740813.3065267,500000000.0,-0.2385183733869466,0.14673459743154285,0.1690539569148128,0.17557115480388108,0.5071682135659544,RISK_ON,0.30603436089274705,1.0,DELEVERAGE_2,0.3,0.3,560479.9022874383,5540400,-230114.150011049,False,1.0,0.0,0.0,0.31625410482998717,ALERT,S2,-0.15572158365444733,32.99,398.2953633926736,56.1,2.99,1446770.062805835,377.64837646484375,293.2648620605469,31022.90625,0,2,CAUTIOUS,0.85,CLEAR,1359,CONTAGION,0.9,0,0,0,0,0,0,0,NORMAL,NEGATIVE,0.45,1.0
375248649.2684057,500000000.0,-0.24950270146318865,0.14334325783963112,0.19965630590638755,0.18035558250029865,0.47482722134116373,WATCH,0.3074308022455033,1.0,DELEVERAGE_2,0.3,0.3,682064.107664234,5540400,-230114.150011049,False,1.0,0.0,0.0,0.303856955167364,ALERT,S2,-0.17142122009169158,32.56,406.7656227901245,56.1,2.91,1483980.448521989,371.6490478515625,284.567138671875,28936.35546875,0,2,CAUTIOUS,0.85,CLEAR,1358,CONTAGION,0.899,0,0,0,0,0,0,0,ELEVATED,NEGATIVE,0.0,1.0
375299665.1997238,500000000.0,-0.2494006696005524,0.14386099073876962,0.20039767961148408,0.17914289289744487,0.47476267624518287,WATCH,0.30105717675100857,1.0,DELEVERAGE_2,0.3,0.3,688960.3037085212,5540400,-230114.150011049,False,1.0,0.0,0.0,0.3448918091126514,ALERT,S2,-0.1719879890393265,31.77,407.4286279183476,56.1,2.84,1483980.448521989,371.260986328125,283.8943176269531,29047.751953125,0,2,CAUTIOUS,0.85,CLEAR,1357,CONTAGION,0.904,0,0,0,0,0,0,0,ELEVATED,NEGATIVE,0.0,1.0
379222769.78978276,500000000.0,-0.2415544604204345,0.15249953814407258,0.19993141283625043,0.17633889658694088,0.46985119997650143,WATCH,0.27312646394830375,1.0,DELEVERAGE_2,0.3,0.3,522930.169861732,5540400,-230114.150011049,False,1.0,0.0,0.0,0.3529176075821469,ALERT,S2,-0.1742017093079327,28.87,402.306011342411,56.1,2.93,1483980.448521989,380.1371154785156,294.4153747558594,29283.103515625,0,2,CAUTIOUS,0.85,CLEAR,1356,CONTAGION,0.9,0,0,0,0,0,0,0,ELEVATED,NEUTRAL,0.0,1.0
379378154.94201875,500000000.0,-0.24124369011596247,0.14806229802985282,0.20380660726531166,0.176980840847896,0.46965875900623055,RISK_ON,0.2624530230250132,1.0,DELEVERAGE_2,0.3,0.3,565840.5645674584,5540400,-230114.150011049,False,1.0,0.0,0.0,0.35239449987714944,ALERT,S2,-0.17469342473533078,27.47,404.5169431369269,56.1,2.88,1483980.448521989,378.5946350097656,291.00262451171875,29862.91796875,0,2,CAUTIOUS,0.85,CLEAR,1353,CONTAGION,0.898,0,0,0,0,0,0,0,ELEVATED,NEUTRAL,0.0,1.0
382862015.2008668,500000000.0,-0.23427596959826635,0.15412324556624898,0.20575902013665875,0.17355921909854424,0.4653850901104973,RISK_ON,0.24840009216030962,1.0,DELEVERAGE_2,0.3,0.3,449259.89389836875,5540400,-230114.150011049,False,1.0,0.0,0.0,0.36030505669578616,ALERT,S2,-0.1773951350638716,26.1,400.66682026718274,56.1,2.98,1483980.448521989,386.38250732421875,298.5400085449219,30425.857421875,0,2,CAUTIOUS,0.85,CLEAR,1352,CONTAGION,0.908,0,0,0,0,0,0,0,ELEVATED,NEUTRAL,0.0,1.0
375980176.925548,500000000.0,-0.24803964614890395,0.14817999142726485,0.19777979897214448,0.17831946124767953,0.47390337145201417,RISK_ON,0.295748310258629,1.0,DELEVERAGE_2,0.3,0.3,683297.6887396618,5540400,-230114.150011049,False,1.0,0.0,0.0,0.3465896744678767,ALERT,S2,-0.17189642413428333,30.96,410.15194566914363,56.1,2.89,1483980.448521989,370.8067932128906,283.8845520019531,28720.271484375,0,2,CAUTIOUS,0.85,CLEAR,1351,CONTAGION,0.929,0,0,0,0,0,0,0,ELEVATED,NEGATIVE,0.45,1.0
380036004.0876042,500000000.0,-0.23992799182479152,0.14580998302313217,0.20652927773640065,0.17696251999831258,0.47051711791498957,RISK_ON,0.28004751477039436,1.0,DELEVERAGE_2,0.3,0.3,68825.02471070945,4546600,-865286.0530978057,False,1.0,0.0,0.0,0.35299316222957833,ALERT,S2,-0.17602907412939883,29.35,406.9839531887525,56.1,2.84,1483980.448521989,368.5357971191406,282.3634338378906,30314.333984375,0,2,CAUTIOUS,0.85,CLEAR,1350,CONTAGION,0.933,0,0,0,0,0,0,0,ELEVATED,NEUTRAL,0.45,1.0
376433083.00766027,500000000.0,-0.24713383398467947,0.1444408823622531,0.20084656772682719,0.1795032258097537,0.47502053729849764,RISK_ON,0.2833706872835527,1.0,DELEVERAGE_2,0.3,0.3,71065.59815969397,4546600,-865286.0530978057,False,1.0,0.0,0.0,0.34535264811131033,ALERT,S2,-0.17296131962323316,29.43,411.3797169011593,56.1,2.78,1483980.448521989,368.6966857910156,281.4858093261719,29200.740234375,0,2,CAUTIOUS,0.85,CLEAR,1349,CONTAGION,0.931,0,0,0,0,0,0,0,ELEVATED,NEUTRAL,0.0,1.0
375884718.5474029,500000000.0,-0.24823056290519419,0.14520218080929706,0.20043815285007083,0.17851530093848944,0.4757135273768213,RISK_ON,0.2716748816530888,1.0,DELEVERAGE_2,0.3,0.3,49180.01432316262,4546600,-865286.0530978057,False,1.0,0.0,0.0,0.3456855624757443,ALERT,S2,-0.17265124590260664,28.48,405.4581360884813,56.1,2.86,1483980.448521989,375.594970703125,286.1662902832031,29098.91015625,0,2,CAUTIOUS,0.85,CLEAR,1346,CONTAGION,0.931,0,0,0,0,0,0,0,ELEVATED,NEUTRAL,0.0,1.0
375741157.8771396,500000000.0,-0.24851768424572074,0.13951638073365707,0.20435067572017973,0.18004760164319245,0.47589528482183846,RISK_ON,0.28334410571195306,1.0,DELEVERAGE_2,0.3,0.3,71412.26772745195,4546600,-865286.0530978057,False,1.0,0.0,0.0,0.3439324232463058,NORMAL,S2,-0.17321135303715035,29.45,411.0496999961123,56.1,2.76,1483980.448521989,372.7277526855469,280.0817565917969,29655.5859375,0,2,CAUTIOUS,0.85,CLEAR,1345,CONTAGION,0.925,0,0,0,0,0,0,0,ELEVATED,NEUTRAL,0.0,1.0
376915073.89803815,500000000.0,-0.24616985220392373,0.14279806370636094,0.20307382666602347,0.17957602789472804,0.4744130912514281,RISK_ON,0.2718180518655184,1.0,DELEVERAGE_2,0.3,0.3,52387.60759045051,4546600,-865286.0530978057,False,1.0,0.0,0.0,0.34591996995555496,NORMAL,S2,-0.17370109260894484,28.37,407.26818168062584,56.1,2.75,1483980.448521989,376.02081298828125,284.0016174316406,29562.361328125,0,2,CAUTIOUS,0.85,CLEAR,1344,CONTAGION,0.924,0,0,0,0,0,0,0,ELEVATED,NEUTRAL,0.0,1.0
378596218.37370414,500000000.0,-0.24280756325259167,0.1490450533382722,0.20015369274550782,0.17841519260944425,0.4723064749968682,RISK_ON,0.2578735574395205,1.0,DELEVERAGE_2,0.3,0.3,30131.075965336197,4546600,-865286.0530978057,False,1.0,0.0,0.0,0.3492265397353993,NORMAL,S2,-0.17410172464949342,27.5,396.45592906586756,56.1,2.75,1483980.448521989,383.5342102050781,291.8704528808594,29267.224609375,0,2,CAUTIOUS,0.85,CLEAR,1343,CONTAGION,0.918,0,0,0,0,0,0,0,NORMAL,NEUTRAL,0.0,1.0
379722384.45329756,500000000.0,-0.24055523109340493,0.1560039956621514,0.1951985953334811,0.17785991964801545,0.47090572657357044,RISK_ON,0.24084100904228228,1.0,DELEVERAGE_2,0.3,0.3,12061.039614710238,4546600,-865286.0530978057,False,1.0,0.0,0.0,0.3512137465215732,NORMAL,S2,-0.17384415848151136,25.72,393.4969198323752,56.1,2.74,1483980.448521989,392.9496154785156,301.3970642089844,28627.57421875,0,2,CAUTIOUS,0.85,CLEAR,1342,CONTAGION,0.913,0,0,0,0,0,0,0,NORMAL,NEUTRAL,0.0,1.0
386480296.9618966,500000000.0,-0.22703940607620676,0.15139123601928697,0.21298698802644536,0.172918851754812,0.4626715689075816,RISK_ON,0.24547030888804122,1.0,DELEVERAGE_2,0.3,0.3,12118.2025148301,4546600,-865286.0530978057,False,1.0,0.0,0.0,0.3643896495895511,NORMAL,S2,-0.18096438990588973,26.19,394.498133861021,56.1,2.85,1483980.448521989,390.74481201171875,300.5974426269531,31792.310546875,0,2,CAUTIOUS,0.85,CLEAR,1338,CONTAGION,0.902,0,0,0,0,0,0,0,NORMAL,NEUTRAL,0.0,1.0
380762903.96866375,500000000.0,-0.2384741920626725,0.15110540175918147,0.20263131602858406,0.17661155690393363,0.469618871700655,RISK_ON,0.28014732916958035,1.0,DELEVERAGE_2,0.3,0.3,12509.435053034775,4546600,-865286.0530978057,False,1.0,0.0,0.0,0.3537483396969232,NORMAL,S2,-0.17558510866787633,25.69,392.7693581397768,53.0,2.94,1483980.448521989,387.5842590332031,298.3742980957031,29799.080078125,0,2,CAUTIOUS,0.85,CLEAR,1337,CONTAGION,0.906,0,0,0,0,0,0,0,NORMAL,NEUTRAL,0.0,1.0
385511495.84469855,500000000.0,-0.22897700831060286,0.15661830901550658,0.20462451253649408,0.17490946490430279,0.4638342754356225,RISK_ON,0.27002124549011,1.0,DELEVERAGE_2,0.3,0.3,5180.545144892009,4546600,-865286.0530978057,False,1.0,0.0,0.0,0.3612476760373127,NORMAL,S2,-0.1782898097391906,24.72,389.749694864469,53.0,2.92,1483980.448521989,394.9652099609375,306.54541015625,30467.48828125,0,3,CAUTIOUS,0.85,CLEAR,1336,CONTAGION,0.905,0,0,0,0,0,0,0,NORMAL,POSITIVE,0.0,1.0
381118917.8729316,500000000.0,-0.23776216425413677,0.15217197881576291,0.20179875331759212,0.17682385960404753,0.46918018749950036,RISK_ON,0.2727070358698075,1.0,DELEVERAGE_2,0.3,0.3,9612.109939442746,4546600,-865286.0530978057,False,1.0,0.0,0.0,0.3539796597704953,NORMAL,S2,-0.17545240508403018,24.79,393.22601216396487,53.0,2.96,1483980.448521989,388.4832458496094,298.56927490234375,29704.390625,0,3,CAUTIOUS,0.85,CLEAR,1335,CONTAGION,0.907,0,0,0,0,0,0,0,NORMAL,POSITIVE,0.0,1.0
385251628.7367339,500000000.0,-0.22949674252653218,0.15131055467377977,0.21083255649989097,0.17368816890789165,0.4641471495748638,RISK_ON,0.27531883204186774,1.0,DELEVERAGE_2,0.3,0.3,8310.009994272583,4546600,-865286.0530978057,False,1.0,0.0,0.0,0.36215092289350315,NORMAL,S2,-0.179385888839249,25.07,393.5790057840652,53.0,3.04,1483980.448521989,389.666015625,299.5638427734375,31370.671875,0,3,CAUTIOUS,0.85,CLEAR,1332,CONTAGION,0.91,0,0,0,0,0,0,0,NORMAL,NEUTRAL,0.0,1.0
385802877.7914872,500000000.0,-0.2283942444170256,0.15298644182517002,0.20908712996735343,0.17442950113303118,0.46348395940133724,RISK_ON,0.26777815255742404,1.0,DELEVERAGE_2,0.3,0.3,5002.965603334744,4546600,-865286.0530978057,False,1.0,0.0,0.0,0.3620782671051308,NORMAL,S2,-0.1792154825917533,24.02,396.01120664332575,53.0,2.98,1483980.448521989,393.4038391113281,302.1478271484375,31155.478515625,0,3,CAUTIOUS,0.85,CLEAR,1331,CONTAGION,0.908,0,0,0,0,0,0,0,NORMAL,POSITIVE,0.0,1.0
382437283.61297923,500000000.0,-0.23512543277404152,0.15195139109518632,0.2045556349887278,0.1759152588574248,0.4675627952848479,RISK_ON,0.2686279856327206,1.0,DELEVERAGE_2,0.3,0.3,5705.877769186755,4546600,-865286.0530978057,False,1.0,0.0,0.0,0.3565123451674656,NORMAL,S2,-0.17641851094880057,23.96,398.2847379592963,53.0,3.03,1483980.448521989,389.12664794921875,299.9734191894531,30214.35546875,0,3,CAUTIOUS,0.85,CLEAR,1330,CONTAGION,0.911,0,0,0,0,0,0,0,NORMAL,POSITIVE,0.0,1.0
380409098.4911871,500000000.0,-0.23918180301762582,0.1478556129777653,0.2049495721730352,0.17709677640468438,0.4700556481336928,RISK_ON,0.28756618527069727,1.0,DELEVERAGE_2,0.3,0.3,16125.659924606916,4546600,-865286.0530978057,False,1.0,0.0,0.0,0.35282014130625483,NORMAL,S2,-0.17540178218762775,26.09,399.4198325940193,53.0,3.04,1483980.448521989,379.87213134765625,291.9387512207031,30111.998046875,0,2,CAUTIOUS,0.85,CLEAR,1329,CONTAGION,0.91,0,0,0,0,0,0,0,NORMAL,NEUTRAL,0.0,1.0
375459796.8287625,500000000.0,-0.24908040634247508,0.1432665188164176,0.20056082936273922,0.17933040528993485,0.4767369546502412,RISK_ON,0.30535955431892975,1.0,DELEVERAGE_2,0.3,0.3,39532.86812297482,4546600,-865286.0530978057,False,1.0,0.0,0.0,0.34386355421947346,NORMAL,S2,-0.1715620646123002,27.75,405.3611619601211,53.0,3.15,1483980.448521989,368.85748291015625,281.64190673828125,29083.8046875,0,2,CAUTIOUS,0.85,CLEAR,1328,CONTAGION,0.913,0,0,0,0,0,0,0,ELEVATED,NEUTRAL,0.0,1.0
353878370.111095,500000000.0,-0.29224325977780996,0.14238196462051741,0.16452933643616904,0.18694262955655347,0.505810965721215,RISK_ON,0.3641680629266872,1.0,DELEVERAGE_2,0.3,0.3,118585.93898135667,4546600,-865286.0530978057,False,1.0,0.0,0.0,0.3070141826346617,NORMAL,S2,-0.15253750086030504,34.02,413.80391440162145,53.0,3.43,1483980.448521989,354.8526611328125,268.5466003417969,22487.388671875,0,2,CAUTIOUS,0.85,CLEAR,1325,CONTAGION,0.949,0,0,0,0,0,0,0,ELEVATED,NEGATIVE,0.45,1.0
352845305.2268487,500000000.0,-0.2943093895463026,0.14344603601152084,0.1999582947183843,0.18610149839617854,0.47019312886356857,WATCH,0.347195283742274,1.0,DELEVERAGE_2,0.3,0.3,106221.2600272682,4546600,-865286.0530978057,False,1.0,0.0,0.0,0.3064619952412485,NORMAL,S2,-0.17146659586438565,32.69,404.5159490942662,53.0,3.49,1516624.1444429606,353.7834167480469,269.03411865234375,22206.79296875,0,2,CAUTIOUS,0.85,CLEAR,1324,CONTAGION,0.95,0,0,0,0,0,0,0,ELEVATED,NEGATIVE,0.45,1.0
355682651.00707936,500000000.0,-0.2886346979858413,0.1459932727323026,0.20163292110678893,0.18576429430891322,0.4664423119870717,WATCH,0.3190980434693041,1.0,DELEVERAGE_2,0.3,0.3,59470.09120407173,4546600,-865286.0530978057,False,1.0,0.0,0.0,0.34768432661153703,NORMAL,S2,-0.17345566468762466,29.62,401.5443581631258,53.0,3.33,1516624.1444429606,358.82696533203125,275.75238037109375,22572.83984375,0,2,CAUTIOUS,0.85,CLEAR,1323,CONTAGION,0.95,0,0,0,0,0,0,0,ELEVATED,NEUTRAL,0.45,1.0
345947515.17912126,500000000.0,-0.3081049696417575,0.14072892518339783,0.18718328132522724,0.19214993835837274,0.4795682315669531,WATCH,0.3557592186724345,1.0,DELEVERAGE_2,0.3,0.3,127870.35422633658,4546600,-865286.0530978057,False,1.0,0.0,0.0,0.32803345540419493,NORMAL,S2,-0.16463142392196733,32.95,415.0748882635814,53.0,3.28,1516624.1444429606,346.9512634277344,264.62677001953125,20381.650390625,0,2,CAUTIOUS,0.85,CLEAR,1322,CONTAGION,0.95,0,0,0,0,0,0,0,ELEVATED,NEGATIVE,0.45,1.0
346881708.7111894,500000000.0,-0.3062365825776212,0.14252063038674503,0.18750196218702167,0.1914191232336514,0.47827669751120905,WATCH,0.3396414284024614,1.0,DELEVERAGE_2,0.3,0.3,97677.2691849753,4546600,-865286.0530978057,False,1.0,0.0,0.0,0.3301155487155991,NORMAL,S2,-0.16546072972079723,31.13,414.21190448029296,53.0,3.25,1516624.1444429606,347.6992492675781,267.84454345703125,20471.482421875,0,2,CAUTIOUS,0.85,CLEAR,1321,CONTAGION,0.96,0,0,0,0,0,0,0,ELEVATED,NEGATIVE,0.45,1.0
348946737.45676696,500000000.0,-0.30210652508646607,0.14660607109058993,0.18856948437073984,0.18921376371226586,0.4754463081632561,WATCH,0.32711864391827866,1.0,DELEVERAGE_2,0.3,0.3,57357.30453263966,4546600,-865286.0530978057,False,1.0,0.0,0.0,0.3352306582173899,NORMAL,S2,-0.16693854122503343,30.19,406.7691684352264,53.0,3.31,1516624.1444429606,356.4520263671875,274.6021423339844,20710.59765625,0,2,CAUTIOUS,0.85,CLEAR,1317,CONTAGION,0.96,0,0,0,0,0,0,0,ELEVATED,NEGATIVE,0.45,1.0
346976402.1296966,500000000.0,-0.3060471957406068,0.1468723049519627,0.1830148092748308,0.19181793752044982,0.4781461708955611,WATCH,0.3200632772043996,1.0,DELEVERAGE_2,0.3,0.3,51622.232118040665,4546600,-865286.0530978057,False,1.0,0.0,0.0,0.3299362012628605,NORMAL,S2,-0.16478649003800863,28.95,412.7245096263803,53.0,3.16,1516624.1444429606,355.8058166503906,274.2015686035156,19987.029296875,0,2,CAUTIOUS,0.85,CLEAR,1316,CONTAGION,0.95,0,0,0,0,0,0,0,ELEVATED,NEUTRAL,0.45,1.0
350620322.0286304,500000000.0,-0.2987593559427393,0.14613628101536585,0.19107000172569605,0.18950736399811235,0.47317690289465203,WATCH,0.32117079603193094,1.0,DELEVERAGE_2,0.3,0.3,38375.522633974295,4546600,-865286.0530978057,False,1.0,0.0,0.0,0.33724319413214926,NORMAL,S2,-0.1688277564715762,29.05,413.1418029103611,53.0,3.09,1516624.1444429606,359.29364013671875,278.2852478027344,21085.876953125,0,2,CAUTIOUS,0.85,CLEAR,1315,CONTAGION,0.951,0,0,0,0,0,0,0,ELEVATED,NEUTRAL,0.45,1.0
353181456.406014,500000000.0,-0.293637087187972,0.1523578033485526,0.19099583860620395,0.1868610535806196,0.4697456082708645,WATCH,0.3027740577999995,1.0,DELEVERAGE_2,0.3,0.3,14019.959525791171,4546600,-865286.0530978057,False,1.0,0.0,0.0,0.34336727232852954,NORMAL,S2,-0.17046031187420388,27.23,408.48057252380875,53.0,3.13,1516624.1444429606,370.7168884277344,287.82025146484375,21231.65625,0,2,CAUTIOUS,0.85,CLEAR,1314,CONTAGION,0.948,0,0,0,0,0,0,0,ELEVATED,NEUTRAL,0.45,1.0
350776824.50764865,500000000.0,-0.29844635098470274,0.15138586929927936,0.18781102972570304,0.1877980721260453,0.4729657904346965,WATCH,0.2989148078533758,1.0,DELEVERAGE_2,0.3,0.3,13763.926358404397,4546600,-865286.0530978057,False,1.0,0.0,0.0,0.33921020909569344,NORMAL,S2,-0.1683690520658304,26.95,406.0484892794359,53.0,3.2,1516624.1444429606,369.3009338378906,285.7100830078125,20735.478515625,0,2,CAUTIOUS,0.85,CLEAR,1311,CONTAGION,0.948,0,0,0,0,0,0,0,ELEVATED,NEUTRAL,0.45,1.0
347550211.9782211,500000000.0,-0.3048995760435578,0.1469021958192246,0.1853966618134232,0.1902504322305747,0.47735674544727125,WATCH,0.3161087840669463,1.0,DELEVERAGE_2,0.3,0.3,32657.447756359135,4546600,-865286.0530978057,False,1.0,0.0,0.0,0.3323300849258914,NORMAL,S2,-0.16583884548493488,28.36,414.56225915919623,53.0,3.2,1516624.1444429606,361.7550354003906,277.00543212890625,20280.634765625,0,2,CAUTIOUS,0.85,CLEAR,1310,CONTAGION,0.952,0,0,0,0,0,0,0,ELEVATED,NEUTRAL,0.45,1.0
346324255.3594148,500000000.0,-0.3073514892811704,0.14402770609683224,0.18443273082740427,0.1924062141181942,0.4790465452593161,WATCH,0.3178853037318348,1.0,DELEVERAGE_2,0.3,0.3,30062.226159986254,4546600,-865286.0530978057,False,1.0,0.0,0.0,0.32848895098001685,NORMAL,S2,-0.16477123465794202,28.16,420.38026812448663,53.0,3.1,1516624.1444429606,361.4604797363281,277.2593688964844,20104.0234375,0,2,CAUTIOUS,0.85,CLEAR,1309,CONTAGION,0.954,0,0,0,0,0,0,0,ELEVATED,NEUTRAL,0.0,1.0
344283702.87002176,500000000.0,-0.3114325942599565,0.14196272528088733,0.18257928882251587,0.19345620942227137,0.4818858304543899,WATCH,0.32425575572992243,1.0,DELEVERAGE_2,0.3,0.3,39918.32507637836,4546600,-865286.0530978057,False,1.0,0.0,0.0,0.3245796478217202,NORMAL,S2,-0.16341817970542452,28.71,423.14054526415646,53.0,2.98,1516624.1444429606,358.5238342285156,273.8205261230469,19784.7265625,0,2,CAUTIOUS,0.85,CLEAR,1308,CONTAGION,0.954,0,0,0,0,0,0,0,ELEVATED,NEUTRAL,0.0,1.0
342165693.9348145,500000000.0,-0.315668612130371,0.14113441609062075,0.17892412915272268,0.19499451137141485,0.484868708377992,WATCH,0.2713249631297344,1.0,DELEVERAGE_2,0.3,0.3,26769.335545616774,4546600,-865286.0530978057,False,1.0,0.0,0.0,0.32008358698509176,NORMAL,S2,-0.1615625020789065,26.7,425.51973539829635,52.8,2.88,1516624.1444429606,362.3157958984375,275.6279296875,19269.3671875,0,2,CAUTIOUS,0.85,CLEAR,1307,CONTAGION,0.955,0,0,0,0,0,0,0,ELEVATED,NEUTRAL,0.0,1.0
346218521.9023633,500000000.0,-0.3075629561952734,0.1435173991375442,0.19999552459036826,0.1919882837966949,0.4643473692195485,RISK_ON,0.2788392282958435,1.0,DELEVERAGE_2,0.3,0.3,52425.53581998515,4132800,-828250.5159083576,False,1.0,0.0,0.0,0.32880385306446136,NORMAL,S2,-0.1737829007071736,27.54,426.0435106751448,52.8,2.82,1524266.7945355223,362.99993896484375,280.3465881347656,20190.115234375,0,2,CAUTIOUS,0.85,CLEAR,1303,CONTAGION,0.955,0,0,0,0,0,0,0,ELEVATED,NEUTRAL,0.0,1.0
346994354.82276577,500000000.0,-0.3060112903544685,0.14405332458227232,0.2030879363247865,0.18942534225408633,0.4633091506706421,RISK_ON,0.2753537996129391,1.0,DELEVERAGE_2,0.3,0.3,43112.718978168494,4132800,-828250.5159083576,False,1.0,0.0,0.0,0.3471843972380789,NORMAL,S2,-0.17520042439434666,26.73,425.139224775066,52.8,2.93,1524266.7945355223,364.2259826660156,282.1441345214844,20548.24609375,0,2,CAUTIOUS,0.85,CLEAR,1302,CONTAGION,0.955,0,0,0,0,0,0,0,ELEVATED,NEUTRAL,0.0,1.0
352653504.2092757,500000000.0,-0.29469299158144857,0.14777867270292885,0.21042261764440212,0.18584596419476845,0.45587427290964794,RISK_ON,0.2601626514165011,1.0,DELEVERAGE_2,0.3,0.3,27673.619125539324,4132800,-828250.5159083576,False,1.0,0.0,0.0,0.35822940152132743,NORMAL,S2,-0.1798527550462503,26.08,412.43969206671704,52.8,3.01,1524266.7945355223,369.68109130859375,288.1817932128906,21637.587890625,0,2,CAUTIOUS,0.85,CLEAR,1301,CONTAGION,0.957,0,0,0,0,0,0,0,ELEVATED,NEUTRAL,0.0,1.0
352901877.71626425,500000000.0,-0.2941962445674715,0.1481670511352331,0.21118344113046653,0.185035199229689,0.4555534270908579,RISK_ON,0.24766955119133618,1.0,DELEVERAGE_2,0.3,0.3,21485.165231647097,4132800,-828250.5159083576,False,1.0,0.0,0.0,0.3593723713637322,NORMAL,S2,-0.18012008262178217,24.64,410.5226202628707,52.8,3.09,1524266.7945355223,369.376953125,288.54327392578125,21731.1171875,0,3,CAUTIOUS,0.85,CLEAR,1300,CONTAGION,0.959,0,0,0,0,0,0,0,NORMAL,POSITIVE,0.0,1.0
345453727.0392658,500000000.0,-0.3090925459214684,0.14583211038153118,0.19825861373110323,0.19042885430081916,0.46537538094695297,RISK_ON,0.2697598598751275,1.0,DELEVERAGE_2,0.3,0.3,36286.68043818981,4132800,-828250.5159083576,False,1.0,0.0,0.0,0.34412687141930964,NORMAL,S2,-0.1732757684959174,26.17,417.1493252120468,52.8,2.99,1524266.7945355223,365.15728759765625,282.37872314453125,19970.556640625,0,2,CAUTIOUS,0.85,CLEAR,1297,CONTAGION,0.962,0,0,0,0,0,0,0,ELEVATED,NEUTRAL,0.0,1.0
342944305.98355347,500000000.0,-0.31411138803289307,0.1462493430895817,0.19324278081876162,0.19159017454634106,0.468780665010233,RISK_ON,0.277148619569182,1.0,DELEVERAGE_2,0.3,0.3,46995.89941831399,4132800,-828250.5159083576,False,1.0,0.0,0.0,0.339538653108892,NORMAL,S2,-0.17104471299055232,27.29,415.13059136880423,52.8,2.96,1524266.7945355223,361.92608642578125,279.6432189941406,19323.9140625,0,2,CAUTIOUS,0.85,CLEAR,1296,CONTAGION,0.966,0,0,0,0,0,0,0,ELEVATED,NEUTRAL,0.0,1.0
346495214.39643794,500000000.0,-0.30700957120712413,0.14476636501524512,0.20005316245620514,0.19107290738077143,0.46397656631558876,RISK_ON,0.29212077699545613,1.0,DELEVERAGE_2,0.3,0.3,45390.468445173916,4132800,-828250.5159083576,False,1.0,0.0,0.0,0.34486470434498284,NORMAL,S2,-0.17421686617614282,26.82,421.7984727935468,52.8,2.91,1524266.7945355223,360.0253601074219,279.0667724609375,20212.07421875,0,2,CAUTIOUS,0.85,CLEAR,1295,CONTAGION,0.973,0,0,0,0,0,0,0,ELEVATED,NEUTRAL,0.0,1.0
347561219.54866916,500000000.0,-0.3048775609026617,0.14488054118950808,0.2029705675695113,0.18947978336507856,0.4625535036078182,RISK_ON,0.28341353489560894,1.0,DELEVERAGE_2,0.3,0.3,40179.56040027252,4132800,-828250.5159083576,False,1.0,0.0,0.0,0.34789132648119,ALERT,S2,-0.1755861926428471,26.4,418.28640262713486,52.8,2.96,1524266.7945355223,359.1510925292969,280.06329345703125,20569.919921875,0,2,CAUTIOUS,0.85,CLEAR,1294,CONTAGION,0.979,0,0,0,0,0,0,0,ELEVATED,NEUTRAL,0.0,1.0
349703110.5691819,500000000.0,-0.3005937788616362,0.14767735765504833,0.2043400381961434,0.1882011609199492,0.45972041700967,RISK_ON,0.26361699820335455,1.0,DELEVERAGE_2,0.3,0.3,21341.058676703728,4132800,-828250.5159083576,False,1.0,0.0,0.0,0.3520388794530124,ALERT,S2,-0.1772883522104487,24.23,414.6255081400442,52.8,2.93,1524266.7945355223,366.0126953125,285.14349365234375,20836.328125,0,3,CAUTIOUS,0.85,CLEAR,1293,CONTAGION,0.978,0,0,0,0,0,0,0,NORMAL,POSITIVE,0.0,1.0
355150626.16604954,500000000.0,-0.28969874766790094,0.14523917958788074,0.2171327842418849,0.1848825550302652,0.4526689465705111,RISK_ON,0.2730667808994732,1.0,DELEVERAGE_2,0.3,0.3,27181.30026636369,4132800,-828250.5159083576,False,1.0,0.0,0.0,0.3623996999347719,NORMAL,S2,-0.18270626024004533,25.3,416.7560983478609,52.8,2.96,1524266.7945355223,362.9905090332031,282.7303771972656,22485.689453125,0,3,CAUTIOUS,0.85,CLEAR,1290,CONTAGION,0.981,0,0,0,0,0,0,0,ELEVATED,NEUTRAL,0.0,1.0
360309417.4430654,500000000.0,-0.27938116511386923,0.14965274147084728,0.22262599270782774,0.1814988846011685,0.44618778204942855,RISK_ON,0.26431290859274503,1.0,DELEVERAGE_2,0.3,0.3,12466.407049010042,4132800,-828250.5159083576,False,1.0,0.0,0.0,0.37229161515982856,NORMAL,S2,-0.1867284250691991,24.5,408.5948825985521,52.8,3.01,1524266.7945355223,372.7982482910156,291.4252014160156,23389.43359375,0,3,CAUTIOUS,0.85,CLEAR,1289,CONTAGION,0.981,0,0,0,0,0,0,0,NORMAL,POSITIVE,0.0,1.0
361382855.6157265,500000000.0,-0.27723428876854705,0.15372910981619603,0.22046813545457944,0.18092008891342523,0.44486244248230716,RISK_ON,0.25541572561362647,1.0,DELEVERAGE_2,0.3,0.3,7308.366007439908,4132800,-828250.5159083576,False,1.0,0.0,0.0,0.374204812939502,NORMAL,S2,-0.18700063735376718,23.88,404.29005382383076,52.8,3.04,1524266.7945355223,375.1741943359375,296.0462646484375,23231.732421875,0,3,CAUTIOUS,0.85,CLEAR,1288,CONTAGION,0.98,0,0,0,0,0,0,0,NORMAL,POSITIVE,0.0,1.0
363101217.0884082,500000000.0,-0.2737975658231837,0.15701611621510764,0.2187909833484957,0.18142479685481233,0.4427571493964441,RISK_ON,0.2476803786355522,1.0,DELEVERAGE_2,0.3,0.3,3977.4779566064935,4132800,-828250.5159083576,False,1.0,0.0,0.0,0.3758112162692441,NORMAL,S2,-0.18749378448114018,23.11,405.7311421937069,52.8,2.91,1524266.7945355223,378.99462890625,300.2960510253906,23164.62890625,0,3,CAUTIOUS,0.85,CLEAR,1287,CONTAGION,0.979,0,0,0,0,0,0,0,NORMAL,POSITIVE,0.0,1.0
360375907.61166984,500000000.0,-0.27924818477666036,0.15399298019503183,0.21616648404111954,0.18371831895684168,0.44610545939624585,RISK_ON,0.2532577887612701,1.0,DELEVERAGE_2,0.3,0.3,6038.96711225183,4132800,-828250.5159083576,False,1.0,0.0,0.0,0.37016566725428723,NORMAL,S2,-0.1855936666842389,23.03,412.8363495460938,52.8,2.77,1524266.7945355223,375.4782409667969,295.0302429199219,22714.978515625,0,3,CAUTIOUS,0.85,CLEAR,1286,CONTAGION,0.978,0,0,0,0,0,0,0,NORMAL,POSITIVE,0.0,1.0
354942714.4579101,500000000.0,-0.2901145710841797,0.15477376632136605,0.20639983545805038,0.18587357444300742,0.4529341025240482,RISK_ON,0.2501860188469179,1.0,DELEVERAGE_2,0.3,0.3,6644.972545265111,4132800,-828250.5159083576,False,1.0,0.0,0.0,0.3611803635285714,NORMAL,S2,-0.1807413220380174,23.36,406.33578064122116,52.8,2.81,1524266.7945355223,375.9344787597656,293.3498229980469,21361.701171875,0,3,CAUTIOUS,0.85,CLEAR,1283,CONTAGION,0.98,0,0,0,0,0,0,0,NORMAL,POSITIVE,0.0,1.0
353710500.688155,500000000.0,-0.29257899862368997,0.1525270655999728,0.20593648941012976,0.18698599742630162,0.45451197945118493,RISK_ON,0.2668474451922247,1.0,DELEVERAGE_2,0.3,0.3,13606.57530134975,4132800,-828250.5159083576,False,1.0,0.0,0.0,0.3584773449569051,NORMAL,S2,-0.1798184557606318,24.69,411.7714912167324,52.8,2.81,1524266.7945355223,371.48675537109375,287.58587646484375,21239.75390625,0,3,CAUTIOUS,0.85,CLEAR,1282,CONTAGION,0.981,0,0,0,0,0,0,0,NORMAL,POSITIVE,0.0,1.0
362152016.79845804,500000000.0,-0.2756959664030839,0.15680174314498857,0.2171477425843387,0.1821241707936287,0.44391761570642047,RISK_ON,0.24937644799883596,1.0,DELEVERAGE_2,0.3,0.3,3160.779733487019,4132800,-828250.5159083576,False,1.0,0.0,0.0,0.37395274950314894,NORMAL,S2,-0.18662191375410483,23.24,408.3674482753704,52.8,2.78,1524266.7945355223,381.13287353515625,299.7391052246094,22930.548828125,0,3,CAUTIOUS,0.85,CLEAR,1281,CONTAGION,0.966,0,0,0,0,0,0,0,NORMAL,POSITIVE,0.0,1.0
366749999.31172895,500000000.0,-0.26650000137654206,0.15809809281477316,0.2229660323607659,0.18057919757293375,0.43835217483884975,RISK_ON,0.23965865668964909,1.0,DELEVERAGE_2,0.3,0.3,1651.2598463185127,4132800,-828250.5159083576,False,1.0,0.0,0.0,0.381065840891212,NORMAL,S2,-0.19006492885167126,22.33,406.8377960933923,52.8,2.68,1524266.7945355223,385.9132080078125,302.6700439453125,23843.88671875,0,3,CAUTIOUS,0.85,CLEAR,1280,CONTAGION,0.967,0,0,0,0,0,0,0,NORMAL,POSITIVE,0.0,1.0
367751069.48852557,500000000.0,-0.2644978610229488,0.16109424323118685,0.2219930203224457,0.1797523476112916,0.4371589185152844,RISK_ON,0.23580792108531012,1.0,DELEVERAGE_2,0.3,0.3,540.7116758332464,4132800,-828250.5159083576,False,1.0,0.0,0.0,0.3830878268152462,NORMAL,S2,-0.19044888199582108,21.33,406.37228437187497,52.8,2.67,1524266.7945355223,391.53936767578125,308.1898193359375,23804.6328125,0,3,CAUTIOUS,0.85,CLEAR,1279,CONTAGION,0.967,0,0,0,0,0,0,0,NORMAL,POSITIVE,0.0,1.0
367069286.3571209,500000000.0,-0.26586142728575823,0.16252232578918455,0.21782324985064988,0.1816813929618575,0.43797088396013195,RISK_ON,0.25754376943786417,1.0,DELEVERAGE_2,0.3,0.3,788.258598798772,4132800,-828250.5159083576,False,1.0,0.0,0.0,0.38034639241019763,NORMAL,S2,-0.18929097909362472,22.84,407.6939363880363,52.8,2.6,1524266.7945355223,390.3799133300781,308.0041198730469,23314.19921875,0,3,CAUTIOUS,0.85,CLEAR,1276,CONTAGION,0.958,0,0,0,0,0,0,0,NORMAL,POSITIVE,0.0,1.0
365935340.7893342,500000000.0,-0.2681293184213317,0.1645177630006749,0.21534850611355558,0.18080243014071157,0.4393280503426272,RISK_ON,0.26422874677039143,1.0,DELEVERAGE_2,0.3,0.3,1189.437121207443,4132800,-828250.5159083576,False,1.0,0.0,0.0,0.37986750383648826,NORMAL,S2,-0.1882373114943653,23.93,401.5974700374866,52.8,2.75,1524266.7945355223,387.8044128417969,307.0858154296875,22978.1171875,0,3,CAUTIOUS,0.85,CLEAR,1275,CONTAGION,0.958,0,0,0,0,0,0,0,NORMAL,POSITIVE,0.0,1.0
367500748.11595505,500000000.0,-0.26499850376808987,0.16761730043109296,0.20000255000145853,0.18173573076097665,0.4506439683321672,RISK_ON,0.2542529824218275,1.0,DELEVERAGE_2,0.3,0.3,165.54964396054194,4132800,-828250.5159083576,False,1.0,0.0,0.0,0.3808154766295704,NORMAL,S2,-0.18142917559456725,21.95,403.2569104089276,52.8,2.73,1529117.981397956,393.87725830078125,315.4485778808594,22846.5078125,0,3,CAUTIOUS,0.85,CLEAR,1274,CONTAGION,0.955,0,0,0,0,0,0,0,NORMAL,POSITIVE,0.0,1.0
367948725.1599715,500000000.0,-0.2641025496800571,0.17043849634459685,0.1978743732098068,0.18159157732539563,0.4500953099484495,RISK_ON,0.24735151317419857,1.0,DELEVERAGE_2,0.3,0.3,89.47473587526085,4132800,-828250.5159083576,False,1.0,0.0,0.0,0.36831295911771095,NORMAL,S2,-0.18118784414248126,21.44,402.373509281927,52.8,2.68,1529117.981397956,393.6112060546875,316.9237365722656,22630.95703125,0,3,CAUTIOUS,0.85,CLEAR,1273,CONTAGION,0.953,0,0,0,0,0,0,0,NORMAL,POSITIVE,0.0,1.0
368498733.8362851,500000000.0,-0.26300253232742976,0.1679211068261468,0.20332680647982224,0.17932830607046454,0.4494235129979891,RISK_ON,0.24677655902308662,1.0,DELEVERAGE_2,0.3,0.3,98.61968634547584,4132800,-828250.5159083576,False,1.0,0.0,0.0,0.3712480126614327,NORMAL,S2,-0.18267886973254535,21.15,395.5581095062643,52.8,2.83,1529117.981397956,392.9459228515625,314.3348388671875,23289.314453125,0,3,CAUTIOUS,0.85,CLEAR,1272,CONTAGION,0.947,0,0,0,0,0,0,0,NORMAL,POSITIVE,0.0,1.0
368957114.3839858,500000000.0,-0.26208577123202836,0.1624360116466978,0.20760990591170497,0.18108869412779613,0.4488651635638508,RISK_ON,0.2524592914642986,1.0,DELEVERAGE_2,0.3,0.3,82.92309315847322,4132800,-828250.5159083576,False,1.0,0.0,0.0,0.37004600072622307,NORMAL,S2,-0.18340090117056143,21.29,398.0293302416176,52.8,2.77,1529117.981397956,392.48974609375,313.3187561035156,23809.486328125,0,3,CAUTIOUS,0.85,CLEAR,1269,CONTAGION,0.947,0,0,0,0,0,0,0,NORMAL,POSITIVE,0.0,1.0
364431069.42029715,500000000.0,-0.27113786115940575,0.1578802659159001,0.20449282013296166,0.18318662863861696,0.45443983620676,RISK_ON,0.2619903794687014,1.0,DELEVERAGE_2,0.3,0.3,163.66809286458874,4132800,-828250.5159083576,False,1.0,0.0,0.0,0.36237324879277555,NORMAL,S2,-0.1803274275431513,21.77,400.39066739181277,52.8,2.8,1529117.981397956,390.9311828613281,309.7724304199219,23164.318359375,0,3,CAUTIOUS,0.85,CLEAR,1268,CONTAGION,0.943,0,0,0,0,0,0,0,NORMAL,POSITIVE,0.0,1.0
369064423.81273985,500000000.0,-0.2618711523745203,0.16303500390488324,0.20875386219096326,0.17947646095426273,0.44873465121646167,RISK_ON,0.23898126840737302,1.0,DELEVERAGE_2,0.3,0.3,8.021035469507876,4132800,-828250.5159083576,False,1.0,0.0,0.0,0.3717888741760937,NORMAL,S2,-0.18396687958270788,19.74,396.0421489562654,52.8,2.78,1529117.981397956,399.1422424316406,318.4184875488281,23947.642578125,0,3,CAUTIOUS,0.85,CLEAR,1267,CONTAGION,0.944,0,0,0,0,0,0,0,NORMAL,POSITIVE,0.0,1.0
367869287.35525954,500000000.0,-0.26426142528948093,0.16185015433711736,0.20951852673470206,0.17843877848527978,0.45019250366524627,RISK_ON,0.2320107627423914,1.0,DELEVERAGE_2,0.3,0.3,13.52936957621094,4132800,-828250.5159083576,False,1.0,0.0,0.0,0.371368694729889,NORMAL,S2,-0.1835056769742005,20.2,392.8532109432008,52.8,2.87,1529117.981397956,399.1422424316406,316.6111755371094,23957.529296875,0,3,CAUTIOUS,0.85,CLEAR,1266,CONTAGION,0.942,0,0,0,0,0,0,0,NORMAL,POSITIVE,0.0,1.0
371726618.61070865,500000000.0,-0.2565467627785827,0.16570715865653787,0.21119822350894266,0.177573665356077,0.4455209479347285,RISK_ON,0.23253825498374986,1.0,DELEVERAGE_2,0.3,0.3,1.6890193670325861,4132800,-828250.5159083576,False,1.0,0.0,0.0,0.37690538387803074,NORMAL,S2,-0.18572512743313588,19.53,394.97045991689345,52.8,2.84,1529117.981397956,405.8993225097656,322.7757263183594,24402.818359375,0,3,CAUTIOUS,0.85,CLEAR,1265,CONTAGION,0.938,0,0,0,0,0,0,0,NORMAL,POSITIVE,0.0,1.0
371103701.5652312,500000000.0,-0.2577925968695376,0.16716295059243108,0.20924806322904574,0.1773202062509413,0.44626877823503347,RISK_ON,0.2366568412081286,1.0,DELEVERAGE_2,0.3,0.3,0.6281110125047555,4132800,-828250.5159083576,False,1.0,0.0,0.0,0.3764110144585707,NORMAL,S2,-0.18523089785312152,19.95,395.83477029085805,52.8,2.79,1529117.981397956,407.5719909667969,325.3841552734375,24136.97265625,0,3,CAUTIOUS,0.85,CLEAR,1262,CONTAGION,0.936,0,0,0,0,0,0,0,NORMAL,POSITIVE,0.0,1.0
369945523.7949915,500000000.0,-0.26010895241001697,0.16642834704075762,0.20769705009450196,0.17820870271705694,0.44766589901433573,RISK_ON,0.2368358487113837,1.0,DELEVERAGE_2,0.3,0.3,0.41927694570124824,4132800,-828250.5159083576,False,1.0,0.0,0.0,0.37412539755927376,NORMAL,S2,-0.18430774478743142,19.69,396.51406851056885,52.8,2.82,1529117.981397956,408.3702697753906,324.6221618652344,23883.291015625,0,3,CAUTIOUS,0.85,CLEAR,1261,CONTAGION,0.935,0,0,0,0,0,0,0,NORMAL,POSITIVE,0.0,1.0
366527167.43721336,500000000.0,-0.2669456651255733,0.16447480494118621,0.20483027301604775,0.17885393684179132,0.45184098263161837,RISK_ON,0.23508306631714945,1.0,DELEVERAGE_2,0.3,0.3,0.9417389131333266,4132800,-828250.5159083576,False,1.0,0.0,0.0,0.3693050789061103,NORMAL,S2,-0.18207114179068998,19.9,397.2594311868452,52.8,2.89,1529117.981397956,405.4716491699219,320.91949462890625,23335.998046875,0,3,CAUTIOUS,0.85,CLEAR,1260,CONTAGION,0.937,0,0,0,0,0,0,0,NORMAL,POSITIVE,0.0,1.0
367169860.11109376,500000000.0,-0.2656602797778125,0.16664147730420484,0.20339172774199743,0.17891671192348954,0.4510500819590839,RISK_ON,0.22766282494956572,1.0,DELEVERAGE_2,0.3,0.3,0.3933212672476148,4132800,-828250.5159083576,False,1.0,0.0,0.0,0.37003320544259083,NORMAL,S2,-0.18205540466240738,19.56,398.0828384313485,52.8,2.88,1529117.981397956,406.65008544921875,321.6912536621094,23212.73828125,0,3,CAUTIOUS,0.85,CLEAR,1259,CONTAGION,0.931,0,0,0,0,0,0,0,NORMAL,POSITIVE,0.0,1.0
357067331.27857924,500000000.0,-0.2858653374428415,0.16529938308898787,0.18810632830388596,0.18278260763905277,0.46374768773662245,RISK_ON,0.22874780804869696,1.0,DELEVERAGE_2,0.3,0.3,22849.892374089366,4260000,-805404.2666218164,False,1.0,0.0,0.0,0.3534057149986026,NORMAL,S2,-0.17358296633427098,20.6,396.70066740609104,52.8,2.98,1529117.981397956,401.185546875,315.4191589355469,20877.552734375,0,3,CAUTIOUS,0.85,CLEAR,1258,CONTAGION,0.947,0,0,0,0,0,0,0,NORMAL,POSITIVE,0.0,1.0
356575177.43830585,500000000.0,-0.2868496451233883,0.15989298519448014,0.1930698429998198,0.18249638053059097,0.46438776371464524,RISK_ON,0.26040168555885707,1.0,DELEVERAGE_2,0.3,0.3,54565.82952536554,4260000,-805404.2666218164,False,1.0,0.0,0.0,0.35301684950158174,NORMAL,S2,-0.1743434864044121,23.8,400.40951087540554,52.8,3.03,1529117.981397956,392.8319091796875,307.1150817871094,21398.908203125,0,3,CAUTIOUS,0.85,CLEAR,1255,CONTAGION,0.926,0,0,0,0,0,0,0,NORMAL,POSITIVE,0.45,1.0
357199727.1009604,500000000.0,-0.28560054579807925,0.16018337138741534,0.193895742952222,0.18218772004437944,0.46357579998913295,RISK_ON,0.2573807396950759,1.0,DELEVERAGE_2,0.3,0.3,56210.958966016515,4260000,-805404.2666218164,False,1.0,0.0,0.0,0.35413484299119424,NORMAL,S2,-0.1747061518474721,24.11,399.27936300719887,52.8,3.05,1529117.981397956,391.8815612792969,306.86114501953125,21528.087890625,0,3,CAUTIOUS,0.85,CLEAR,1254,CONTAGION,0.924,0,0,0,0,0,0,0,NORMAL,POSITIVE,0.45,1.0
356767466.67317957,500000000.0,-0.2864650666536409,0.16087696849151165,0.19293071661262465,0.18192614525501094,0.4641374696825069,RISK_ON,0.24532217807561044,1.0,DELEVERAGE_2,0.3,0.3,45915.95809999731,4260000,-805404.2666218164,False,1.0,0.0,0.0,0.353853225999583,NORMAL,S2,-0.17428166608648288,22.82,395.94366506999444,52.8,3.11,1529117.981397956,393.1360168457031,307.7501220703125,21395.01953125,0,3,CAUTIOUS,0.85,CLEAR,1253,CONTAGION,0.922,0,0,0,0,0,0,0,NORMAL,POSITIVE,0.45,1.0
359443681.079349,500000000.0,-0.281112637841302,0.16450880670179407,0.19333701729525282,0.18139395861126345,0.4606817645242539,RISK_ON,0.24382530998489899,1.0,DELEVERAGE_2,0.3,0.3,28199.38746233049,4260000,-805404.2666218164,False,1.0,0.0,0.0,0.35787390023070037,NORMAL,S2,-0.17589998740340307,21.78,396.6393611092849,52.8,3.03,1529117.981397956,398.6861572265625,313.1917419433594,21600.904296875,0,3,CAUTIOUS,0.85,CLEAR,1252,CONTAGION,0.92,0,0,0,0,0,0,0,NORMAL,POSITIVE,0.45,1.0
351842398.01740825,500000000.0,-0.2963152039651835,0.15841334749039923,0.18525315897667094,0.18545890041955218,0.470634437975081,RISK_ON,0.2823084630222399,1.0,DELEVERAGE_2,0.3,0.3,84496.75975451997,4260000,-805404.2666218164,False,1.0,0.0,0.0,0.3437490595700106,NORMAL,S2,-0.17012752608250303,25.56,405.1112828381863,52.8,3.04,1529117.981397956,385.1909484863281,300.3546142578125,20260.01953125,0,2,CAUTIOUS,0.85,CLEAR,1251,CONTAGION,0.928,0,0,0,0,0,0,0,ELEVATED,NEUTRAL,0.45,1.0
350974370.06760556,500000000.0,-0.29805125986478886,0.15634252482405903,0.18605941634672588,0.18552101616899735,0.47179840856992344,RISK_ON,0.28317199026059636,1.0,DELEVERAGE_2,0.3,0.3,97793.42432038036,4260000,-805404.2666218164,False,1.0,0.0,0.0,0.34249737261463153,NORMAL,S2,-0.16970326469785962,26.21,402.26478061639955,52.8,3.12,1529117.981397956,382.6439514160156,297.3943786621094,20297.994140625,0,2,CAUTIOUS,0.85,CLEAR,1248,CONTAGION,0.928,0,0,0,0,0,0,0,ELEVATED,NEUTRAL,0.45,1.0
348549405.0209916,500000000.0,-0.30290118995801674,0.15509570426409341,0.18272786211844277,0.18677373383062992,0.47508085471198824,RISK_ON,0.2924500381516513,1.0,DELEVERAGE_2,0.3,0.3,112178.90934640272,4260000,-805404.2666218164,False,1.0,0.0,0.0,0.3379323282380107,NORMAL,S2,-0.1677187810505052,26.21,409.39486043482447,52.8,3.11,1529117.981397956,378.443359375,294.08251953125,19796.80859375,0,2,CAUTIOUS,0.85,CLEAR,1247,CONTAGION,0.925,0,0,0,0,0,0,0,ELEVATED,NEUTRAL,0.45,1.0
348167816.83429503,500000000.0,-0.3036643663314099,0.15296088932007848,0.18526550660464497,0.18583484431250705,0.4756015382247039,RISK_ON,0.2821228823915894,1.0,DELEVERAGE_2,0.3,0.3,117409.68669783854,4260000,-805404.2666218164,False,1.0,0.0,0.0,0.33834049162569935,NORMAL,S2,-0.1681586420406717,25.87,405.3734103585308,52.8,3.15,1529117.981397956,375.56378173828125,292.3728942871094,20049.763671875,0,2,CAUTIOUS,0.85,CLEAR,1246,CONTAGION,0.924,0,0,0,0,0,0,0,ELEVATED,NEUTRAL,0.45,1.0
347028863.24440396,500000000.0,-0.3059422735111921,0.15053748036364067,0.1999386090641631,0.18540221363228665,0.46379472067041394,RISK_ON,0.3083104845977498,1.0,DELEVERAGE_2,0.3,0.3,113470.20311093247,4260000,-805404.2666218164,False,1.0,0.0,0.0,0.3372318774565273,NORMAL,S2,-0.17477204453401288,25.56,398.44798546403626,50.9,3.26,1536066.051123944,376.7422790527344,292.4999084472656,20127.140625,0,2,CAUTIOUS,0.85,CLEAR,1245,CONTAGION,0.926,0,0,0,0,0,0,0,NORMAL,NEUTRAL,0.45,1.0
346180738.09813136,500000000.0,-0.30763852380373724,0.14910389548048858,0.19886134792805746,0.186714865437848,0.4649309940733482,RISK_ON,0.3032171348343495,1.0,DELEVERAGE_2,0.3,0.3,134628.67828784446,4260000,-805404.2666218164,False,1.0,0.0,0.0,0.3481006187228033,NORMAL,S2,-0.17386117868301404,25.47,399.5781168107501,50.9,3.2,1536066.051123944,372.76971435546875,288.3673400878906,19969.771484375,0,3,CAUTIOUS,0.85,CLEAR,1244,CONTAGION,0.925,0,0,0,0,0,0,0,NORMAL,NEUTRAL,0.45,1.0
341469358.2129857,500000000.0,-0.31706128357402863,0.15032528789020064,0.19991392039647027,0.18772254911842626,0.46159323761393906,WATCH,0.30726743484933383,1.0,DELEVERAGE_2,0.3,0.3,151955.56525126114,4260000,-805404.2666218164,False,1.0,0.0,0.0,0.3406478469011869,NORMAL,S2,-0.17452464904449527,26.91,390.7571882642954,50.9,3.33,1541053.8815126466,371.3631896972656,286.29620361328125,18837.66796875,0,2,CAUTIOUS,0.85,CLEAR,1240,CONTAGION,0.924,0,0,0,0,0,0,0,NORMAL,NEUTRAL,0.45,1.0
344625445.8881774,500000000.0,-0.3107491082236452,0.1521552989246861,0.20284290539198196,0.1873385693743417,0.45736595624059,WATCH,0.2884355150853118,1.0,DELEVERAGE_2,0.3,0.3,102446.82987166799,4260000,-805404.2666218164,False,1.0,0.0,0.0,0.35510376603748717,NORMAL,S2,-0.17686589566039862,24.64,390.1325600861634,50.9,3.27,1541053.8815126466,378.0347595214844,292.0798645019531,19290.32421875,0,3,CAUTIOUS,0.85,CLEAR,1239,CONTAGION,0.926,0,0,0,0,0,0,0,NORMAL,POSITIVE,0.45,1.0
345607249.15763074,500000000.0,-0.3087855016847385,0.15507640099686684,0.20268094347405913,0.18592321968518047,0.4560666681259219,RISK_ON,0.27734544648527343,1.0,DELEVERAGE_2,0.3,0.3,87358.35568411609,4260000,-805404.2666218164,False,1.0,0.0,0.0,0.35784779684191503,NORMAL,S2,-0.17750714605150356,23.61,384.69673146705185,50.9,3.29,1541053.8815126466,380.5057067871094,293.5941467285156,19329.833984375,0,3,CAUTIOUS,0.85,CLEAR,1238,CONTAGION,0.905,0,0,0,0,0,0,0,NORMAL,POSITIVE,0.0,1.0
354863027.5268089,500000000.0,-0.29027394494638215,0.15597425150832897,0.2183423553815768,0.18135639984520938,0.44417122770440837,RISK_ON,0.27350612089991816,1.0,DELEVERAGE_2,0.3,0.3,55275.438375058744,4260000,-805404.2666218164,False,1.0,0.0,0.0,0.37437492160939856,NORMAL,S2,-0.18569371737014584,22.79,383.34547453907885,50.9,3.33,1541053.8815126466,386.4169616699219,300.01263427734375,21381.15234375,0,3,CAUTIOUS,0.85,CLEAR,1237,CONTAGION,0.926,0,0,0,0,0,0,0,NORMAL,POSITIVE,0.45,1.0
358643944.41698664,500000000.0,-0.2827121111660267,0.15577901411018646,0.2260366381268437,0.17856666714488575,0.4394886601521008,RISK_ON,0.27818610049604525,1.0,DELEVERAGE_2,0.3,0.3,46272.40883082703,4260000,-805404.2666218164,False,1.0,0.0,0.0,0.38186492062703215,NORMAL,S2,-0.18933848083698354,23.87,379.0502024373858,50.9,3.37,1541053.8815126466,390.5699768066406,303.57855224609375,22370.44921875,0,3,CAUTIOUS,0.85,CLEAR,1234,CONTAGION,0.931,0,0,0,0,0,0,0,NORMAL,POSITIVE,0.45,1.0
348072238.8849113,500000000.0,-0.3038555222301774,0.15112582016270895,0.21131184052890076,0.18432227631956224,0.45283687980529347,RISK_ON,0.3270383015875581,1.0,DELEVERAGE_2,0.3,0.3,140336.8733736403,4260000,-805404.2666218164,False,1.0,0.0,0.0,0.36258384840190666,NORMAL,S2,-0.1805400745357972,27.27,391.8991090184787,50.9,3.42,1541053.8815126466,373.5870666503906,286.9313049316406,20296.70703125,0,2,CAUTIOUS,0.85,CLEAR,1233,CONTAGION,0.946,0,0,0,0,0,0,0,NORMAL,NEUTRAL,0.45,1.0
348559611.11834973,500000000.0,-0.3028807777633006,0.15295756754817252,0.21043814586314524,0.18406107177701966,0.45220370225271966,RISK_ON,0.3231019389860476,1.0,DELEVERAGE_2,0.3,0.3,118340.36551492638,4260000,-805404.2666218164,False,1.0,0.0,0.0,0.36351913272229297,NORMAL,S2,-0.1807614580023826,26.16,394.52898087310405,50.9,3.41,1541053.8815126466,375.0126037597656,289.20751953125,20241.08984375,0,2,CAUTIOUS,0.85,CLEAR,1232,CONTAGION,0.945,0,0,0,0,0,0,0,NORMAL,NEUTRAL,0.45,1.0
345702271.61870366,500000000.0,-0.3085954567625927,0.15252830516375088,0.19991646700024993,0.18459452313651933,0.46253313710622906,WATCH,0.3297707800189626,1.0,DELEVERAGE_2,0.3,0.3,147811.08825738967,4260000,-805404.2666218164,False,1.0,0.0,0.0,0.35919652564738425,ALERT,S2,-0.17522043978848048,26.27,395.73895402320045,50.9,3.45,1544477.2309263612,370.7549743652344,284.39117431640625,19701.2109375,0,2,CAUTIOUS,0.85,CLEAR,1231,CONTAGION,0.951,0,0,0,0,0,0,0,NORMAL,NEUTRAL,0.45,1.0
345415114.11239415,500000000.0,-0.30916977177521165,0.15157200069674356,0.2008075200188536,0.18424335688936413,0.46291765954549247,WATCH,0.32526629226117243,1.0,DELEVERAGE_2,0.3,0.3,158705.41260639313,4260000,-805404.2666218164,False,1.0,0.0,0.0,0.3525415004379717,ALERT,S2,-0.17518117809143774,26.3,391.13623633164553,50.9,3.45,1544477.2309263612,367.926513671875,282.6522216796875,19772.583984375,0,2,CAUTIOUS,0.85,CLEAR,1230,CONTAGION,0.954,0,0,0,0,0,0,0,NORMAL,NEUTRAL,0.45,1.0
344993952.4188911,500000000.0,-0.31001209516221784,0.1525817857217217,0.1987296724824318,0.1848122860830528,0.46348278013407,WATCH,0.3256236792193261,1.0,DELEVERAGE_2,0.3,0.3,135746.69508420996,4260000,-805404.2666218164,False,1.0,0.0,0.0,0.35144974509599747,ALERT,S2,-0.17449425664364995,25.76,389.44616697618727,50.9,3.49,1544477.2309263612,370.7798156738281,284.85333251953125,19544.12890625,0,2,CAUTIOUS,0.85,CLEAR,1227,CONTAGION,0.957,0,0,0,0,0,0,0,NORMAL,NEUTRAL,0.0,1.0
341674389.408265,500000000.0,-0.31665122118347,0.15168104075547495,0.19395257604448607,0.18591752330776512,0.46798578164864,WATCH,0.33773663984859115,1.0,DELEVERAGE_2,0.3,0.3,158221.9761418993,4260000,-805404.2666218164,False,1.0,0.0,0.0,0.34579374636068533,ALERT,S2,-0.171616051912215,27.16,389.634434691629,50.9,3.57,1544477.2309263612,366.5237731933594,282.58270263671875,18890.7890625,0,2,CAUTIOUS,0.85,CLEAR,1226,CONTAGION,0.96,0,0,0,0,0,0,0,NORMAL,NEUTRAL,0.45,1.0
340638803.8530697,500000000.0,-0.31872239229386057,0.15068910442397634,0.19100591161108516,0.18830672878893884,0.469408518312902,WATCH,0.35312105290898227,1.0,DELEVERAGE_2,0.3,0.3,200887.2596336839,4260000,-805404.2666218164,False,1.0,0.0,0.0,0.3418966450900405,ALERT,S2,-0.17013022748590084,27.99,395.0846469351381,50.9,3.51,1544477.2309263612,360.1302185058594,277.52276611328125,18547.400390625,0,2,CAUTIOUS,0.85,CLEAR,1225,CONTAGION,0.961,0,0,0,0,0,0,0,NORMAL,NEUTRAL,0.45,1.0
341273701.9441123,500000000.0,-0.31745259611177545,0.1451300746895251,0.19955381419551502,0.18611883022499048,0.4685352410269633,WATCH,0.35367553066273444,1.0,DELEVERAGE_2,0.3,0.3,225936.79488266716,4260000,-805404.2666218164,False,1.0,0.0,0.0,0.3449122345335398,NORMAL,S2,-0.1721593236411207,27.35,388.48496700091545,50.9,3.7,1544477.2309263612,357.1051025390625,274.1070251464844,19413.55078125,0,2,CAUTIOUS,0.85,CLEAR,1224,CONTAGION,0.945,0,0,0,0,0,0,0,NORMAL,NEUTRAL,0.45,1.0
339857004.6375441,500000000.0,-0.3202859907249118,0.14262268762319577,0.1991892175229519,0.18687461887459497,0.47048833484270824,WATCH,0.38852611327280534,1.0,DELEVERAGE_2,0.3,0.3,280429.9950707531,4260000,-805404.2666218164,False,1.0,0.0,0.0,0.34209418112757006,NORMAL,S2,-0.17132248900899558,29.92,396.5216523034146,50.9,3.69,1544477.2309263612,351.1219177246094,269.6441650390625,19297.638671875,0,2,CAUTIOUS,0.85,CLEAR,1223,CONTAGION,0.946,0,0,0,0,0,0,0,NORMAL,NEUTRAL,0.45,1.0
338665954.28597486,500000000.0,-0.3226680914280503,0.1416041721696764,0.1991132190246885,0.18625971990995818,0.4721429897896606,WATCH,0.4138455760303922,1.0,DELEVERAGE_2,0.3,0.3,297991.8704143683,4260000,-805404.2666218164,False,1.0,0.0,0.0,0.34101745214564383,NORMAL,S2,-0.17060203837503116,32.26,391.958852137488,50.9,3.88,1544477.2309263612,347.64837646484375,268.52850341796875,19222.671875,0,2,CAUTIOUS,0.85,CLEAR,1220,CONTAGION,0.95,0,0,0,0,0,0,0,NORMAL,NEGATIVE,0.45,1.0
338385943.70167816,500000000.0,-0.32322811259664364,0.14353628479891942,0.19811560327246694,0.18493745575279613,0.47253368283381125,WATCH,0.41338741812371105,1.0,DELEVERAGE_2,0.3,0.3,296755.45193600684,4260000,-805404.2666218164,False,1.0,0.0,0.0,0.3419517706585057,NORMAL,S2,-0.17016383582004352,32.6,381.3381127692096,50.9,3.97,1544477.2309263612,346.7609558105469,268.63604736328125,19110.546875,0,2,CAUTIOUS,0.85,CLEAR,1219,CONTAGION,0.95,0,0,0,0,0,0,0,NORMAL,NEGATIVE,0.45,1.0
341487577.7953439,500000000.0,-0.3170248444093122,0.14597747042261924,0.19956412251418046,0.18553799554892267,0.46824179441273045,WATCH,0.3707308186564943,1.0,DELEVERAGE_2,0.3,0.3,231739.3102578336,4260000,-805404.2666218164,False,1.0,0.0,0.0,0.3457762426083424,NORMAL,S2,-0.1722645642023153,30.18,383.1485422286105,50.9,3.72,1544477.2309263612,353.5840148925781,273.97979736328125,19426.720703125,0,2,CAUTIOUS,0.85,CLEAR,1218,CONTAGION,0.946,0,0,0,0,0,0,0,NORMAL,NEGATIVE,0.45,1.0
340277473.05532646,500000000.0,-0.3194450538893471,0.14153871182861275,0.20178236336216163,0.18584071902245247,0.4699069696293131,WATCH,0.3949229240495079,1.0,DELEVERAGE_2,0.3,0.3,316878.68647823395,4260000,-805404.2666218164,False,1.0,0.0,0.0,0.34364108619542844,NORMAL,S2,-0.17187956256520798,31.84,384.7544321693474,50.9,3.76,1544477.2309263612,346.1978759765625,266.0816955566406,19573.05078125,0,2,CAUTIOUS,0.85,CLEAR,1217,CONTAGION,0.943,0,0,0,0,0,0,0,NORMAL,NEGATIVE,0.45,1.0
339248013.6216848,500000000.0,-0.32150397275663045,0.1410536408160514,0.20093396515257772,0.1856021426671761,0.4713329180310577,WATCH,0.40005221075425756,1.0,DELEVERAGE_2,0.3,0.3,365483.19327522704,4260000,-805404.2666218164,False,1.0,0.0,0.0,0.3423564379710695,NORMAL,S2,-0.1710326573982218,31.62,386.4461004867872,50.9,3.83,1544477.2309263612,340.844482421875,261.56976318359375,19431.7890625,0,2,CAUTIOUS,0.85,CLEAR,1216,CONTAGION,0.946,0,0,0,0,0,0,0,NORMAL,NEGATIVE,0.45,1.0
341530453.9859319,500000000.0,-0.3169390920281363,0.1432328681189937,0.20156108477732113,0.1861854184825567,0.4687769777059807,WATCH,0.4347386577366804,1.0,DELEVERAGE_2,0.3,0.3,83214.20766449945,5109200,-1008262.0841497551,False,1.0,0.0,0.0,0.3450830005981771,NORMAL,S2,-0.17182519325035922,30.1,390.75490575161024,50.2,3.67,1544477.2309263612,349.8432312011719,267.7063293457031,19623.580078125,0,2,CAUTIOUS,0.85,CLEAR,1213,CONTAGION,0.929,0,0,0,0,0,0,0,NORMAL,NEGATIVE,0.45,1.0
345951010.5793531,500000000.0,-0.30809797884129386,0.14750858280924517,0.2062181226558126,0.1833455092770894,0.46278695282884014,WATCH,0.415731453082973,1.0,DELEVERAGE_2,0.3,0.3,48721.12113927505,5109200,-1008262.0841497551,False,1.0,0.0,0.0,0.35377652867291853,NORMAL,S2,-0.17544055457538488,29.07,377.12385037638376,50.2,3.62,1544477.2309263612,360.6836242675781,276.1232604980469,20336.84375,0,2,CAUTIOUS,0.85,CLEAR,1212,CONTAGION,0.94,0,0,0,0,0,0,0,NORMAL,NEUTRAL,0.45,1.0
345254747.50360537,500000000.0,-0.3094905049927893,0.14810108131763317,0.20484444462184254,0.18320266927023246,0.4637202389589292,WATCH,0.4144749600394139,1.0,DELEVERAGE_2,0.3,0.3,45423.727887195455,5109200,-1008262.0841497551,False,1.0,0.0,0.0,0.35299196762116014,NORMAL,S2,-0.17475799780655107,28.55,374.1249333990234,50.2,3.76,1544477.2309263612,359.8439025878906,275.9764404296875,20160.716796875,0,2,CAUTIOUS,0.85,CLEAR,1211,CONTAGION,0.939,0,0,0,0,0,0,0,NORMAL,NEUTRAL,0.45,1.0
344334924.3488832,500000000.0,-0.3113301513022336,0.14771611963470738,0.20330037896881972,0.18384675806380055,0.46495897654534823,WATCH,0.4397034334399164,1.0,DELEVERAGE_2,0.3,0.3,61211.31326493948,5109200,-1008262.0841497551,False,1.0,0.0,0.0,0.35107890877323694,NORMAL,S2,-0.1737361034897721,30.52,374.69619859033685,50.2,3.83,1544477.2309263612,356.1318664550781,273.8037109375,19955.443359375,0,2,CAUTIOUS,0.85,CLEAR,1210,CONTAGION,0.94,0,0,0,0,0,0,0,NORMAL,NEGATIVE,0.45,1.0
339388305.158613,500000000.0,-0.321223389682774,0.14009672522956024,0.20204019501995193,0.18581687368383007,0.4717358010885296,WATCH,0.4550206458153967,1.0,DELEVERAGE_2,0.3,0.3,105347.81943972666,5109200,-1008262.0841497551,False,1.0,0.0,0.0,0.34224315422831486,NORMAL,S2,-0.17052782127100038,31.36,376.5582192161374,50.2,3.89,1544477.2309263612,346.1978759765625,263.37066650390625,19546.849609375,0,2,CAUTIOUS,0.85,CLEAR,1209,CONTAGION,0.936,0,0,0,0,0,0,0,NORMAL,NEGATIVE,0.45,1.0
336280617.1758001,500000000.0,-0.3274387656483998,0.13788153706172485,0.19967866201581871,0.18598217403484088,0.47609527827879256,WATCH,0.46596838213013386,1.0,DELEVERAGE_2,0.3,0.3,121850.8138078047,5109200,-1008262.0841497551,False,1.0,0.0,0.0,0.33768255788261614,NORMAL,S2,-0.16837846111903607,32.45,379.2330178359375,50.2,3.89,1544477.2309263612,343.5545959472656,260.73797607421875,19141.484375,0,2,CAUTIOUS,0.85,CLEAR,1206,CONTAGION,0.93,0,0,0,0,0,0,0,NORMAL,NEGATIVE,0.45,1.0
335643551.6487279,500000000.0,-0.3287128967025442,0.1367487754276482,0.19911632938542567,0.1866909703812833,0.47699892706901476,WATCH,0.4735375789778097,1.0,DELEVERAGE_2,0.3,0.3,149360.62079753354,5109200,-1008262.0841497551,False,1.0,0.0,0.0,0.3360146305631484,NORMAL,S2,-0.16782389121833508,33.63,374.99120305825426,50.2,3.93,1544477.2309263612,341.37884521484375,257.1559143066406,19051.41796875,0,2,CAUTIOUS,0.85,CLEAR,1205,CONTAGION,0.93,0,0,0,0,0,0,0,NORMAL,NEGATIVE,0.45,1.0
335796110.6953145,500000000.0,-0.328407778609371,0.1355049901774794,0.20013351050851935,0.18713968951384416,0.4767822166926325,WATCH,0.4696039630806859,1.0,DELEVERAGE_2,0.3,0.3,147613.65579521115,5109200,-1008262.0841497551,False,1.0,0.0,0.0,0.33578610994553326,NORMAL,S2,-0.16802174031305117,33.57,372.6256527535242,50.2,3.91,1544477.2309263612,340.2528076171875,257.0677490234375,19157.4453125,0,2,CAUTIOUS,0.85,CLEAR,1204,CONTAGION,0.93,0,0,0,0,0,0,0,NORMAL,NEGATIVE,0.45,1.0
337028930.6155774,500000000.0,-0.32594213876884515,0.13758700970353127,0.20174814470095917,0.18532498574581358,0.4750381924829239,WATCH,0.4744065842685279,1.0,DELEVERAGE_2,0.3,0.3,101670.63002486603,5109200,-1008262.0841497551,False,1.0,0.0,0.0,0.33943755163687633,NORMAL,S2,-0.16934257057496288,31.94,372.24906901897504,50.2,3.97,1544477.2309263612,349.23248291015625,263.09661865234375,19382.904296875,0,2,CAUTIOUS,0.85,CLEAR,1203,CONTAGION,0.932,0,0,0,0,0,0,0,NORMAL,NEGATIVE,0.45,1.0
333840610.6314029,500000000.0,-0.3323187787371942,0.13199789077616844,0.20160224935392615,0.18639532039892182,0.4795750094971118,WATCH,0.4729006448653152,1.0,DELEVERAGE_2,0.3,0.3,143394.54876183,5109200,-1008262.0841497551,False,1.0,0.0,0.0,0.33374349296390726,NORMAL,S2,-0.16737335633569655,32.02,366.9296462040969,50.2,4.0,1544477.2309263612,341.2738342285156,255.18856811523438,19185.65625,0,2,CAUTIOUS,0.85,CLEAR,1202,CONTAGION,0.93,0,0,0,0,0,0,0,NORMAL,NEGATIVE,0.0,1.0
336574136.79731095,500000000.0,-0.3268517264053781,0.136380667549719,0.2037702300512891,0.18390387130742275,0.4756800850401996,WATCH,0.4605862677901682,1.0,DELEVERAGE_2,0.3,0.3,89241.3033649622,5109200,-1008262.0841497551,False,1.0,0.0,0.0,0.34024111118815326,NORMAL,S2,-0.16977837642602467,31.37,360.6913986978996,50.2,4.02,1544477.2309263612,350.04364013671875,263.6153869628906,19550.7578125,0,2,CAUTIOUS,0.85,CLEAR,1199,CONTAGION,0.929,0,0,0,0,0,0,0,NORMAL,NEGATIVE,0.0,1.0
336276948.411113,500000000.0,-0.327446103177774,0.13783515717346997,0.20169347188244444,0.184151866272479,0.47610047245446496,WATCH,0.45058032255894526,1.0,DELEVERAGE_2,0.3,0.3,73655.48558411715,5109200,-1008262.0841497551,False,1.0,0.0,0.0,0.3396030130568123,NORMAL,S2,-0.16922785181006653,30.5,359.7767280744328,50.2,4.01,1544477.2309263612,354.1564636230469,265.6999816894531,19334.416015625,0,2,CAUTIOUS,0.85,CLEAR,1198,CONTAGION,0.924,0,0,0,0,0,0,0,NORMAL,NEGATIVE,0.0,1.0
335121162.11299026,500000000.0,-0.3297576757740195,0.13787435293557332,0.20034910789768792,0.18380239273002782,0.47774247679439713,WATCH,0.4627144398134222,1.0,DELEVERAGE_2,0.3,0.3,77637.39975854366,5109200,-1008262.0841497551,False,1.0,0.0,0.0,0.3383018350983926,NORMAL,S2,-0.1682347313776159,30.76,356.2859711176086,50.2,4.14,1544477.2309263612,351.6467590332031,264.7310791015625,19139.53515625,0,2,CAUTIOUS,0.85,CLEAR,1197,CONTAGION,0.924,0,0,0,0,0,0,0,NORMAL,NEGATIVE,0.45,1.0
334505636.1040428,500000000.0,-0.33098872779191435,0.13821965204788547,0.19981803368251305,0.18311081180104471,0.47862157385079007,WATCH,0.46141819026722536,1.0,DELEVERAGE_2,0.3,0.3,76912.41854458128,5109200,-1008262.0841497551,False,1.0,0.0,0.0,0.3381154281434372,NORMAL,S2,-0.16775293518144568,29.98,353.601745683471,50.2,4.24,1544477.2309263612,348.69805908203125,263.3804626464844,19053.740234375,0,2,CAUTIOUS,0.85,CLEAR,1196,CONTAGION,0.926,0,0,0,0,0,0,0,NORMAL,NEUTRAL,0.45,1.0
336352587.1819387,500000000.0,-0.32729482563612255,0.14265519160203302,0.1999590876467035,0.1812382044125014,0.4759934072618714,WATCH,0.44249516637209685,1.0,DELEVERAGE_2,0.3,0.3,51834.98672039475,5109200,-1008262.0841497551,False,1.0,0.0,0.0,0.34266708735724993,NORMAL,S2,-0.1688409935203476,29.69,347.8728963344472,50.2,4.21,1544477.2309263612,357.17193603515625,269.55609130859375,19172.46875,0,2,CAUTIOUS,0.85,CLEAR,1195,CONTAGION,0.892,0,0,0,0,0,0,0,NORMAL,NEUTRAL,0.0,1.0
337020264.15971375,500000000.0,-0.3259594716805725,0.14303180662065962,0.20136474992002668,0.1804319821981564,0.47505040806153,WATCH,0.4442566929473639,1.0,DELEVERAGE_2,0.3,0.3,40797.38131575125,5109200,-1008262.0841497551,False,1.0,0.0,0.0,0.344438251893152,NORMAL,S2,-0.1695325823827831,29.85,346.8563930075113,50.2,4.25,1544477.2309263612,361.54241943359375,272.5215759277344,19345.572265625,0,2,CAUTIOUS,0.85,CLEAR,1192,CONTAGION,0.884,0,0,0,0,0,0,0,NORMAL,NEUTRAL,0.0,1.0
341657911.838447,500000000.0,-0.3166841763231061,0.1456892609681924,0.206335017478162,0.17930651923129584,0.4686020972047056,WATCH,0.4262247263921996,1.0,DELEVERAGE_2,0.3,0.3,22926.994367941134,5109200,-1008262.0841497551,False,1.0,0.0,0.0,0.3520479026622789,NORMAL,S2,-0.173435569571477,28.46,349.9935916060471,50.2,4.1,1544477.2309263612,367.3157958984375,278.15899658203125,20095.857421875,0,2,CAUTIOUS,0.85,CLEAR,1191,CONTAGION,0.824,0,0,0,0,0,0,0,NORMAL,NEUTRAL,0.0,1.0
343701074.545714,500000000.0,-0.31259785090857195,0.14329210172034426,0.2119935837802977,0.1788126017117531,0.46581644885949375,WATCH,0.41404185713894914,1.0,DELEVERAGE_2,0.3,0.3,29305.30371174391,5109200,-1008262.0841497551,False,1.0,0.0,0.0,0.3553159811369143,NORMAL,S2,-0.1757995222453739,27.28,351.5459523744392,50.2,4.04,1544477.2309263612,364.54840087890625,272.0126037597656,20770.44140625,0,2,CAUTIOUS,0.85,CLEAR,1190,CONTAGION,0.829,0,0,0,0,0,0,0,NORMAL,NEUTRAL,0.0,1.0
342798278.38611734,500000000.0,-0.31440344322776537,0.14515255362563498,0.2075927381067161,0.18009209819360084,0.4670432266107917,WATCH,0.40461168744210846,1.0,DELEVERAGE_2,0.3,0.3,40924.44567201085,5109200,-1008262.0841497551,False,1.0,0.0,0.0,0.3527874087149967,NORMAL,S2,-0.17435236964559472,27.39,349.25757430827605,50.2,3.96,1544477.2309263612,362.60174560546875,267.06036376953125,20285.8359375,0,2,CAUTIOUS,0.85,CLEAR,1189,CONTAGION,0.81,0,0,0,0,0,0,0,NORMAL,NEUTRAL,0.0,1.0
345015671.5317625,500000000.0,-0.309968656936475,0.14823638050114094,0.20940558862040118,0.178267269670789,0.46404157035323984,WATCH,0.3986816055292968,1.0,DELEVERAGE_2,0.3,0.3,16971.615673998862,5109200,-1008262.0841497551,False,1.0,0.0,0.0,0.35765956270102606,NORMAL,S2,-0.1761534319559559,25.75,344.46934254882814,50.2,4.02,1544477.2309263612,371.228271484375,275.2326354980469,20595.3515625,0,2,CAUTIOUS,0.85,CLEAR,1188,CONTAGION,0.814,0,0,0,0,0,0,0,NORMAL,NEUTRAL,0.0,1.0
343839924.9301165,500000000.0,-0.3123201501397671,0.14688092112273848,0.2091057084287289,0.1783265140510706,0.46562834157963595,WATCH,0.4147641049889542,1.0,DELEVERAGE_2,0.3,0.3,20119.730568635412,5109200,-1008262.0841497551,False,1.0,0.0,0.0,0.3560074612632079,NORMAL,S2,-0.17546424410945968,25.88,352.7496987911145,50.2,4.1,1544477.2309263612,368.5467224121094,272.03228759765625,20495.7734375,0,2,CAUTIOUS,0.85,CLEAR,1185,CONTAGION,0.818,0,0,0,0,0,0,0,NORMAL,NEUTRAL,0.0,1.0
344640870.5021234,500000000.0,-0.3107182589957531,0.14809380402507094,0.20851287059607657,0.17877692722117006,0.46454622105850973,WATCH,0.44175931228381604,1.0,DELEVERAGE_2,0.3,0.3,24185.896548238743,5109200,-1008262.0841497551,False,1.0,0.0,0.0,0.3566317019994668,NORMAL,S2,-0.17568602964037944,25.81,353.7417109492172,49.0,4.07,1544477.2309263612,366.9340515136719,269.252685546875,20485.2734375,0,2,CAUTIOUS,0.85,CLEAR,1184,ELEVATED,0.798,0,0,0,0,0,0,0,NORMAL,NEUTRAL,0.0,1.0
341920936.54395527,500000000.0,-0.31615812691208944,0.14476126777981002,0.20682928315716803,0.18002438976413998,0.4682416222660731,WATCH,0.45037669713411543,1.0,DELEVERAGE_2,0.3,0.3,49044.12459309772,5109200,-1008262.0841497551,False,1.0,0.0,0.0,0.3516409892770939,NORMAL,S2,-0.17370915245099644,25.86,357.3897333187639,49.0,4.1,1544477.2309263612,357.7253723144531,260.0234375,20159.50390625,0,2,CAUTIOUS,0.85,CLEAR,1183,CONTAGION,0.808,0,0,0,0,0,0,0,NORMAL,NEUTRAL,0.0,1.0
341732375.82093245,500000000.0,-0.31653524835813507,0.14398268337199263,0.20746164458099708,0.17986169226102153,0.4684999881251222,WATCH,0.4513913956861608,1.0,DELEVERAGE_2,0.3,0.3,66293.2311573709,5109200,-1008262.0841497551,False,1.0,0.0,0.0,0.35151251845025927,NORMAL,S2,-0.17369060891156185,25.3,360.4142309055063,49.0,4.14,1544477.2309263612,354.0419616699219,254.94398498535156,20209.98828125,0,3,CAUTIOUS,0.85,CLEAR,1182,CONTAGION,0.884,0,0,0,0,0,0,0,NORMAL,NEUTRAL,0.0,1.0
346457660.6013265,500000000.0,-0.3070846787973469,0.14640531829491196,0.2141219601205216,0.17723652414871988,0.462110186093728,WATCH,0.4444871555411452,1.0,DELEVERAGE_2,0.3,0.3,43657.59479961341,5109200,-1008262.0841497551,False,1.0,0.0,0.0,0.3605727146671401,NORMAL,S2,-0.17742794197642017,24.55,356.28811637809923,49.0,4.17,1544477.2309263612,359.1376953125,259.0447692871094,21147.23046875,0,3,CAUTIOUS,0.85,CLEAR,1181,CONTAGION,0.897,0,0,0,0,0,0,0,NORMAL,POSITIVE,0.0,1.0
343927679.90043473,500000000.0,-0.3121446401991306,0.1465286998552282,0.21014416859501997,0.17772973921166976,0.46550953404048556,WATCH,0.44698353862214,1.0,DELEVERAGE_2,0.3,0.3,30216.900452357448,5109200,-1008262.0841497551,False,1.0,0.0,0.0,0.3567042078746975,NORMAL,S2,-0.17528012357016445,24.35,353.3058977035667,49.0,4.22,1544477.2309263612,362.5731506347656,261.89276123046875,20602.81640625,0,3,CAUTIOUS,0.85,CLEAR,1178,CONTAGION,0.9,0,0,0,0,0,0,0,NORMAL,POSITIVE,0.0,1.0
337356639.7220666,500000000.0,-0.3252867205558668,0.15022868665809694,0.1928004891052153,0.18230948463922772,0.47457673916238136,WATCH,0.451778273623034,1.0,DELEVERAGE_2,0.3,0.3,28540.518497175577,5109200,-1008262.0841497551,False,1.0,0.0,0.0,0.34305819863617415,NORMAL,S2,-0.16777525449245362,25.54,357.63045603839015,49.0,4.14,1544477.2309263612,364.52935791015625,263.8013610839844,18541.271484375,0,2,CAUTIOUS,0.85,CLEAR,1177,CONTAGION,0.887,0,0,0,0,0,0,0,NORMAL,NEUTRAL,0.0,1.0
326044715.7048616,500000000.0,-0.3479105685902768,0.14911127238976546,0.17086477992848498,0.18883134852299746,0.4910418918091038,WATCH,0.4582442860051027,1.0,DELEVERAGE_2,0.3,0.3,49137.334970737786,5109200,-1008262.0841497551,False,1.0,0.0,0.0,0.32002428232966346,NORMAL,S2,-0.15635346687238708,26.09,365.55000048469503,49.0,4.12,1544477.2309263612,357.0192565917969,257.7136535644531,15880.7802734375,0,2,CAUTIOUS,0.85,CLEAR,1176,CONTAGION,0.93,0,0,0,0,0,0,0,NORMAL,NEUTRAL,0.0,1.0
336887011.8003507,500000000.0,-0.3262259763992985,0.1567492401178562,0.18313010035789806,0.184868907055195,0.47523830959965185,WATCH,0.4084457116037449,1.0,DELEVERAGE_2,0.3,0.3,4528.728101810008,5109200,-1008262.0841497551,False,1.0,0.0,0.0,0.3398839094907603,NORMAL,S2,-0.16565521220975984,23.53,367.4571383871939,49.0,3.82,1544477.2309263612,376.63897705078125,276.7300720214844,17586.771484375,0,3,CAUTIOUS,0.85,CLEAR,1175,CONTAGION,0.952,0,0,0,0,0,0,0,NORMAL,POSITIVE,0.0,1.0
336268367.34500587,500000000.0,-0.32746326530998826,0.16172258369144865,0.1777034983227353,0.18445664528229216,0.47611262182688446,WATCH,0.3993804419157842,1.0,DELEVERAGE_2,0.3,0.3,1563.9426942418659,5109200,-1008262.0841497551,False,1.0,0.0,0.0,0.3394276606503616,NORMAL,S2,-0.16440430064306527,22.52,366.77692700249764,49.0,3.82,1544477.2309263612,380.2842712402344,281.8291015625,17034.29296875,0,3,CAUTIOUS,0.85,CLEAR,1174,CONTAGION,0.948,0,0,0,0,0,0,0,NORMAL,POSITIVE,0.0,1.0
334457972.6798158,500000000.0,-0.3310840546403684,0.16141964993345764,0.20000628206853377,0.18562081398532343,0.45294610667895974,WATCH,0.416917259493181,1.0,DELEVERAGE_2,0.3,0.3,2390.4827478355296,5109200,-1008262.0841497551,False,1.0,0.0,0.0,0.3357102696311347,NORMAL,S2,-0.17614591427805307,23.73,368.71924201244457,49.0,3.88,1557373.1532044683,377.0493469238281,279.36273193359375,16618.19921875,0,3,CAUTIOUS,0.85,CLEAR,1171,CONTAGION,0.949,0,0,0,0,0,0,0,NORMAL,POSITIVE,0.0,1.0
336815830.71817017,500000000.0,-0.32636833856365965,0.1632514217004012,0.2017900980250519,0.1851784345617236,0.44977528594794747,WATCH,0.41838884001474663,1.0,DELEVERAGE_2,0.3,0.3,1603.1641606600556,5109200,-1008262.0841497551,False,1.0,0.0,0.0,0.365043257245527,NORMAL,S2,-0.1779314115969472,24.54,372.93378097695876,49.0,3.8,1557373.1532044683,380.26513671875,283.22869873046875,16884.61328125,0,3,CAUTIOUS,0.85,CLEAR,1170,CONTAGION,0.948,0,0,0,0,0,0,0,NORMAL,POSITIVE,0.0,1.0
334220530.7904029,500000000.0,-0.33155893841919426,0.1583052318318193,0.20076550711517707,0.1876548826936739,0.4532678953468125,WATCH,0.40695739914595647,1.0,DELEVERAGE_2,0.3,0.3,2166.755884623277,5109200,-1008262.0841497551,False,1.0,0.0,0.0,0.3590730668221832,NORMAL,S2,-0.17630072265048116,24.11,381.6909033384989,49.0,3.67,1557373.1532044683,377.3642272949219,279.36273193359375,16669.439453125,0,3,CAUTIOUS,0.85,CLEAR,1169,CONTAGION,0.946,0,0,0,0,0,0,0,NORMAL,POSITIVE,0.0,1.0
333943695.737923,500000000.0,-0.3321126085241539,0.1581523329759186,0.20114985126202126,0.18704815395921234,0.4535189922244641,WATCH,0.4148931295160446,1.0,DELEVERAGE_2,0.3,0.3,43636.281925925505,4994900,-966633.8618652173,False,1.0,0.0,0.0,0.35930434479543194,NORMAL,S2,-0.17631631964422578,23.93,380.82188252674104,49.0,3.77,1557373.1532044683,376.2095031738281,278.7461853027344,16687.517578125,0,3,CAUTIOUS,0.85,CLEAR,1168,CONTAGION,0.945,0,0,0,0,0,0,0,NORMAL,POSITIVE,0.0,1.0
333630458.13851136,500000000.0,-0.33273908372297734,0.1579066382264631,0.20146249242384684,0.18657065784592203,0.453944790280207,WATCH,0.41184227041625204,1.0,DELEVERAGE_2,0.3,0.3,38508.03569559941,4994900,-966633.8618652173,False,1.0,0.0,0.0,0.3594106142631691,NORMAL,S2,-0.1762860432310363,23.12,378.97521259851544,49.0,3.82,1557373.1532044683,377.9176330566406,278.7559814453125,16697.77734375,0,3,CAUTIOUS,0.85,CLEAR,1167,CONTAGION,0.956,0,0,0,0,0,0,0,NORMAL,POSITIVE,0.0,1.0
329208975.8815664,500000000.0,-0.3415820482368672,0.15743168743075966,0.19303541232855392,0.18937030723557344,0.4600415524674525,WATCH,0.40578118914811157,1.0,DELEVERAGE_2,0.3,0.3,39847.63144336646,4994900,-966633.8618652173,False,1.0,0.0,0.0,0.3505095256207499,NORMAL,S2,-0.17197793428136784,22.36,378.06388667542404,49.0,3.83,1557373.1532044683,376.5434875488281,275.88836669921875,15787.2841796875,0,3,CAUTIOUS,0.85,CLEAR,1164,CONTAGION,0.96,0,0,0,0,0,0,0,NORMAL,POSITIVE,0.0,1.0
332108830.605694,500000000.0,-0.33578233878861197,0.15926021494884926,0.19622822334588197,0.1884123175866698,0.4560246352816471,WATCH,0.39040142556142177,1.0,DELEVERAGE_2,0.3,0.3,24778.253592927227,4994900,-966633.8618652173,False,1.0,0.0,0.0,0.3555149628526286,NORMAL,S2,-0.17445722998353197,21.29,379.3833283166554,49.0,3.76,1557373.1532044683,381.6106872558594,279.8619384765625,16189.76953125,0,3,CAUTIOUS,0.85,CLEAR,1163,CONTAGION,0.961,0,0,0,0,0,0,0,NORMAL,POSITIVE,0.0,1.0
335055312.1059892,500000000.0,-0.3298893757880216,0.16060256760730557,0.1995596986498437,0.18777541057527666,0.452014347717213,WATCH,0.3794986380063296,1.0,DELEVERAGE_2,0.3,0.3,16074.429494166128,4994900,-966633.8618652173,False,1.0,0.0,0.0,0.360179546033081,NORMAL,S2,-0.1768971574523501,20.35,382.9739204867398,49.0,3.71,1557373.1532044683,384.0154724121094,282.6708068847656,16610.70703125,0,3,CAUTIOUS,0.85,CLEAR,1162,CONTAGION,0.962,0,0,0,0,0,0,0,NORMAL,POSITIVE,0.0,1.0
334111049.85635805,500000000.0,-0.33177790028728393,0.15953469533040698,0.19905305575728172,0.18806524860998328,0.45329182742051677,WATCH,0.37926180601926496,1.0,DELEVERAGE_2,0.3,0.3,18433.86946561202,4994900,-966633.8618652173,False,1.0,0.0,0.0,0.3586075364989166,NORMAL,S2,-0.1762337500926883,20.5,385.43634336544164,49.0,3.68,1557373.1532044683,383.9295654296875,280.81121826171875,16521.841796875,0,3,CAUTIOUS,0.85,CLEAR,1160,CONTAGION,0.961,0,0,0,0,0,0,0,NORMAL,POSITIVE,0.0,1.0
331746219.6371632,500000000.0,-0.33650756072567356,0.15715900128829657,0.196777026246691,0.1894449530552545,0.45652308718519624,WATCH,0.39654055152747736,1.0,DELEVERAGE_2,0.3,0.3,31825.152839741797,4994900,-966633.8618652173,False,1.0,0.0,0.0,0.3539699846630444,NORMAL,S2,-0.17441909631209968,22.21,388.1390144505575,49.0,3.69,1557373.1532044683,377.80316162109375,276.6908874511719,16217.322265625,0,3,CAUTIOUS,0.85,CLEAR,1157,CONTAGION,0.967,0,0,0,0,0,0,0,NORMAL,POSITIVE,0.0,1.0
332296496.5471166,500000000.0,-0.33540700690576686,0.15632370959722153,0.19920896537326263,0.1885953419362537,0.4557670933172229,WATCH,0.3952622092995427,1.0,DELEVERAGE_2,0.3,0.3,34854.50510144112,4994900,-966633.8618652173,False,1.0,0.0,0.0,0.3555699706250693,NORMAL,S2,-0.1751233021096204,21.89,380.579872642095,49.0,3.75,1557373.1532044683,377.154296875,274.5964660644531,16444.982421875,0,3,CAUTIOUS,0.85,CLEAR,1156,CONTAGION,0.966,0,0,0,0,0,0,0,NORMAL,POSITIVE,0.0,1.0
338280924.29666114,500000000.0,-0.32343815140667775,0.16231068199637017,0.2042950071329715,0.1856635003393977,0.4477042525104356,WATCH,0.37566644159852836,1.0,DELEVERAGE_2,0.3,0.3,8984.071832159847,4994900,-966633.8618652173,False,1.0,0.0,0.0,0.36661542570945244,NORMAL,S2,-0.17968914980952244,20.58,378.30121218802356,49.0,3.68,1557373.1532044683,389.034912109375,287.11407470703125,17168.56640625,0,3,CAUTIOUS,0.85,CLEAR,1155,CONTAGION,0.965,0,0,0,0,0,0,0,NORMAL,POSITIVE,0.0,1.0
338623278.0653736,500000000.0,-0.32275344386925275,0.16259325175583958,0.2016939533281197,0.1884408038703673,0.44725161606148495,WATCH,0.37061306557545354,1.0,DELEVERAGE_2,0.3,0.3,6899.44393643366,4994900,-966633.8618652173,False,1.0,0.0,0.0,0.36429462758123615,NORMAL,S2,-0.1790283519045892,19.84,385.45034738766066,48.4,3.53,1557373.1532044683,388.7485656738281,287.4665832519531,16967.1328125,0,3,CAUTIOUS,0.85,CLEAR,1154,CONTAGION,0.964,0,0,0,0,0,0,0,NORMAL,POSITIVE,0.0,1.0
338621705.9519592,500000000.0,-0.32275658809608165,0.16051382498427294,0.20313953240805127,0.18907514512453413,0.447253692509193,WATCH,0.3652605762631157,1.0,DELEVERAGE_2,0.3,0.3,6029.150652954884,4994900,-966633.8618652173,False,1.0,0.0,0.0,0.36365983234616533,NORMAL,S2,-0.17937820436630994,19.06,391.00572234328814,48.4,3.51,1557373.1532044683,388.30010986328125,286.3214111328125,17088.66015625,0,3,CAUTIOUS,0.85,CLEAR,1153,CONTAGION,0.964,0,0,0,0,0,0,0,NORMAL,POSITIVE,0.0,1.0
336138311.20780706,500000000.0,-0.32772337758438586,0.15729797790317568,0.2032771441258153,0.18882702851280733,0.4505580093104793,WATCH,0.3892506845441013,1.0,DELEVERAGE_2,0.3,0.3,13391.799973644675,4994900,-966633.8618652173,False,1.0,0.0,0.0,0.3605894879674587,NORMAL,S2,-0.17821718386025268,20.75,391.8463790020735,48.4,3.6,1557373.1532044683,381.3148498535156,281.5158996582031,16974.826171875,0,3,CAUTIOUS,0.85,CLEAR,1150,CONTAGION,0.959,0,0,0,0,0,0,0,NORMAL,POSITIVE,0.0,1.0
335626684.5610552,500000000.0,-0.3287466308778896,0.15345243812536716,0.20496240181381692,0.19025665689306065,0.4512448363539613,WATCH,0.39563646716277834,1.0,DELEVERAGE_2,0.3,0.3,28080.81532145441,4994900,-966633.8618652173,False,1.0,0.0,0.0,0.3584448298760207,NORMAL,S2,-0.17811122484910313,22.17,397.2036357474877,48.4,3.51,1557373.1532044683,375.8183288574219,275.68280029296875,17089.50390625,0,3,CAUTIOUS,0.85,CLEAR,1149,CONTAGION,0.957,0,0,0,0,0,0,0,NORMAL,POSITIVE,0.0,1.0
334904383.765833,500000000.0,-0.33019123246833393,0.15254269904110201,0.20250326171179858,0.1926397317953623,0.4522180529493172,WATCH,0.4016855860392833,1.0,DELEVERAGE_2,0.3,0.3,32236.054817635795,4994900,-966633.8618652173,False,1.0,0.0,0.0,0.3550801388149814,NORMAL,S2,-0.1770486996950375,22.68,401.66645292261506,48.4,3.42,1557373.1532044683,375.178955078125,274.5572509765625,16848.126953125,0,3,CAUTIOUS,0.85,CLEAR,1148,CONTAGION,0.957,0,0,0,0,0,0,0,NORMAL,POSITIVE,0.45,1.0
337624503.86594456,500000000.0,-0.3247509922681109,0.15504116002846072,0.20546607200584746,0.19085117397264262,0.4485746935326406,WATCH,0.39642965085371107,1.0,DELEVERAGE_2,0.3,0.3,22587.23475386833,4994900,-966633.8618652173,False,1.0,0.0,0.0,0.3605313517477318,NORMAL,S2,-0.17925906394870283,22.29,398.47798951808977,48.4,3.48,1557373.1532044683,378.1180419921875,277.8066711425781,17233.474609375,0,3,CAUTIOUS,0.85,CLEAR,1147,CONTAGION,0.958,0,0,0,0,0,0,0,NORMAL,POSITIVE,0.45,1.0
336557660.3740467,500000000.0,-0.3268846792519067,0.15507563436059704,0.20491748891714476,0.18992808447186302,0.4499966162780434,WATCH,0.40443569173907146,1.0,DELEVERAGE_2,0.3,0.3,27656.952993602034,4994900,-966633.8618652173,False,1.0,0.0,0.0,0.36002270849388096,NORMAL,S2,-0.17842133665410576,22.83,392.44043861273815,48.4,3.57,1557373.1532044683,375.29339599609375,276.0351867675781,17133.15234375,0,3,CAUTIOUS,0.85,CLEAR,1146,CONTAGION,0.958,0,0,0,0,0,0,0,NORMAL,POSITIVE,0.45,1.0
337488781.2590155,500000000.0,-0.325022437481969,0.15680079311696993,0.20522622157056508,0.18914060698827892,0.44875508983079765,WATCH,0.4245367536393166,1.0,DELEVERAGE_2,0.3,0.3,26083.99943900987,4994900,-966633.8618652173,False,1.0,0.0,0.0,0.3620549973728057,NORMAL,S2,-0.17921898929574628,25.0,388.27554177981335,48.4,3.61,1557373.1532044683,380.7042236328125,279.4997863769531,17206.4375,0,3,CAUTIOUS,0.85,CLEAR,1143,CONTAGION,0.958,0,0,0,0,0,0,0,NORMAL,POSITIVE,0.45,1.0
341102050.7966429,500000000.0,-0.3177958984067142,0.15770870368629625,0.2098364140901453,0.18841559462680194,0.4440014593786971,WATCH,0.39275648591199364,1.0,DELEVERAGE_2,0.3,0.3,12903.282757983607,4994900,-966633.8618652173,False,1.0,0.0,0.0,0.3675590218792708,NORMAL,S2,-0.1819589777830077,22.55,386.97509556760843,48.4,3.51,1557373.1532044683,383.58599853515625,282.5043640136719,17781.318359375,0,3,CAUTIOUS,0.85,CLEAR,1142,CONTAGION,0.96,0,0,0,0,0,0,0,NORMAL,POSITIVE,0.45,1.0
340400341.33017063,500000000.0,-0.3191993173396588,0.15548310228925857,0.19999540640587918,0.1889022334189369,0.4555856103600922,WATCH,0.3828685057241189,1.0,DELEVERAGE_2,0.3,0.3,11453.629278531918,4994900,-966633.8618652173,False,1.0,0.0,0.0,0.3661664740248105,NORMAL,S2,-0.17612569097842368,21.14,392.304652397341,48.4,3.49,1561008.4774496271,381.133544921875,280.4100036621094,17815.650390625,0,3,CAUTIOUS,0.85,CLEAR,1141,CONTAGION,0.959,0,0,0,0,0,0,0,NORMAL,POSITIVE,0.0,1.0
336465503.742891,500000000.0,-0.32706899251421795,0.15132356959935886,0.19721466149842595,0.19044299046822413,0.46091351281644166,WATCH,0.39958794929051034,1.0,DELEVERAGE_2,0.3,0.3,35418.24903552693,4994900,-966633.8618652173,False,1.0,0.0,0.0,0.3485749240524274,NORMAL,S2,-0.17357773749983654,22.83,396.0275345318029,48.4,3.44,1561008.4774496271,371.8103942871094,270.99481201171875,17364.865234375,0,3,CAUTIOUS,0.85,CLEAR,1140,CONTAGION,0.958,0,0,0,0,0,0,0,NORMAL,POSITIVE,0.45,1.0
332948094.8055984,500000000.0,-0.3341038103888032,0.15054195914404742,0.19106467845255654,0.19248535313182333,0.4657828042603411,WATCH,0.3982930138192584,1.0,DELEVERAGE_2,0.3,0.3,41686.769949690446,4994900,-966633.8618652173,False,1.0,0.0,0.0,0.341649413815298,NORMAL,S2,-0.16994904932466895,22.62,396.86930874638307,48.4,3.48,1561008.4774496271,367.4208068847656,268.4110412597656,16647.484375,0,3,CAUTIOUS,0.85,CLEAR,1139,CONTAGION,0.96,0,0,0,0,0,0,0,NORMAL,POSITIVE,0.45,1.0
330812365.815742,500000000.0,-0.33837526836851595,0.14897070092941495,0.18989780385965352,0.1921852261759121,0.46878990417809163,WATCH,0.40114827990235613,1.0,DELEVERAGE_2,0.3,0.3,51727.42825072607,4994900,-966633.8618652173,False,1.0,0.0,0.0,0.3389215002009571,NORMAL,S2,-0.16852636023093362,22.42,392.818561742022,48.4,3.57,1561008.4774496271,364.30511474609375,264.638916015625,16439.6796875,0,3,CAUTIOUS,0.85,CLEAR,1136,CONTAGION,0.956,0,0,0,0,0,0,0,NORMAL,POSITIVE,0.45,1.0
332033099.3081638,500000000.0,-0.33593380138367235,0.14678975107182315,0.19456989220238685,0.1914339568781846,0.46706637860750305,WATCH,0.4005807756321047,1.0,DELEVERAGE_2,0.3,0.3,46491.686320121364,4994900,-966633.8618652173,False,1.0,0.0,0.0,0.34140744756839864,NORMAL,S2,-0.16974173522636762,21.48,385.30129272017444,48.4,3.69,1561008.4774496271,364.80364990234375,264.43292236328125,16906.3046875,0,3,CAUTIOUS,0.85,CLEAR,1135,CONTAGION,0.954,0,0,0,0,0,0,0,NORMAL,POSITIVE,0.45,1.0
332703289.5371725,500000000.0,-0.334593420925655,0.14972308476109755,0.19315838930592463,0.19091509654358307,0.46612553031088216,WATCH,0.3866852576584251,1.0,DELEVERAGE_2,0.3,0.3,25917.279673065583,4994900,-966633.8618652173,False,1.0,0.0,0.0,0.34290818629874925,NORMAL,S2,-0.1700187845854015,20.07,383.951619906899,48.4,3.68,1561008.4774496271,370.25836181640625,268.2687683105469,16817.53515625,0,3,CAUTIOUS,0.85,CLEAR,1134,CONTAGION,0.955,0,0,0,0,0,0,0,NORMAL,POSITIVE,0.0,1.0
330664070.11694396,500000000.0,-0.33867185976611214,0.14468810793019846,0.1944976035660606,0.19163578512993906,0.46900014633232684,WATCH,0.40485186960649644,1.0,DELEVERAGE_2,0.3,0.3,58976.26526815885,4994900,-966633.8618652173,False,1.0,0.0,0.0,0.3392462184481131,ALERT,S2,-0.16915575398421936,21.97,388.75311601082734,48.4,3.67,1561008.4774496271,364.9761657714844,261.7055358886719,16830.341796875,0,3,CAUTIOUS,0.85,CLEAR,1133,CONTAGION,0.936,0,0,0,0,0,0,0,NORMAL,POSITIVE,0.0,1.0
330169222.5429429,500000000.0,-0.3396615549141142,0.14480753891203002,0.19440268060724605,0.19093832677042558,0.4697030694662011,WATCH,0.4006729184676599,1.0,DELEVERAGE_2,0.3,0.3,48991.91051123246,4994900,-966633.8618652173,False,1.0,0.0,0.0,0.3392605604410892,NORMAL,S2,-0.16882940183893824,20.87,384.16914982705214,48.4,3.75,1561008.4774496271,367.0756530761719,262.2941589355469,16796.953125,0,3,CAUTIOUS,0.85,CLEAR,1132,CONTAGION,0.885,0,0,0,0,0,0,0,NORMAL,POSITIVE,0.0,1.0
328214928.7392909,500000000.0,-0.34357014252141826,0.14153744893032916,0.1946313761716007,0.191127389836202,0.4724998276811306,WATCH,0.4130991716389611,1.0,DELEVERAGE_2,0.3,0.3,66941.85718459198,4994900,-966633.8618652173,False,1.0,0.0,0.0,0.3362374032019929,NORMAL,S2,-0.16746963925160846,21.65,382.07004796969716,48.4,3.84,1561008.4774496271,365.6280517578125,258.58575439453125,16717.173828125,0,3,CAUTIOUS,0.85,CLEAR,1128,CONTAGION,0.904,0,0,0,0,0,0,0,NORMAL,POSITIVE,0.0,1.0
327212798.0393953,500000000.0,-0.3455744039212094,0.1410239391305579,0.1933052000294118,0.1914467248558516,0.47394691833850044,WATCH,0.4213822669750965,1.0,DELEVERAGE_2,0.3,0.3,90709.1615082832,4994900,-966633.8618652173,False,1.0,0.0,0.0,0.33442184679700215,NORMAL,S2,-0.16652608405134528,22.14,390.5418735299228,48.4,3.88,1561008.4774496271,361.0840759277344,255.17169189453125,16552.572265625,0,3,CAUTIOUS,0.85,CLEAR,1127,CONTAGION,0.906,0,0,0,0,0,0,0,NORMAL,POSITIVE,0.0,1.0
329647155.59620667,500000000.0,-0.34070568880758667,0.14555294473196012,0.1929183018542663,0.1909361245050443,0.4704469449803257,WATCH,0.41457405961486893,1.0,DELEVERAGE_2,0.3,0.3,48024.292614329104,4994900,-966633.8618652173,False,1.0,0.0,0.0,0.3385205635917759,NORMAL,S2,-0.16797105749573432,21.44,385.8615279295433,48.4,3.83,1561008.4774496271,367.5837707519531,261.3916015625,16642.341796875,0,3,CAUTIOUS,0.85,CLEAR,1126,CONTAGION,0.893,0,0,0,0,0,0,0,NORMAL,POSITIVE,0.0,1.0
