Date,NAV,High_Water_Mark,Drawdown,Equity_Pct,Crypto_Pct,Defensive_Pct,Cash_Pct,Regime,Regime_Score,Equity_Ceiling,PDS_Status,PDS_Ceiling,Effective_Ceiling,PTRH_Value,PTRH_Notional,PTRH_Net_Cost,SLOF_Active,SLOF_Leverage,SLOF_Notional,PERM_Income,FEM_Score,FEM_Status,SSL_Worst_Scenario,SSL_Worst_Loss_Pct,VIX,HY_Spread,PMI,TNX_Yield,Total_Slippage,SPY_Price,QQQ_Price,BTC_Price,Delev_Score,Micro_Score,EDR_Crypto_Stress,Crypto_Target_Pct,ARES_Tranche,ARES_Gates_Cleared,PCR_Status,PCR_Value,Shutdown_Status,Shutdown_Days,Correlation_Status,Equity_Crypto_Corr,Incap_Tier,CDM_Alerts,TDC_Reviews,JPVI_Count,SCCR_Count,PFVT_Count,ELVT_Count,Margin_Stress,Dealer_Gamma,RPE_Up_Prob,AUP_SLOF_Mult
2024-01-02,500000000.0,500000000.0,0.0,0.58,0.2,0.14,0.07999158286554234,RISK_ON,0.2507141664888381,1.0,NORMAL,1.0,1.0,4208.567228832089,5978600,4208.567228832089,False,1.0,0.0,0.0,0.78,ALERT,S2,-0.3136656398,13.2,354.0,49.1,3.95,0.0,459.9911804199219,397.6907653808594,44957.96875,0.5038888423332313,0.03,False,0.2,1,4,CAUTIOUS,0.85,CLEAR,757,NORMAL,0.0,0,0,0,0,0,0,0,NORMAL,POSITIVE,0.0,1.0
2024-01-03,489884837.4944694,500000000.0,-0.020230325011061145,0.5811796139625397,0.1945501894919003,0.14260922750430444,0.08164325239648329,RISK_ON,0.26193914817829117,1.0,NORMAL,1.0,1.0,8679.115645216916,5978600,4208.567228832089,False,1.0,0.0,0.0,0.7757435470272971,ALERT,S2,-0.3114027018874843,14.04,371.0,49.1,3.91,0.0,456.234619140625,393.4826354980469,42848.17578125,0.18992123902784097,0.03,False,0.2,1,4,CAUTIOUS,0.85,CLEAR,756,NORMAL,0.0,0,0,0,0,0,0,0,NORMAL,POSITIVE,0.45,1.0
2024-01-04,494538564.81944174,500000000.0,-0.010922870361116499,0.5787000436735634,0.19870925646210055,0.14169448835888884,0.08087496967475896,RISK_ON,0.2655760788801374,1.0,NORMAL,1.0,1.0,10504.9044626769,5978600,4208.567228832089,False,1.0,0.0,0.0,0.7774258140831792,ALERT,S2,-0.3126623301872916,14.13,369.0,49.1,3.99,0.0,454.7650146484375,391.45751953125,44179.921875,0.18992123902784097,0.03,False,0.2,2,4,CAUTIOUS,0.85,CLEAR,755,NORMAL,0.0,0,0,0,0,0,0,0,NORMAL,POSITIVE,0.45,1.0
2024-01-05,496199592.3546398,500000000.0,-0.00760081529072032,0.5803766024259452,0.19796683893494352,0.14103731854455548,0.08060424081160006,RISK_ON,0.24874509292984906,1.0,NORMAL,1.0,1.0,7442.638088201708,5978600,4208.567228832089,False,1.0,0.0,0.0,0.7783551161295156,ALERT,S2,-0.312803946219581,13.35,368.0,49.1,4.05,0.0,455.387939453125,391.9218444824219,44162.69140625,0.18992123902784097,0.03,False,0.2,2,4,CAUTIOUS,0.85,CLEAR,754,NORMAL,0.0,0,0,0,0,0,0,0,NORMAL,POSITIVE,0.45,1.0
2024-01-08,514794248.4892878,514791832.4699712,4.693196675287226e-06,0.583240061022691,0.20294803567034975,0.1361144395736983,0.07769277055861169,RISK_ON,0.2568844045840762,1.0,NORMAL,1.0,1.0,2416.0193166165354,5978600,4208.567228832089,False,1.0,0.0,0.0,0.7861917864284025,ALERT,S2,-0.3160432683768503,13.08,363.0,49.1,4.01,0.0,461.8890075683594,400.02203369140625,46970.50390625,0.18992123902784097,0.03,False,0.2,3,4,CAUTIOUS,0.85,CLEAR,751,NORMAL,0.0,0,0,0,0,0,0,0,NORMAL,POSITIVE,0.0,1.0
2024-01-09,512606309.5804639,514791832.4699712,-0.00424544981419217,0.5849978914540866,0.20020938176712355,0.13676490365204658,0.07802438379173525,RISK_ON,0.2621772464681442,1.0,NORMAL,1.0,1.0,1763.0248258591166,5978600,4208.567228832089,False,1.0,0.0,0.0,0.7852099738213618,ALERT,S2,-0.31523239597145447,12.76,359.0,49.1,4.02,0.0,461.1882629394531,400.8122863769531,46139.73046875,0.21992123902784097,0.03,False,0.2,3,4,CAUTIOUS,0.85,CLEAR,750,CONTAGION,0.976,0,0,0,0,0,0,0,NORMAL,POSITIVE,0.0,1.0
2024-01-10,514946075.2911384,514944946.3911999,2.1922730699674986e-06,0.5843788036110465,0.20140779756227375,0.13654134295151582,0.07766986360689998,RISK_ON,0.24878557217208302,1.0,NORMAL,1.0,1.0,1128.8999385510267,5978600,4208.567228832089,False,1.0,0.0,0.0,0.7857883238321247,ALERT,S2,-0.3156135802971161,12.69,350.0,49.1,4.04,0.0,463.7965087890625,403.5288391113281,46627.77734375,0.23792123902784096,0.03,False,0.2,3,4,CAUTIOUS,0.85,CLEAR,749,CONTAGION,0.974,0,0,0,0,0,0,0,NORMAL,POSITIVE,0.0,1.0
2024-01-11,515988008.351082,515987199.3316463,1.5679060192397287e-06,0.5866920325644069,0.19988378379066685,0.1359095906604458,0.07751302508091959,RISK_ON,0.25216177943294155,1.0,NORMAL,1.0,1.0,809.0194357251708,5978600,4208.567228832089,False,1.0,0.0,0.0,0.7865770496320309,ALERT,S2,-0.31556982762230024,12.44,355.0,49.1,3.98,0.0,463.5921325683594,404.3685302734375,46368.5859375,0.24792123902784097,0.03,False,0.2,3,4,CAUTIOUS,0.85,CLEAR,748,CONTAGION,0.972,0,0,0,0,0,0,0,NORMAL,POSITIVE,0.0,1.0
2024-01-12,506663644.94700795,515987199.3316463,-0.018069352101592995,0.5943059842956517,0.18812933005146867,0.1386234117328214,0.0789395328274527,RISK_ON,0.2556082003749755,1.0,NORMAL,1.0,1.0,882.148325701085,5978600,4208.567228832089,False,1.0,0.0,0.0,0.7824366766418325,ALERT,S2,-0.3121060911454693,12.7,356.0,49.1,3.96,0.0,463.9132385253906,404.5759582519531,42853.16796875,0.267921239027841,0.03,False,0.2,3,4,CAUTIOUS,0.85,CLEAR,747,CONTAGION,0.949,0,0,0,0,0,0,0,NORMAL,POSITIVE,0.0,1.0
2024-01-16,511316066.2216326,515987199.3316463,-0.009052808124046852,0.5965565491634403,0.18773033296986527,0.13748911436190664,0.07822126875128306,RISK_ON,0.25006178401057827,1.0,NORMAL,1.0,1.0,1398.323404154524,5978600,4208.567228832089,False,1.0,0.0,0.0,0.7842890269704708,ALERT,S2,-0.31257473494345905,13.84,358.0,49.1,4.07,0.0,462.21014404296875,404.5364074707031,43154.9453125,0.23792123902784096,0.03,False,0.2,3,4,CAUTIOUS,0.85,CLEAR,743,CONTAGION,0.949,0,0,0,0,0,0,0,NORMAL,POSITIVE,0.45,1.0
2024-01-17,508114171.0158785,515987199.3316463,-0.015258185330887408,0.5959381393594386,0.1871084839355335,0.13823371615297303,0.07871418219414571,RISK_ON,0.28053557369796195,1.0,NORMAL,1.0,1.0,2783.631287599522,5978600,4208.567228832089,False,1.0,0.0,0.0,0.7830509131281354,ALERT,S2,-0.3121104767020067,14.79,362.0,49.1,4.1,0.0,459.64080810546875,402.2544860839844,42742.65234375,0.22620577179781975,0.03,False,0.2,3,4,CAUTIOUS,0.85,CLEAR,742,CONTAGION,0.941,0,0,0,0,0,0,0,NORMAL,POSITIVE,0.45,1.0
2024-01-18,511368572.69412076,515987199.3316463,-0.00895104887002629,0.6047069383930125,0.17947756814426152,0.13760041133571643,0.07821323712181855,RISK_ON,0.2740510483625593,1.0,NORMAL,1.0,1.0,943.4776711743672,5978600,4208.567228832089,False,1.0,0.0,0.0,0.7841859533644285,ALERT,S2,-0.31097383060651124,14.13,358.0,49.1,4.14,0.0,463.72833251953125,407.96417236328125,41262.05859375,0.21992123902784097,0.03,False,0.2,3,4,CAUTIOUS,0.85,CLEAR,741,CONTAGION,0.888,0,0,0,0,0,0,0,NORMAL,POSITIVE,0.45,1.0
2024-01-19,523721242.2313203,523721089.54319715,2.915447290252615e-07,0.6123777904397428,0.17675779479850953,0.13449565043496364,0.07636847278214007,RISK_ON,0.2714986674101783,1.0,NORMAL,1.0,1.0,152.6881231636949,5978600,4208.567228832089,False,1.0,0.0,0.0,0.7891358153065726,ALERT,S2,-0.31189576123452034,13.3,354.0,49.1,4.15,0.0,469.50927734375,416.05450439453125,41618.40625,0.22499242322833005,0.03,False,0.2,3,4,CAUTIOUS,0.85,CLEAR,740,CONTAGION,0.859,0,0,0,0,0,0,0,NORMAL,POSITIVE,0.0,1.0
2024-01-22,519108424.1927324,523721089.54319715,-0.008807484446517244,0.6178678685025951,0.16928299377977682,0.13580186844878578,0.0770470860590806,RISK_ON,0.26599152607891435,1.0,NORMAL,1.0,1.0,95.10573078775944,5978600,4208.567228832089,False,1.0,0.0,0.0,0.7871510064961205,ALERT,S2,-0.30989356951854585,13.19,349.0,49.1,4.11,0.0,470.501953125,416.597900390625,39507.3671875,0.22776940160039172,0.03,False,0.2,3,4,CAUTIOUS,0.85,CLEAR,737,CONTAGION,0.863,0,0,0,0,0,0,0,NORMAL,POSITIVE,0.0,1.0
2024-01-23,519028705.7884262,523721089.54319715,-0.008959699825843881,0.616275922245439,0.17075828147538863,0.13590681312998656,0.07705891983761456,RISK_ON,0.2633189085571742,1.0,NORMAL,1.0,1.0,32.8605229125783,5978600,4208.567228832089,False,1.0,0.0,0.0,0.7870342535492032,ALERT,S2,-0.31013184531109417,12.55,351.0,49.1,4.14,0.0,471.8741760253906,418.32647705078125,39845.55078125,0.22254666211671206,0.03,False,0.2,3,4,CAUTIOUS,0.85,CLEAR,736,CONTAGION,0.847,0,0,0,0,0,0,0,NORMAL,POSITIVE,0.0,1.0
2024-01-24,522364040.47652954,523721089.54319715,-0.0025911675007230794,0.6180597535948479,0.1706538361381115,0.13471944906058497,0.07656689269093787,RISK_ON,0.26739511124039594,1.0,NORMAL,1.0,1.0,35.790042744745044,5978600,4208.567228832089,False,1.0,0.0,0.0,0.788713643772083,ALERT,S2,-0.3106263092916612,13.14,344.0,49.1,4.18,0.0,472.3900451660156,420.6479797363281,40077.07421875,0.2706671535176923,0.03,False,0.2,3,4,CAUTIOUS,0.85,CLEAR,735,CONTAGION,0.847,0,0,0,0,0,0,0,NORMAL,POSITIVE,0.0,1.0
2024-01-25,518049430.6794316,523721089.54319715,-0.01082954071739306,0.6153635842196277,0.17146001213293233,0.13597174162832426,0.07720458524646177,RISK_ON,0.26767130171658643,1.0,NORMAL,1.0,1.0,39.772029681090295,5978600,4208.567228832089,False,1.0,0.0,0.0,0.7868236567591004,ALERT,S2,-0.3102165758975202,13.45,345.0,49.1,4.14,0.0,474.9593200683594,421.1616516113281,39933.80859375,0.2710308852584231,0.03,False,0.2,3,4,CAUTIOUS,0.85,CLEAR,734,CONTAGION,0.826,0,0,0,0,0,0,0,NORMAL,POSITIVE,0.45,1.0
2024-01-26,518801942.15471125,523721089.54319715,-0.009392685318012517,0.6075867961267165,0.17928471275170804,0.1360358018459375,0.07709260159408593,RISK_ON,0.2675998731451579,1.0,NORMAL,1.0,1.0,45.489359499858935,5978600,4208.567228832089,False,1.0,0.0,0.0,0.7868715778725458,ALERT,S2,-0.31170488165511656,13.26,339.0,49.1,4.15,0.0,474.3559265136719,418.6524963378906,41816.87109375,0.264921239027841,0.03,False,0.2,3,4,CAUTIOUS,0.85,CLEAR,733,ELEVATED,0.76,0,0,0,0,0,0,0,NORMAL,POSITIVE,0.45,1.0
2024-01-29,528711932.4810363,528711912.7741334,3.727342323678329e-08,0.6085788989779977,0.18211436199520786,0.13365909674266918,0.07564760501070349,RISK_ON,0.269577251045781,1.0,NORMAL,1.0,1.0,19.706902921509418,5978600,4208.567228832089,False,1.0,0.0,0.0,0.7906932904450501,ALERT,S2,-0.3133467495645275,13.6,341.0,49.1,4.08,0.0,478.11248779296875,422.939697265625,43288.24609375,0.21992123902784097,0.03,False,0.2,3,4,CAUTIOUS,0.85,CLEAR,730,ELEVATED,0.777,0,0,0,0,0,0,0,NORMAL,POSITIVE,0.45,1.0
2024-01-30,525975471.2114631,528711912.7741334,-0.005175676009099739,0.6079059299820174,0.18164246207776133,0.13441039516607314,0.07604117230153355,RISK_ON,0.2741796243687674,1.0,NORMAL,1.0,1.0,21.287602463692707,5978600,4208.567228832089,False,1.0,0.0,0.0,0.7895484240148678,ALERT,S2,-0.31291793868876777,13.31,342.0,49.1,4.06,0.0,477.74273681640625,420.1244201660156,42952.609375,0.1842490694313484,0.03,False,0.2,3,4,CAUTIOUS,0.85,CLEAR,729,ELEVATED,0.775,0,0,0,0,0,0,0,NORMAL,POSITIVE,0.45,1.0
2024-01-31,518208686.3648445,528711912.7741334,-0.019865688961269723,0.6040006161171168,0.1827767122942507,0.13604141118324795,0.07718085876432446,RISK_ON,0.2873570160023007,1.0,NORMAL,1.0,1.0,208.13388619557998,5978600,4208.567228832089,False,1.0,0.0,0.0,0.7867776444135747,ALERT,S2,-0.31234104409383057,14.35,359.0,49.1,3.99,0.0,469.947265625,411.8957824707031,42582.60546875,0.2775314381231639,0.03,False,0.2,3,4,CAUTIOUS,0.85,CLEAR,728,ELEVATED,0.756,0,0,0,0,0,0,0,NORMAL,POSITIVE,0.45,1.0
2024-02-01,525039206.5517007,528711912.7741334,-0.006946516871848218,0.6064009617715049,0.20000173073511282,0.1349427710399411,0.05865443333854191,RISK_ON,0.31979930010384444,1.0,NORMAL,1.0,1.0,54.13936481777849,5978600,4208.567228832089,False,1.0,0.0,0.0,0.7888822848485415,ALERT,S2,-0.32214522772486925,13.88,356.0,47.8,3.87,4597.658316823341,476.09796142578125,416.74603271484375,43075.7734375,0.2772919520947518,0.03,False,0.2,3,4,CAUTIOUS,0.85,CLEAR,727,ELEVATED,0.757,0,0,0,0,0,0,0,NORMAL,POSITIVE,0.0,1.0
2024-02-02,533557788.10548794,533573514.49571687,-2.9473708498817253e-05,0.588539674770542,0.19731154967103368,0.1329005465042938,0.0812482069690858,WATCH,0.35353851848333623,1.0,NORMAL,1.0,1.0,11.783647520154414,5978600,4208.567228832089,False,1.0,0.0,0.0,0.8093870928586625,ALERT,S2,-0.3144964964173767,13.85,347.0,47.8,4.03,20335.8321933179,481.1100769042969,423.78924560546875,43185.859375,0.27261337336276426,0.03,False,0.2,3,4,CAUTIOUS,0.85,CLEAR,726,ELEVATED,0.746,0,0,0,0,0,0,0,NORMAL,POSITIVE,0.0,1.0
2024-02-05,533021004.1804157,533573514.49571687,-0.001035490518721427,0.590834574559912,0.19509914760803493,0.13273623744063762,0.08133002875678254,WATCH,0.367170972610215,1.0,NORMAL,1.0,1.0,6.201503665350946,5978600,4208.567228832089,False,1.0,0.0,0.0,0.7859337313119973,ALERT,S2,-0.3141183662245646,13.67,350.0,47.8,4.17,20335.8321933179,479.3582763671875,423.23602294921875,42658.66796875,0.29292123902784095,0.03,False,0.2,3,4,CAUTIOUS,0.85,CLEAR,723,ELEVATED,0.747,0,0,0,0,0,0,0,NORMAL,POSITIVE,0.45,1.0
2024-02-06,537825323.342032,537825320.580331,5.134940472828475e-09,0.5924528466027463,0.19528727596778933,0.13165635342601342,0.08060351886851065,WATCH,0.343721473266731,1.0,NORMAL,1.0,1.0,2.761701021575278,5978600,4208.567228832089,False,1.0,0.0,0.0,0.7877401266155342,ALERT,S2,-0.3146762068391885,13.06,352.0,47.8,4.09,20335.8321933179,480.74993896484375,422.3865051269531,43084.671875,0.29292123902784095,0.03,False,0.2,3,4,CAUTIOUS,0.85,CLEAR,722,ELEVATED,0.748,0,0,0,0,0,0,0,NORMAL,POSITIVE,0.0,1.0
2024-02-07,549333997.0969536,549333996.5768284,9.468288375558132e-10,0.5954854838568482,0.19667006550032595,0.12892959311137686,0.07891485658462029,WATCH,0.3375447773617579,1.0,NORMAL,1.0,1.0,0.5201252843723643,5978600,4208.567228832089,False,1.0,0.0,0.0,0.7921555501072097,ALERT,S2,-0.3162365894952607,12.83,343.0,47.8,4.09,20335.8321933179,484.7596435546875,426.7330017089844,44318.22265625,0.27827422902784094,0.03,False,0.2,3,4,CAUTIOUS,0.85,CLEAR,721,ELEVATED,0.76,0,0,0,0,0,0,0,NORMAL,POSITIVE,0.45,1.0
2024-02-08,564611023.7807227,564611023.4795833,5.333573582788631e-10,0.6020235070306295,0.19559433423638703,0.125602549279347,0.07677960892027913,WATCH,0.33863202198839615,1.0,NORMAL,1.0,1.0,0.30113944718293706,5978600,4208.567228832089,False,1.0,0.0,0.0,0.797617841692432,ALERT,S2,-0.3176322478307914,12.79,338.0,47.8,4.15,20335.8321933179,484.9736633300781,427.5232849121094,45301.56640625,0.21320680176673446,0.03,False,0.2,3,4,CAUTIOUS,0.85,CLEAR,720,ELEVATED,0.757,0,0,0,0,0,0,0,NORMAL,POSITIVE,0.0,1.0
2024-02-09,573157901.4951482,573157901.4051116,1.5708878642328727e-10,0.6000361323289716,0.20052753691419556,0.12380165211956046,0.07563467848018367,WATCH,0.32541252224576467,1.0,NORMAL,1.0,1.0,0.09003659885079243,5978600,4208.567228832089,False,1.0,0.0,0.0,0.8005636693689266,ALERT,S2,-0.3194363125836442,12.93,333.0,47.8,4.17,20335.8321933179,487.7765808105469,431.73138427734375,47147.19921875,0.27324839217461566,0.03,False,0.2,3,4,CAUTIOUS,0.85,CLEAR,719,ELEVATED,0.761,0,0,0,0,0,0,0,NORMAL,POSITIVE,0.0,1.0
2024-02-12,587546752.1910913,587546751.8780389,5.32812682862982e-10,0.5982763674749673,0.20727978717904583,0.12066143781952074,0.07378240699365339,WATCH,0.3221626743884763,1.0,NORMAL,1.0,1.0,0.3130524385550665,5978600,4208.567228832089,False,1.0,0.0,0.0,0.8055561550832239,ALERT,S2,-0.3221940379230555,13.93,335.0,47.8,4.17,20335.8321933179,487.56243896484375,430.042236328125,49958.22265625,0.27046932336352114,0.03,False,0.2,3,4,CAUTIOUS,0.85,CLEAR,716,ELEVATED,0.78,0,0,0,0,0,0,0,NORMAL,POSITIVE,0.45,1.0
2024-02-13,573198930.2103996,587546751.8780389,-0.024419880838040142,0.5896347911556475,0.21155053628817805,0.12318538620419736,0.0756292646639273,WATCH,0.32669093066836774,1.0,NORMAL,1.0,1.0,12.431566924835042,5978600,4208.567228832089,False,1.0,0.0,0.0,0.8011853448199732,ALERT,S2,-0.32175513214306745,15.85,336.0,47.8,4.31,20335.8321933179,480.8472595214844,423.3348388671875,49742.44140625,0.2806992670461173,0.03,False,0.2,3,4,CAUTIOUS,0.85,CLEAR,715,ELEVATED,0.742,0,0,0,0,0,0,0,NORMAL,POSITIVE,0.45,1.0
2024-02-14,586647398.3103077,587546751.8780389,-0.001530692774415754,0.5897631676726964,0.21536184991368862,0.12060547599790977,0.07426950544505276,WATCH,0.30799362130132757,1.0,NORMAL,1.0,1.0,0.5694307606484222,5978600,4208.567228832089,False,1.0,0.0,219398.54517111398,0.8054262373716691,ALERT,S2,-0.3236092799596432,14.38,338.0,47.8,4.27,20335.8321933179,485.2170104980469,427.9480285644531,51826.6953125,0.31479523277784094,0.03,False,0.2,3,4,CAUTIOUS,0.85,CLEAR,714,ELEVATED,0.754,0,0,0,0,0,0,0,NORMAL,POSITIVE,0.45,1.0
2024-02-15,589170490.067542,589170489.9054153,2.75177880482147e-10,0.5906442808186322,0.2149024065312109,0.12050186219603574,0.07395145017894329,WATCH,0.2824574957219984,1.0,NORMAL,1.0,1.0,0.16212671854925775,5978600,4208.567228832089,False,1.0,0.0,219398.54517111398,0.8055466875715118,ALERT,S2,-0.32362099687549745,14.01,335.0,47.8,4.24,20335.8321933179,488.5648498535156,429.2223205566406,51938.5546875,0.23501652500324416,0.03,False,0.2,3,4,CAUTIOUS,0.85,CLEAR,713,ELEVATED,0.727,0,0,0,0,0,0,0,NORMAL,POSITIVE,0.0,1.0
2024-02-16,584446407.8140163,589170489.9054153,-0.008018191970472488,0.5864556042662016,0.2175639750398821,0.12143121988078061,0.07453289164540092,WATCH,0.26574989133071714,1.0,NORMAL,1.0,1.0,9531.834497009862,8732400,13739.924216391964,False,1.0,0.0,219398.54517111398,0.8040195799629908,ALERT,S2,-0.3228357803242681,14.24,334.0,47.8,4.3,20335.8321933179,486.1318359375,425.3302917480469,52160.203125,0.24792123902784097,0.03,False,0.2,3,4,CAUTIOUS,0.85,CLEAR,712,ELEVATED,0.72,0,0,0,0,0,0,0,NORMAL,POSITIVE,0.0,1.0
2024-02-20,575888953.2112414,589170489.9054153,-0.02254277313907238,0.5642026882216106,0.2000007163317964,0.12301929643388244,0.11274877172366476,RISK_ON,0.26097009324640696,1.0,NORMAL,1.0,1.0,16428.550626553824,8732400,13739.924216391964,False,1.0,0.0,219398.54517111398,0.8013409977136736,ALERT,S2,-0.30607636393608356,15.42,337.0,47.8,4.27,38827.020661652095,483.4555358886719,422.11981201171875,52284.875,0.47954586765526386,0.03,False,0.2,3,4,CAUTIOUS,0.85,CLEAR,708,ELEVATED,0.703,0,0,0,0,0,0,0,NORMAL,POSITIVE,0.45,1.0
2024-02-21,572224607.3551613,589170489.9054153,-0.028762273129080973,0.5628777376530454,0.19956566138436405,0.12405463427086638,0.11347077928701182,RISK_ON,0.2908100640578153,1.0,NORMAL,1.0,1.0,17846.20041592207,8732400,13739.924216391964,False,1.0,0.0,219398.54517111398,0.7624671784098824,ALERT,S2,-0.3054485572623563,15.34,334.0,47.8,4.32,38827.020661652095,483.8934326171875,420.43060302734375,51839.1796875,0.267921239027841,0.03,False,0.2,3,4,CAUTIOUS,0.85,CLEAR,707,ELEVATED,0.655,0,0,0,0,0,0,0,NORMAL,POSITIVE,0.45,1.0
2024-02-22,592333769.2509904,592329446.1392483,7.298492030516357e-06,0.579283446769183,0.1908038760188115,0.12028682333295429,0.1096185554402881,RISK_ON,0.28383728281467807,1.0,NORMAL,1.0,1.0,4323.11174217073,8732400,13739.924216391964,False,1.0,0.0,219398.54517111398,0.7700929432641826,ALERT,S2,-0.3061005351023297,14.54,322.0,47.8,4.33,38827.020661652095,493.9078674316406,432.73895263671875,51304.97265625,0.24486163264410163,0.03,False,0.2,3,4,CAUTIOUS,0.85,CLEAR,706,NORMAL,0.561,0,0,0,0,0,0,0,NORMAL,POSITIVE,0.45,1.0
2024-02-23,588311239.4998107,592329446.1392483,-0.0067837360874558605,0.578336472680977,0.18996282895452163,0.12132714211426987,0.11036806330438194,RISK_ON,0.28723503356325475,1.0,NORMAL,1.0,1.0,3231.5617812858177,8732400,13739.924216391964,False,1.0,0.0,219398.54517111398,0.7683035218851405,ALERT,S2,-0.30538288178213147,13.75,323.0,47.8,4.26,38827.020661652095,494.24847412109375,431.4646911621094,50731.94921875,0.24857875777784094,0.03,False,0.2,3,4,CAUTIOUS,0.85,CLEAR,705,NORMAL,0.567,0,0,0,0,0,0,0,NORMAL,POSITIVE,0.45,1.0
2024-02-26,604468948.2659811,604466090.5393836,4.727687197281227e-06,0.5758493625256181,0.19869878538450148,0.11802924578948261,0.10741787863555133,RISK_ON,0.29042342914805536,1.0,NORMAL,1.0,1.0,2857.7265974265097,8732400,13739.924216391964,False,1.0,0.0,219398.54517111398,0.7745518097314822,ALERT,S2,-0.30895291623450055,13.74,323.0,47.8,4.28,38827.020661652095,492.4382629394531,431.2375183105469,54522.40234375,0.554108739027841,0.03,False,0.2,3,4,CAUTIOUS,0.85,CLEAR,702,ELEVATED,0.607,0,0,0,0,0,0,0,NORMAL,POSITIVE,0.45,1.0
2024-02-27,610488035.2536311,610489755.517583,-2.8178424557046e-06,0.5769954900607437,0.20000056357007923,0.11697991923260848,0.1060206915866838,WATCH,0.29268930986891956,1.0,NORMAL,1.0,1.0,2036.3132957782234,8732400,13739.924216391964,False,1.0,0.0,219398.54517111398,0.7766619145563839,ALERT,S2,-0.3099567726843896,13.43,326.0,47.8,4.31,42583.59790911415,493.35308837890625,432.2746887207031,57085.37109375,0.542623644615896,0.03,False,0.2,3,4,CAUTIOUS,0.85,CLEAR,701,NORMAL,0.553,0,0,0,0,0,0,0,NORMAL,POSITIVE,0.45,1.0
2024-02-28,619506165.4596772,619503029.172168,5.062586236892486e-06,0.5644910003128962,0.2157998848268144,0.11522670031891563,0.10447735198076667,WATCH,0.3003553166384356,1.0,NORMAL,1.0,1.0,3136.287509235671,8732400,13739.924216391964,False,1.0,0.0,219398.54517111398,0.7802948354296064,ALERT,S2,-0.3139636116553072,13.84,331.0,47.8,4.27,42583.59790911415,492.7010192871094,429.9730224609375,62504.7890625,0.554108739027841,0.03,False,0.2,3,4,CAUTIOUS,0.85,CLEAR,700,NORMAL,0.53,0,0,0,0,0,0,0,NORMAL,POSITIVE,0.0,1.0
2024-02-29,625715665.9424899,625714154.4000015,2.415707680114565e-06,0.5730387816616135,0.20919267098177088,0.11432559591959172,0.10344053573517951,WATCH,0.2936177051244313,1.0,NORMAL,1.0,1.0,1511.542488391035,8732400,13739.924216391964,False,1.0,0.0,219398.54517111398,0.7822333422859121,ALERT,S2,-0.31328874195443374,13.4,329.0,47.8,4.25,42583.59790911415,494.4723205566406,433.65765380859375,61198.3828125,0.5273785852343772,0.03,False,0.2,3,4,CAUTIOUS,0.85,CLEAR,699,NORMAL,0.502,0,0,0,0,0,0,0,NORMAL,POSITIVE,0.0,1.0
2024-03-01,641591161.6462362,641590667.5406258,7.701259312486997e-07,0.5788237779247238,0.20815769531558972,0.11213674771129536,0.10088100892305281,WATCH,0.2704733373051822,1.0,NORMAL,1.0,1.0,494.1056103159668,8732400,13739.924216391964,False,1.0,0.0,219398.54517111398,0.7869820793151536,ALERT,S2,-0.3145044116860042,13.11,332.0,50.3,4.19,42583.59790911415,499.114501953125,440.1872253417969,62440.6328125,0.5958568545679936,0.03,False,0.2,3,4,CAUTIOUS,0.85,CLEAR,698,NORMAL,0.516,0,0,0,0,0,0,0,NORMAL,POSITIVE,0.0,1.0
2024-03-04,654141983.6714679,654141337.9789908,9.870840438352957e-07,0.5672991012114725,0.22342181545535722,0.11033266036825937,0.0989454358818414,WATCH,0.2533955427895438,1.0,NORMAL,1.0,1.0,645.6924770853684,8732400,13739.924216391964,False,1.0,0.0,219398.54517111398,0.7907216971748295,ALERT,S2,-0.31852157610192355,13.49,326.0,50.3,4.22,42583.59790911415,498.57928466796875,438.6166076660156,68330.4140625,0.554108739027841,0.03,False,0.2,3,4,CAUTIOUS,0.85,CLEAR,695,NORMAL,0.541,0,0,0,0,0,0,0,NORMAL,POSITIVE,0.0,1.0
2024-03-05,638465108.9106252,654141337.9789908,-0.023964590155390875,0.572316073153203,0.200002958323377,0.1127605134508041,0.11491600057059732,RISK_ON,0.2692859559469539,1.0,NORMAL,1.0,1.0,2844.0441164791364,8732400,13739.924216391964,False,1.0,0.0,219398.54517111398,0.785867711413671,ALERT,S2,-0.3079880121541925,14.46,331.0,50.3,4.13,54871.57331098554,493.59637451171875,430.7435302734375,63801.19921875,0.40937082401796226,0.03,False,0.2,3,4,CAUTIOUS,0.85,CLEAR,694,NORMAL,0.591,0,0,0,0,0,0,0,NORMAL,POSITIVE,0.0,1.0
2024-03-06,651013228.6435133,654141337.9789908,-0.004782008342634314,0.573171677684932,0.20323621522048854,0.11088801007200044,0.11270102294658024,RISK_ON,0.26912663486675414,1.0,NORMAL,1.0,1.0,2001.264141055401,8732400,13739.924216391964,False,1.0,0.0,219398.54517111398,0.7764102796496266,ALERT,S2,-0.30984329590535054,14.5,327.0,50.3,4.11,54871.57331098554,496.0975646972656,433.4502258300781,66106.8046875,0.4093731310828653,0.03,False,0.2,3,4,CAUTIOUS,0.85,CLEAR,693,NORMAL,0.595,0,0,0,0,0,0,0,NORMAL,POSITIVE,0.0,1.0
2024-03-07,661544476.7670864,661543670.9872508,1.2180296946606717e-06,0.5772637724876655,0.2024777105964942,0.10935038424081321,0.11090691464681614,RISK_ON,0.26156499549878187,1.0,NORMAL,1.0,1.0,805.779835550593,8732400,13739.924216391964,False,1.0,0.0,219398.54517111398,0.7797424328324403,ALERT,S2,-0.3107129663988589,14.44,327.0,50.3,4.09,54871.57331098554,501.02203369140625,440.02923583984375,66925.484375,0.41428323358024616,0.03,False,0.2,3,4,CAUTIOUS,0.85,CLEAR,692,NORMAL,0.589,0,0,0,0,0,0,0,NORMAL,POSITIVE,0.0,1.0
2024-03-08,648095430.9775829,661543670.9872508,-0.02032857481592787,0.5645940351529327,0.21092452827417543,0.11127002122850028,0.11320841547858049,RISK_ON,0.25707059140462235,1.0,NORMAL,1.0,1.0,1944.199325666171,8732400,13739.924216391964,False,1.0,0.0,219398.54517111398,0.7755208898857114,ALERT,S2,-0.3110229739781884,14.74,326.0,50.3,4.09,54871.57331098554,498.01483154296875,433.6774597167969,68300.09375,0.41501086199252424,0.03,False,0.2,3,4,CAUTIOUS,0.85,CLEAR,691,NORMAL,0.549,0,0,0,0,0,0,0,NORMAL,POSITIVE,0.0,1.0
2024-03-11,648193857.4680126,661543670.9872508,-0.020179791757837684,0.55301846754107,0.22269941460273462,0.11108711551390953,0.11319122508577703,RISK_ON,0.2767720550517134,1.0,NORMAL,1.0,1.0,2448.3944670103597,8732400,13739.924216391964,False,1.0,0.0,219398.54517111398,0.7757208122402915,ALERT,S2,-0.31332569076006883,15.22,326.0,50.3,4.1,54871.57331098554,497.58660888671875,432.0672607421875,72123.90625,0.5659001629376214,0.03,False,0.2,3,4,CAUTIOUS,0.85,CLEAR,688,NORMAL,0.537,0,0,0,0,0,0,0,NORMAL,POSITIVE,0.45,1.0
2024-03-12,654555359.1078628,661543670.9872508,-0.010563644073503076,0.5593737282850755,0.21857009409920497,0.10996435538675116,0.11209114064833349,RISK_ON,0.25565006020191,1.0,NORMAL,1.0,1.0,446.13225722170205,8732400,13739.924216391964,False,1.0,0.0,219398.54517111398,0.7779443526160862,ALERT,S2,-0.3132362236003554,13.84,320.0,50.3,4.16,54871.57331098554,502.9393310546875,438.260986328125,71481.2890625,0.5508678215804856,0.03,False,0.2,3,4,CAUTIOUS,0.85,CLEAR,687,NORMAL,0.523,0,0,0,0,0,0,0,NORMAL,POSITIVE,0.0,1.0
2024-03-13,651875399.985279,661543670.9872508,-0.014614713171608895,0.5520262498204549,0.22438792985185754,0.11103289834436571,0.11255196441150682,RISK_ON,0.2599107042185991,1.0,NORMAL,1.0,1.0,624.2175100128848,8732400,13739.924216391964,False,1.0,0.0,219398.54517111398,0.7764149231453596,ALERT,S2,-0.31384570656865934,13.75,315.0,50.3,4.19,54871.57331098554,502.15087890625,434.8924560546875,73083.5,0.554108739027841,0.03,False,0.2,3,4,CAUTIOUS,0.85,CLEAR,686,NORMAL,0.506,0,0,0,0,0,0,0,NORMAL,POSITIVE,0.0,1.0
2024-03-14,642533335.0415076,661543670.9872508,-0.028736328045241843,0.5506622510274777,0.22239579677276955,0.11275196909983026,0.11418840520568509,RISK_ON,0.2667336848602948,1.0,NORMAL,1.0,1.0,1013.8496468640647,8732400,13739.924216391964,False,1.0,0.0,219398.54517111398,0.7730592676060108,ALERT,S2,-0.3124340214938709,14.4,315.0,50.3,4.29,54871.57331098554,501.1583251953125,433.79595947265625,71396.59375,0.554108739027841,0.03,False,0.2,3,4,CAUTIOUS,0.85,CLEAR,685,NORMAL,0.518,0,0,0,0,0,0,0,NORMAL,POSITIVE,0.0,1.0
2024-03-15,637076440.9524194,661543670.9872508,-0.036985056479064915,0.5529183156525874,0.21804005586089126,0.11387221024858463,0.11516648882855107,RISK_ON,0.26596287854253275,1.0,NORMAL,1.0,1.0,1866.2577054978499,8732400,13739.924216391964,False,1.0,0.0,219398.54517111398,0.7709606299727843,ALERT,S2,-0.3109577967331776,14.41,316.0,50.3,4.31,54871.57331098554,497.7170715332031,428.6394958496094,69403.7734375,0.24075935152784098,0.03,False,0.2,3,4,CAUTIOUS,0.85,CLEAR,684,NORMAL,0.539,0,0,0,0,0,0,0,NORMAL,POSITIVE,0.0,1.0
2024-03-18,639659409.0876014,661543670.9872508,-0.03308060050969963,0.5602624283922442,0.21135487332050273,0.11368002313240375,0.11470144232621127,RISK_ON,0.26126381154054673,1.0,NORMAL,1.0,1.0,788.5904381977106,8732400,13739.924216391964,False,1.0,0.0,219398.54517111398,0.7716182529858268,ALERT,S2,-0.3098813521256953,14.33,313.0,50.3,4.34,54871.57331098554,500.67510986328125,432.7276306152344,67548.59375,0.3741087390278409,0.03,False,0.2,3,4,CAUTIOUS,0.85,CLEAR,681,NORMAL,0.544,0,0,0,0,0,0,0,NORMAL,POSITIVE,0.45,1.0
2024-03-19,625399781.5612276,661543670.9872508,-0.05463568168082411,0.5679436125832981,0.19813777431702656,0.11660119797392479,0.1173167292075507,RISK_ON,0.2694128892852932,1.0,NORMAL,1.0,1.0,428.9730924810832,8732400,13739.924216391964,False,1.0,0.0,219398.54517111398,0.7660819123698511,ALERT,S2,-0.30565683894562623,13.82,310.0,50.3,4.3,54871.57331098554,503.4574279785156,433.8057556152344,61912.7734375,0.40410873902784095,0.03,False,0.2,3,4,CAUTIOUS,0.85,CLEAR,680,NORMAL,0.595,0,0,0,0,0,0,0,NORMAL,POSITIVE,0.0,1.0
2024-03-20,644951264.6169703,661543670.9872508,-0.025081347003923282,0.5619127718412444,0.21075362813999124,0.11357316388443883,0.11376031158486598,RISK_ON,0.2521200640207678,1.0,NORMAL,1.0,1.0,80.32833136307758,8732400,13739.924216391964,False,1.0,0.0,219398.54517111398,0.77266649621643,ALERT,S2,-0.3100546380901194,13.04,314.0,50.3,4.27,54871.57331098554,508.11395263671875,438.94921875,67913.671875,0.23013017692233578,0.03,False,0.2,3,4,CAUTIOUS,0.85,CLEAR,679,ELEVATED,0.631,0,0,0,0,0,0,0,NORMAL,POSITIVE,0.0,1.0
2024-03-21,650770803.9650617,661543670.9872508,-0.016284438193040707,0.5730179841028397,0.20141921452248113,0.11281973257936419,0.11274300625173551,RISK_ON,0.2732016411246601,1.0,NORMAL,1.0,1.0,40.70153542939787,8732400,13739.924216391964,False,1.0,0.0,219398.54517111398,0.7744372470613982,ALERT,S2,-0.3088178469766239,12.92,305.0,50.3,4.27,54871.57331098554,509.79315185546875,441.0265197753906,65491.390625,0.38685343017003737,0.03,False,0.2,3,4,CAUTIOUS,0.85,CLEAR,678,ELEVATED,0.61,0,0,0,0,0,0,0,NORMAL,POSITIVE,0.0,1.0
2024-03-22,650905584.5297985,661543670.9872508,-0.016080701734439762,0.5786642202393156,0.1961113962881132,0.11250466668345657,0.11271966098259986,RISK_ON,0.2795698154886357,1.0,NORMAL,1.0,1.0,36.324772150181886,8732400,13739.924216391964,False,1.0,0.0,219398.54517111398,0.7747756597649582,ALERT,S2,-0.307929560068956,13.06,308.0,50.3,4.22,54871.57331098554,508.82666015625,441.5308837890625,63778.76171875,0.2983702304946393,0.03,False,0.2,3,4,CAUTIOUS,0.85,CLEAR,677,ELEVATED,0.619,0,0,0,0,0,0,0,NORMAL,POSITIVE,0.0,1.0
2024-03-25,671744557.9662385,671744523.5024228,5.1304944737040614e-08,0.573220954166045,0.20844093792422144,0.10911520403414592,0.10922285257064548,RISK_ON,0.2757134060930097,1.0,NORMAL,1.0,1.0,34.46381571541557,8732400,13739.924216391964,False,1.0,0.0,219398.54517111398,0.7816619321933866,ALERT,S2,-0.31238611331579025,13.19,311.0,50.3,4.25,54871.57331098554,507.4209289550781,439.92852783203125,69958.8125,0.44972201522274136,0.03,False,0.2,3,4,CAUTIOUS,0.85,CLEAR,674,ELEVATED,0.648,0,0,0,0,0,0,0,NORMAL,POSITIVE,0.0,1.0
2024-03-26,669815945.0869213,671744523.5024228,-0.002870999834053034,0.5719713044157084,0.2091278293605855,0.10936346542177053,0.10953733985887534,RISK_ON,0.27838526532025204,1.0,NORMAL,1.0,1.0,40.82063346629459,8732400,13739.924216391964,False,1.0,0.0,219398.54517111398,0.7810991813788684,ALERT,S2,-0.312343593374358,13.24,315.0,50.3,4.24,54871.57331098554,506.48370361328125,438.504150390625,69987.8359375,0.45334669533891087,0.03,False,0.2,3,4,CAUTIOUS,0.85,CLEAR,673,ELEVATED,0.636,0,0,0,0,0,0,0,NORMAL,POSITIVE,0.0,1.0
2024-03-27,666375069.3675114,671744523.5024228,-0.007993297968274415,0.5711763894710606,0.2086083417063242,0.11011230354081776,0.11010294381138651,RISK_ON,0.2837213435813742,1.0,NORMAL,1.0,1.0,14.307346527447324,8732400,13739.924216391964,False,1.0,0.0,219398.54517111398,0.7797847479196839,ALERT,S2,-0.3118286037156952,12.78,315.0,50.3,4.2,54871.57331098554,510.7401428222656,439.9977111816406,69455.34375,0.4541722816997378,0.03,False,0.2,3,4,CAUTIOUS,0.85,CLEAR,672,ELEVATED,0.651,0,0,0,0,0,0,0,NORMAL,POSITIVE,0.0,1.0
2024-03-28,664694109.7118198,671744523.5024228,-0.010495677365321532,0.5666017029136511,0.1999086478430953,0.111192989965923,0.12229663163653066,WATCH,0.2897591076060958,1.0,NORMAL,1.0,1.0,18.37267687671545,8732400,13739.924216391964,False,1.0,0.0,536333.1715152713,0.7783243717156417,ALERT,S2,-0.30566954000969715,13.01,312.0,50.3,4.2,68218.3693119764,510.6424255371094,439.1866455078125,70744.953125,0.5777148263408364,0.03,False,0.2,3,4,CAUTIOUS,0.85,CLEAR,671,ELEVATED,0.64,0,0,0,0,0,0,0,NORMAL,POSITIVE,0.0,1.0
2024-04-01,666512039.9411496,671744523.5024228,-0.007789395191480586,0.570131958961147,0.19642470717134602,0.11148025119742745,0.12195053692811147,WATCH,0.2810180084300952,1.0,NORMAL,1.0,1.0,8361.88807170769,9979200,22089.470740440753,False,1.0,0.0,536333.1715152713,0.7665566803265289,ALERT,S2,-0.3046621325846166,13.65,312.0,49.2,4.33,68218.3693119764,509.7540283203125,440.116455078125,69702.1484375,0.39203707972925617,0.03,False,0.2,3,4,CAUTIOUS,0.85,CLEAR,667,ELEVATED,0.639,0,0,0,0,0,0,0,NORMAL,POSITIVE,0.0,1.0
2024-04-02,653934325.5019569,671744523.5024228,-0.026513350503558852,0.5739619590582874,0.18798074945857698,0.1137366224256144,0.12429612266871412,WATCH,0.2834069067672348,1.0,NORMAL,1.0,1.0,16051.72620814964,9979200,22089.470740440753,False,1.0,0.0,536333.1715152713,0.7619614119179373,ALERT,S2,-0.30160531526190704,14.61,323.0,49.2,4.36,68218.3693119764,506.5130615234375,436.318115234375,65446.97265625,0.27385084901739265,0.03,False,0.2,3,4,CAUTIOUS,0.85,CLEAR,666,ELEVATED,0.666,0,0,0,0,0,0,0,NORMAL,POSITIVE,0.45,1.0
2024-04-03,659181610.10042,671744523.5024228,-0.018701921582480185,0.5817283220098447,0.1999978389645641,0.11300954869976182,0.10524445854721834,RISK_ON,0.2787661978389357,1.0,NORMAL,1.0,1.0,13072.743756103602,9979200,22089.470740440753,False,1.0,0.0,536333.1715152713,0.7636812098218793,ALERT,S2,-0.3105532565436333,14.33,323.0,49.2,4.36,74168.53897742956,507.06939697265625,437.29742431640625,65980.8125,0.20584957972925622,0.03,False,0.2,3,4,CAUTIOUS,0.85,CLEAR,665,ELEVATED,0.675,0,0,0,0,0,0,0,NORMAL,POSITIVE,0.45,1.0
2024-04-04,653718748.8900666,671744523.5024228,-0.02683427103859548,0.5710574657595217,0.20939602041246644,0.11336585816522442,0.10612394360279984,RISK_ON,0.2952674186020339,1.0,NORMAL,1.0,1.0,37073.736902218276,9979200,22089.470740440753,False,1.0,0.0,536333.1715152713,0.7804977498071956,ALERT,S2,-0.3119674124535581,16.35,324.0,49.2,4.31,74168.53897742956,500.880126953125,430.61083984375,68508.84375,0.20784957972925622,0.03,False,0.2,3,4,CAUTIOUS,0.85,CLEAR,664,ELEVATED,0.646,0,0,0,0,0,0,0,NORMAL,POSITIVE,0.45,1.0
2024-04-05,659422644.0128794,671744523.5024228,-0.01834310375214987,0.5759369162768267,0.2055510053048058,0.11327031218776389,0.10520598931380845,RISK_ON,0.2971931246212545,1.0,NORMAL,1.0,1.0,23592.10906761954,9979200,22089.470740440753,False,1.0,0.0,536333.1715152713,0.7815158818103102,ALERT,S2,-0.311515636537414,16.03,318.0,49.2,4.39,74168.53897742956,506.11273193359375,435.6850891113281,67837.640625,0.20784957972925622,0.03,False,0.2,3,4,CAUTIOUS,0.85,CLEAR,663,ELEVATED,0.713,0,0,0,0,0,0,0,NORMAL,POSITIVE,0.45,1.0
2024-04-08,667601426.4722737,671744523.5024228,-0.006167667744498062,0.5694358413357543,0.21438710693710145,0.1122346948533379,0.10391711115102528,RISK_ON,0.2874794467390804,1.0,NORMAL,1.0,1.0,16854.08054098625,9979200,22089.470740440753,False,1.0,0.0,536333.1715152713,0.7838427369492966,ALERT,S2,-0.31389994028729984,15.19,315.0,49.2,4.42,74168.53897742956,506.395751953125,435.813720703125,71631.359375,0.5157886199000359,0.03,False,0.2,3,4,CAUTIOUS,0.85,CLEAR,660,ELEVATED,0.714,0,0,0,0,0,0,0,NORMAL,POSITIVE,0.45,1.0
2024-04-09,659960943.1517088,671744523.5024228,-0.01754175871695285,0.5721582807701022,0.20932335362671067,0.11337794750952054,0.10512017773050948,RISK_ON,0.2769380079414273,1.0,NORMAL,1.0,1.0,13357.849159046753,9979200,22089.470740440753,False,1.0,0.0,536333.1715152713,0.7814974521890516,ALERT,S2,-0.3122143410945883,14.98,314.0,49.2,4.36,74168.53897742956,506.9815673828125,437.42596435546875,69139.015625,0.27534477472925617,0.03,False,0.2,3,4,CAUTIOUS,0.85,CLEAR,659,ELEVATED,0.703,0,0,0,0,0,0,0,NORMAL,POSITIVE,0.45,1.0
2024-04-10,661634472.6703198,671744523.5024228,-0.015050440276595078,0.5682061907174673,0.2131693484627389,0.11373613597175641,0.10485428813784115,RISK_ON,0.2990953559128212,1.0,NORMAL,1.0,1.0,22519.860802162708,9979200,22089.470740440753,False,1.0,0.0,536333.1715152713,0.7814021355382402,ALERT,S2,-0.31290040971424105,15.8,310.0,49.2,4.55,74168.53897742956,501.9051513671875,433.60791015625,70587.8828125,0.17784957972925622,0.03,False,0.2,3,4,CAUTIOUS,0.85,CLEAR,658,ELEVATED,0.7,0,0,0,0,0,0,0,NORMAL,POSITIVE,0.45,1.0
2024-04-11,672121292.5301002,672112038.6556916,1.376835092425921e-05,0.5759356607221646,0.20827588243329395,0.1125563969695694,0.1032182917136127,RISK_ON,0.2847696860373822,1.0,NORMAL,1.0,1.0,9253.874408588363,9979200,22089.470740440753,False,1.0,0.0,536333.1715152713,0.7842223404551836,ALERT,S2,-0.3128136244208793,14.91,316.0,49.2,4.56,74168.53897742956,505.6929626464844,440.5318603515625,70060.609375,0.29148726472925623,0.03,False,0.2,3,4,CAUTIOUS,0.85,CLEAR,657,ELEVATED,0.68,0,0,0,0,0,0,0,NORMAL,POSITIVE,0.45,1.0
2024-04-12,654062739.9758501,672112038.6556916,-0.026854598105313432,0.5737863415336306,0.20527491470281128,0.1148229971844659,0.10606812985840446,RISK_ON,0.32084716630529175,1.0,NORMAL,1.0,1.0,31144.322801696624,9979200,22089.470740440753,False,1.0,0.0,536333.1715152713,0.779098354345169,ALERT,S2,-0.310686477354488,17.31,325.0,49.2,4.5,74168.53897742956,498.7128601074219,433.5090637207031,67195.8671875,0.23112453672211558,0.03,False,0.2,3,4,CAUTIOUS,0.85,CLEAR,656,ELEVATED,0.707,0,0,0,0,0,0,0,NORMAL,POSITIVE,0.45,1.0
2024-04-15,636573762.2261474,672112038.6556916,-0.05287552429595699,0.5780470396336308,0.1990823506275254,0.11888351555972557,0.10388595843616726,WATCH,0.3166699870986417,1.0,NORMAL,1.0,1.0,64380.36038578442,9979200,22089.470740440753,False,1.0,0.0,536333.1715152713,0.7721123930321965,ALERT,S2,-0.3090232073817484,19.23,328.0,49.2,4.63,77409.43431721191,492.4648742675781,426.3773498535156,63426.2109375,0.1890966026268108,0.03,False,0.2,3,4,CAUTIOUS,0.85,CLEAR,653,ELEVATED,0.736,0,0,0,0,0,0,0,NORMAL,POSITIVE,0.45,1.0
2024-04-16,639927373.0325528,672112038.6556916,-0.047885863921604765,0.5791437047709485,0.1992431802119053,0.11818575853590439,0.10334153247858661,WATCH,0.31917032718295785,1.0,NORMAL,1.0,1.0,54921.12856232966,9979200,22089.470740440753,False,1.0,0.0,536333.1715152713,0.7784536949948402,ALERT,S2,-0.3094431793234596,18.4,336.0,49.2,4.67,77409.43431721191,491.5667724609375,426.41693115234375,63811.86328125,0.13913022748353296,0.03,False,0.2,3,4,CAUTIOUS,0.85,CLEAR,652,ELEVATED,0.72,0,0,0,0,0,0,0,NORMAL,POSITIVE,0.45,1.0
2024-04-17,622225218.2566816,672112038.6556916,-0.07422396494904326,0.5761209076910654,0.1967706978096413,0.12071246444010357,0.1062815737193404,WATCH,0.32164854495159506,1.0,NORMAL,1.0,1.0,71155.39852186249,9979200,22089.470740440753,False,1.0,0.0,536333.1715152713,0.7729800006643595,ALERT,S2,-0.30730926543338416,18.21,342.0,49.2,4.59,77409.43431721191,488.6575622558594,421.21405029296875,61276.69140625,0.17762018972925622,0.03,False,0.2,3,4,CAUTIOUS,0.85,CLEAR,651,ELEVATED,0.706,0,0,0,0,0,0,0,NORMAL,POSITIVE,0.45,1.0
2024-04-18,621624018.0045264,672112038.6556916,-0.07511845904761294,0.5682914988759635,0.20414835491075523,0.12105037171490829,0.10638436335916904,WATCH,0.30827580898906304,1.0,NORMAL,1.0,1.0,77958.57625452177,9979200,22089.470740440753,False,1.0,0.0,536333.1715152713,0.7725367384991708,ALERT,S2,-0.30856146883912017,18.0,339.0,49.2,4.64,77409.43431721191,487.6520080566406,418.81048583984375,63512.75390625,0.44253707972925616,0.03,False,0.2,3,4,CAUTIOUS,0.85,CLEAR,650,ELEVATED,0.687,0,0,0,0,0,0,0,NORMAL,POSITIVE,0.45,1.0
2024-04-19,601521271.7498379,672112038.6556916,-0.1050282733322917,0.552530614783304,0.21206983703213556,0.12523573505251612,0.10993971204343862,WATCH,0.3224783647369506,1.0,WARNING,1.0,1.0,134801.5718186437,9979200,22089.470740440753,False,1.0,0.0,536333.1715152713,0.764771838016874,ALERT,S2,-0.307636517178501,18.71,337.0,49.2,4.62,77409.43431721191,483.3956298828125,410.1456298828125,63843.5703125,0.1726072797292562,0.03,False,0.2,3,4,CAUTIOUS,0.85,CLEAR,649,ELEVATED,0.641,0,0,0,0,0,0,0,NORMAL,POSITIVE,0.45,1.0
2024-04-22,612445420.399585,672112038.6556916,-0.08877480959193551,0.5513398411160454,0.2180553265177104,0.12249207306221994,0.10797872463644759,WATCH,0.30241734748661864,1.0,WARNING,1.0,1.0,82088.9183321346,9979200,22089.470740440753,False,1.0,0.0,536333.1715152713,0.7694983070835467,ALERT,S2,-0.3102955739869625,16.94,329.0,49.2,4.62,77409.43431721191,487.8472900390625,414.2703552246094,66837.6796875,0.1344202497292562,0.03,False,0.2,3,4,CAUTIOUS,0.85,CLEAR,646,ELEVATED,0.692,0,0,0,0,0,0,0,NORMAL,POSITIVE,0.45,1.0
2024-04-23,622095748.4529029,672112038.6556916,-0.07441659623122887,0.5594411720516242,0.2132903184416438,0.12089712739656587,0.10630369291004207,WATCH,0.2888014144445713,1.0,NORMAL,1.0,1.0,42109.16361335067,9979200,22089.470740440753,False,1.0,0.0,536333.1715152713,0.7727837996105325,ALERT,S2,-0.3104146434225571,15.69,320.0,49.2,4.61,77409.43431721191,493.6363830566406,420.4524230957031,66407.2734375,0.42456966802123447,0.03,False,0.2,3,4,CAUTIOUS,0.85,CLEAR,645,ELEVATED,0.691,0,0,0,0,0,0,0,NORMAL,POSITIVE,0.45,1.0
2024-04-24,623629811.1373378,672112038.6556916,-0.07213414539534857,0.567346529187265,0.20594003004115513,0.12060894267887558,0.10604219718678036,WATCH,0.28830623252222914,1.0,NORMAL,1.0,1.0,38852.702194960635,9979200,22089.470740440753,False,1.0,0.0,536333.1715152713,0.7733347386832224,ALERT,S2,-0.3091904194719619,15.97,319.0,49.2,4.65,77409.43431721191,493.402099609375,421.8767395019531,64276.8984375,0.15960660300473833,0.03,False,0.2,3,4,CAUTIOUS,0.85,CLEAR,644,ELEVATED,0.688,0,0,0,0,0,0,0,NORMAL,POSITIVE,0.45,1.0
2024-04-25,633079632.3271862,672112038.6556916,-0.05807425560562063,0.5730339983929347,0.20351241657223146,0.1189323022671897,0.1044593318554316,WATCH,0.2803028787202425,1.0,NORMAL,1.0,1.0,39219.86072591475,9979200,22089.470740440753,False,1.0,0.0,536333.1715152713,0.7765945257044528,ALERT,S2,-0.3097260656108096,15.37,324.0,49.2,4.7,77409.43431721191,491.5276794433594,419.83917236328125,64481.70703125,0.1082751797292562,0.03,False,0.2,3,4,CAUTIOUS,0.85,CLEAR,643,ELEVATED,0.689,0,0,0,0,0,0,0,NORMAL,POSITIVE,0.0,1.0
2024-04-26,646530979.7934489,672112038.6556916,-0.03806070623791835,0.5727422355392948,0.19703338517722174,0.11760968195090364,0.11258385604170577,RISK_ON,0.2850664456235458,1.0,NORMAL,1.0,1.0,19939.850006888395,9979200,22089.470740440753,False,1.0,0.0,536333.1715152713,0.780100610057905,ALERT,S2,-0.3060435129178181,15.03,316.0,49.2,4.67,86481.922885718,496.18438720703125,426.3179626464844,63755.3203125,0.17216980972925622,0.03,False,0.2,3,4,CAUTIOUS,0.85,CLEAR,642,ELEVATED,0.658,0,0,0,0,0,0,0,NORMAL,POSITIVE,0.0,1.0
2024-04-29,653639786.9359457,672112038.6556916,-0.027483887592153033,0.577801190879035,0.19515278428192914,0.11566612087378034,0.11135942488565446,RISK_ON,0.27049191502437436,1.0,NORMAL,1.0,1.0,13385.941227084135,9979200,22089.470740440753,False,1.0,0.0,536333.1715152713,0.7729698048711273,ALERT,S2,-0.3066939201572064,14.67,312.0,49.2,4.63,86481.922885718,497.9415588378906,428.04901123046875,63841.12109375,0.1541129495794224,0.03,False,0.2,3,4,CAUTIOUS,0.85,CLEAR,639,ELEVATED,0.652,0,0,0,0,0,0,0,NORMAL,POSITIVE,0.0,1.0
2024-04-30,637078125.134926,672112038.6556916,-0.052125109365453226,0.5769672040568697,0.19017643621869953,0.11854637210148941,0.11425435575919791,RISK_ON,0.27309377020667996,1.0,NORMAL,1.0,1.0,35441.84345150338,9979200,22089.470740440753,False,1.0,0.0,536333.1715152713,0.767186320280405,ALERT,S2,-0.30396709715947967,15.65,318.0,49.2,4.69,86481.922885718,490.0536193847656,419.9776306152344,60636.85546875,0.20584957972925622,0.03,False,0.2,3,4,CAUTIOUS,0.85,CLEAR,638,ELEVATED,0.679,0,0,0,0,0,0,0,NORMAL,POSITIVE,0.0,1.0
2024-05-01,618106350.4805758,672112038.6556916,-0.08035221074619336,0.5719584406630652,0.18831085702592507,0.12190125088392856,0.1177612084052776,RISK_ON,0.2871297140570011,1.0,WARNING,1.0,1.0,42181.44515285458,9979200,22089.470740440753,False,1.0,0.0,536333.1715152713,0.7603211843041485,ALERT,S2,-0.30148296100101446,15.39,321.0,48.7,4.63,86481.922885718,488.4622802734375,416.94097900390625,58254.01171875,0.20491061722925621,0.03,False,0.2,3,4,CAUTIOUS,0.85,CLEAR,637,ELEVATED,0.668,0,0,0,0,0,0,0,NORMAL,POSITIVE,0.0,1.0
2024-05-02,627133072.2416945,672112038.6556916,-0.06692182824750581,0.5763222603090425,0.188370404459298,0.11920730425440548,0.11606619707581947,RISK_ON,0.2708367200250749,1.0,NORMAL,1.0,1.0,21218.35855258556,9979200,22089.470740440753,False,1.0,0.0,536333.1715152713,0.7647185381799865,ALERT,S2,-0.30289683881353685,14.68,316.0,48.7,4.58,86481.922885718,493.0311584472656,422.26251220703125,59123.43359375,0.4625370797292562,0.03,False,0.2,3,4,CAUTIOUS,0.85,CLEAR,636,ELEVATED,0.621,0,0,0,0,0,0,0,NORMAL,POSITIVE,0.0,1.0
2024-05-03,643303419.195816,672112038.6556916,-0.04286282316486467,0.5754381676169739,0.1953337684560757,0.11607148224582911,0.11314870803354507,RISK_ON,0.2603985180553189,1.0,NORMAL,1.0,1.0,5065.144407365421,9979200,22089.470740440753,False,1.0,0.0,536333.1715152713,0.7707780049074199,ALERT,S2,-0.3061084811660912,13.49,308.0,48.7,4.5,86481.922885718,499.1424255371094,430.7493591308594,62889.8359375,0.23355459472925622,0.03,False,0.2,3,4,CAUTIOUS,0.85,CLEAR,635,ELEVATED,0.682,0,0,0,0,0,0,0,NORMAL,POSITIVE,0.0,1.0
2024-05-06,656866170.7675384,672112038.6556916,-0.022683521513238825,0.5829341016846088,0.1921283066029864,0.11412191600006144,0.11081245159956377,RISK_ON,0.23421785881419685,1.0,NORMAL,1.0,1.0,2117.810615634471,9979200,22089.470740440753,False,1.0,0.0,536333.1715152713,0.7750649071842675,ALERT,S2,-0.3068061658293282,13.49,303.0,48.7,4.49,86481.922885718,504.296875,435.467529296875,63161.94921875,0.2309101697292562,0.03,False,0.2,3,4,CAUTIOUS,0.85,CLEAR,632,ELEVATED,0.676,0,0,0,0,0,0,0,NORMAL,POSITIVE,0.0,1.0
2024-05-07,644887241.0542941,672112038.6556916,-0.040506338282305654,0.5775804783497205,0.19313439645125127,0.1164117382310048,0.11287081852723524,RISK_ON,0.26105118624736207,1.0,NORMAL,1.0,1.0,1656.354693600951,9979200,22089.470740440753,False,1.0,0.0,536333.1715152713,0.7707168543415764,ALERT,S2,-0.30564944574717057,13.23,306.0,48.7,4.47,86481.922885718,504.8534851074219,435.5367431640625,62334.81640625,0.2407366997292562,0.03,False,0.2,3,4,CAUTIOUS,0.85,CLEAR,631,ELEVATED,0.626,0,0,0,0,0,0,0,NORMAL,POSITIVE,0.0,1.0
2024-05-08,643056478.1684331,672112038.6556916,-0.04323023367558376,0.5798083659538065,0.1901207203432217,0.11687662913877434,0.11319215842889516,RISK_ON,0.25130797476071814,1.0,NORMAL,1.0,1.0,1367.225079674167,9979200,22089.470740440753,False,1.0,0.0,536333.1715152713,0.7699307232739192,ALERT,S2,-0.30483211988226483,13.0,310.0,48.7,4.48,86481.922885718,504.9021911621094,435.27960205078125,61187.94140625,0.2430660547292562,0.03,False,0.2,3,4,CAUTIOUS,0.85,CLEAR,630,ELEVATED,0.626,0,0,0,0,0,0,0,NORMAL,POSITIVE,0.0,1.0
2024-05-09,643969512.0667709,672112038.6556916,-0.041871778766542134,0.5741174762396506,0.19562855263176132,0.11722096461113603,0.11303167213919502,RISK_ON,0.2733785027943538,1.0,NORMAL,1.0,1.0,859.2989151648251,9979200,22089.470740440753,False,1.0,0.0,536333.1715152713,0.7697470560051469,ALERT,S2,-0.30579272976749294,12.69,314.0,48.7,4.45,86481.922885718,507.8114013671875,436.2291564941406,63049.9609375,0.2031313247292562,0.03,False,0.2,3,4,CAUTIOUS,0.85,CLEAR,629,ELEVATED,0.619,0,0,0,0,0,0,0,NORMAL,POSITIVE,0.0,1.0
2024-05-10,643314237.4160906,672112038.6556916,-0.04284672730635841,0.5800312010037731,0.1888171979438358,0.11746726566204353,0.11368343982575867,RISK_ON,0.2621593924977232,1.0,NORMAL,1.0,1.0,576.1294505750558,9979200,22089.470740440753,False,1.0,0.0,881557.8142926081,0.769261900380852,ALERT,S2,-0.30419291260203707,12.55,312.0,48.7,4.5,86481.922885718,508.46551513671875,437.2578430175781,60792.77734375,0.20619732472925623,0.03,False,0.2,3,4,CAUTIOUS,0.85,CLEAR,628,ELEVATED,0.618,0,0,0,0,0,0,0,NORMAL,POSITIVE,0.0,1.0
2024-05-13,650840456.4409904,672112038.6556916,-0.03164886356930463,0.5784349963906328,0.19310736470911002,0.11608775167867541,0.11236882199712611,RISK_ON,0.26302325229054807,1.0,NORMAL,1.0,1.0,693.2911710167148,9979200,22089.470740440753,False,1.0,0.0,881557.8142926081,0.77154318296641,ALERT,S2,-0.3058542441022643,13.6,314.0,48.7,4.48,86481.922885718,508.53387451171875,438.2667236328125,62901.44921875,0.1758803090792431,0.03,False,0.2,3,4,CAUTIOUS,0.85,CLEAR,625,ELEVATED,0.631,0,0,0,0,0,0,0,NORMAL,POSITIVE,0.0,1.0
2024-05-14,654490938.9203801,672112038.6556916,-0.026217503514080698,0.5848608003948976,0.187912999396873,0.115483642717429,0.1117420747168554,RISK_ON,0.2631176519344846,1.0,NORMAL,1.0,1.0,315.9711725736682,9979200,22089.470740440753,False,1.0,0.0,881557.8142926081,0.7727741728670067,ALERT,S2,-0.3052404806624874,13.42,314.0,48.7,4.45,86481.922885718,510.8670349121094,441.0857849121094,61552.7890625,0.1632017597292562,0.03,False,0.2,3,4,CAUTIOUS,0.85,CLEAR,624,ELEVATED,0.6,0,0,0,0,0,0,0,NORMAL,POSITIVE,0.0,1.0
2024-05-15,673666506.7740521,673666483.6475548,3.43292978488563e-08,0.5828687548495448,0.19654785406608571,0.11202196226247822,0.1085613944925945,RISK_ON,0.2619453202443993,1.0,NORMAL,1.0,1.0,23.126497413469888,9979200,22089.470740440753,False,1.0,0.0,881557.8142926081,0.7794166356724553,ALERT,S2,-0.3089357129644914,12.45,313.0,48.7,4.36,86481.922885718,517.1930541992188,447.9800720214844,66267.4921875,0.17572612472925622,0.03,False,0.2,3,4,CAUTIOUS,0.85,CLEAR,623,ELEVATED,0.642,0,0,0,0,0,0,0,NORMAL,POSITIVE,0.0,1.0
2024-05-16,668648024.3762637,673666483.6475548,-0.007449471501266736,0.5827664918811208,0.19492748178727137,0.11292980018524106,0.10937073879894635,RISK_ON,0.2728029246643388,1.0,NORMAL,1.0,1.0,3669.1040116874888,7999800,25736.44659854081,False,1.0,0.0,881557.8142926081,0.7776939994052995,ALERT,S2,-0.30862306037718085,12.42,308.0,48.7,4.38,86481.922885718,516.1289672851562,447.0700988769531,65231.58203125,0.1846941747292562,0.03,False,0.2,3,4,CAUTIOUS,0.85,CLEAR,622,ELEVATED,0.681,0,0,0,0,0,0,0,NORMAL,POSITIVE,0.0,1.0
2024-05-17,669966110.4640187,673666483.6475548,-0.005492885980463824,0.5774769456224754,0.199972749745195,0.11339047748073468,0.10915556366252262,RISK_ON,0.25735071007033344,1.0,NORMAL,1.0,1.0,2856.393190732994,7999800,25736.44659854081,False,1.0,0.0,881557.8142926081,0.7774530100300828,ALERT,S2,-0.30947008829016487,11.99,309.0,48.7,4.42,86481.922885718,516.8709106445312,446.8524475097656,67051.875,0.4725370797292562,0.03,False,0.2,3,4,CAUTIOUS,0.85,CLEAR,621,ELEVATED,0.682,0,0,0,0,0,0,0,NORMAL,POSITIVE,0.0,1.0
2024-05-20,683219979.1219593,683218059.8867116,2.8091108248418095e-06,0.5724779220282843,0.2089505085390125,0.11153071891231622,0.1070380414174533,RISK_ON,0.26305854778904486,1.0,NORMAL,1.0,1.0,1919.2352477064649,7999800,25736.44659854081,False,1.0,0.0,881557.8142926081,0.78143062568636,ALERT,S2,-0.31238672994023037,12.15,307.0,48.7,4.44,86481.922885718,517.4663696289062,449.96826171875,71448.1953125,0.17709815972925622,0.03,False,0.2,3,4,CAUTIOUS,0.85,CLEAR,618,ELEVATED,0.694,0,0,0,0,0,0,0,NORMAL,POSITIVE,0.0,1.0
2024-05-21,682696365.2176275,683218059.8867116,-0.0007635844245256207,0.5761006289609272,0.2052718607755081,0.11150537893839978,0.10712013736762106,RISK_ON,0.28141285893015777,1.0,NORMAL,1.0,1.0,1361.2675676424135,7999800,25736.44659854081,False,1.0,0.0,881557.8142926081,0.7813740477631125,ALERT,S2,-0.3116756248267505,11.86,307.0,48.7,4.41,86481.922885718,518.7354736328125,450.8485412597656,70136.53125,0.23584957972925621,0.03,False,0.2,3,4,CAUTIOUS,0.85,CLEAR,617,ELEVATED,0.687,0,0,0,0,0,0,0,NORMAL,POSITIVE,0.0,1.0
2024-05-22,677737577.2057881,683218059.8867116,-0.008021571739236788,0.5765166873644785,0.20378375818231192,0.1117931008414363,0.10790390098184346,RISK_ON,0.28141773686004207,1.0,NORMAL,1.0,1.0,1730.0132240853745,7999800,25736.44659854081,False,1.0,0.0,881557.8142926081,0.7803024373701464,ALERT,S2,-0.31109540529156804,12.29,311.0,48.7,4.43,86481.922885718,517.241943359375,450.759521484375,69122.3359375,0.3008495797292562,0.03,False,0.2,3,4,CAUTIOUS,0.85,CLEAR,616,ELEVATED,0.691,0,0,0,0,0,0,0,NORMAL,POSITIVE,0.0,1.0
2024-05-23,675663988.086302,683218059.8867116,-0.011056604390203284,0.5791587930876846,0.20088188358278836,0.11172018655185852,0.10823505427544992,RISK_ON,0.29094155721420273,1.0,NORMAL,1.0,1.0,2758.3997303559527,7999800,25736.44659854081,False,1.0,0.0,881557.8142926081,0.7800438612012668,ALERT,S2,-0.31049398355042307,12.77,310.0,48.7,4.47,86481.922885718,513.4638671875,448.7318420410156,67929.5625,0.3008495797292562,0.03,False,0.2,3,4,CAUTIOUS,0.85,CLEAR,615,ELEVATED,0.706,0,0,0,0,0,0,0,NORMAL,POSITIVE,0.0,1.0
2024-05-24,686147325.5796611,686146402.0772742,1.3459261523074417e-06,0.5837594173983395,0.19954983698191786,0.11010802030912084,0.10658137938628089,RISK_ON,0.2917023528004984,1.0,NORMAL,1.0,1.0,923.5023869228245,7999800,25736.44659854081,False,1.0,0.0,881557.8142926081,0.7833103086566682,ALERT,S2,-0.31124317074134117,11.93,311.0,48.7,4.46,86481.922885718,516.8612060546875,452.9752197265625,68526.1015625,0.28084957972925617,0.03,False,0.2,3,4,CAUTIOUS,0.85,CLEAR,614,ELEVATED,0.687,0,0,0,0,0,0,0,NORMAL,POSITIVE,0.0,1.0
2024-05-28,693549447.9550444,693548293.4665195,1.664611586127407e-06,0.5882365726512095,0.19675779898870552,0.10956010731375687,0.10544385643751265,RISK_ON,0.2974460414468828,1.0,NORMAL,1.0,1.0,1154.4885248855244,7999800,25736.44659854081,False,1.0,0.0,881557.8142926081,0.7849956783506412,ALERT,S2,-0.31120208388765663,12.92,309.0,48.7,4.54,86481.922885718,517.222412109375,454.6864929199219,68296.21875,0.28084957972925617,0.03,False,0.2,3,4,CAUTIOUS,0.85,CLEAR,610,ELEVATED,0.647,0,0,0,0,0,0,0,NORMAL,POSITIVE,0.0,1.0
2024-05-29,687044014.8671463,693548293.4665195,-0.00937826343262027,0.5867058562629366,0.19653237526289896,0.11031465304299694,0.10644227566210457,RISK_ON,0.3047406100544259,1.0,NORMAL,1.0,1.0,3325.1343680232494,7999800,25736.44659854081,False,1.0,0.0,881557.8142926081,0.7832420222363436,ALERT,S2,-0.31063545520878527,14.28,315.0,48.7,4.61,86481.922885718,513.6005859375,451.4816589355469,67578.09375,0.3253584172292562,0.03,False,0.2,3,4,CAUTIOUS,0.85,CLEAR,609,ELEVATED,0.649,0,0,0,0,0,0,0,NORMAL,POSITIVE,0.45,1.0
2024-05-30,684980369.2917408,693548293.4665195,-0.012353752803505813,0.5834406283796401,0.19941984292848577,0.11036841237661962,0.1067629551166608,RISK_ON,0.2857974224186129,1.0,NORMAL,1.0,1.0,5590.2608266069865,7999800,25736.44659854081,False,1.0,0.0,881557.8142926081,0.7828668604400463,ALERT,S2,-0.31107522070710203,14.47,319.0,48.7,4.55,86481.922885718,510.19342041015625,446.6447448730469,68364.9921875,0.2572328186573087,0.03,False,0.2,3,4,CAUTIOUS,0.85,CLEAR,608,ELEVATED,0.615,0,0,0,0,0,0,0,NORMAL,POSITIVE,0.45,1.0
2024-05-31,675649111.0879773,693548293.4665195,-0.025808126913668517,0.5804434107212076,0.19959058192660348,0.11172436460407173,0.10823743748397446,RISK_ON,0.27407520427593496,1.0,NORMAL,1.0,1.0,2841.2829798547086,7999800,25736.44659854081,False,1.0,0.0,881557.8142926081,0.780037272910585,ALERT,S2,-0.3102487765168973,12.92,320.0,48.7,4.51,86481.922885718,514.8403930664062,445.8139343261719,67491.4140625,0.2135923478792027,0.03,False,0.2,3,4,CAUTIOUS,0.85,CLEAR,607,ELEVATED,0.641,0,0,0,0,0,0,0,NORMAL,POSITIVE,0.45,1.0
2024-06-03,680130593.9230361,693548293.4665195,-0.01934645311636274,0.5795758810286736,0.20213384358255032,0.11076307686704201,0.1075242447199241,RISK_ON,0.2573733223980846,1.0,NORMAL,1.0,1.0,2008.9709793446953,7999800,25736.44659854081,False,1.0,0.0,881557.8142926081,0.7817120336336437,ALERT,S2,-0.31124701858105575,13.11,317.0,48.5,4.41,86481.922885718,515.2600708007812,448.2075500488281,68804.78125,0.18738064257992232,0.03,False,0.2,3,4,CAUTIOUS,0.85,CLEAR,604,ELEVATED,0.71,0,0,0,0,0,0,0,NORMAL,POSITIVE,0.45,1.0
2024-06-04,680232831.4411696,693548293.4665195,-0.019199040861013428,0.575292993806627,0.2072819587734524,0.10991450399654705,0.10750808405932197,RISK_ON,0.2740369367091568,1.0,NORMAL,1.0,1.0,1672.9401724870988,7999800,25736.44659854081,False,1.0,0.0,881557.8142926081,0.7825768772215189,ALERT,S2,-0.3125257468035606,13.16,322.0,48.5,4.33,86481.922885718,515.8361206054688,449.4341125488281,70567.765625,0.18851386064576148,0.03,False,0.2,3,4,CAUTIOUS,0.85,CLEAR,603,ELEVATED,0.684,0,0,0,0,0,0,0,NORMAL,POSITIVE,0.45,1.0
2024-06-05,698311617.3846241,698311304.9721155,4.47382859647405e-07,0.5841841279703818,0.20338930401730132,0.10770134360764175,0.10472477702201563,RISK_ON,0.283259700982572,1.0,NORMAL,1.0,1.0,312.4125086600703,7999800,25736.44659854081,False,1.0,0.0,881557.8142926081,0.7875737843345374,ALERT,S2,-0.3132935781631936,12.63,320.0,48.5,4.29,86481.922885718,521.9668579101562,458.49456787109375,71082.8203125,0.24760109346337528,0.03,False,0.2,3,4,CAUTIOUS,0.85,CLEAR,602,ELEVATED,0.681,0,0,0,0,0,0,0,NORMAL,POSITIVE,0.45,1.0
2024-06-06,693965576.0393401,698311304.9721155,-0.006223197164120009,0.5822950269496279,0.20372541766806532,0.10859852246792528,0.10538062830128359,RISK_ON,0.27311735371765034,1.0,NORMAL,1.0,1.0,280.7875616074746,7999800,25736.44659854081,False,1.0,0.0,881557.8142926081,0.7860207626519891,ALERT,S2,-0.3128662535110468,12.58,320.0,48.5,4.28,86481.922885718,521.9571533203125,458.3363342285156,70757.1640625,0.2292699953518731,0.03,False,0.2,3,4,CAUTIOUS,0.85,CLEAR,601,ELEVATED,0.693,0,0,0,0,0,0,0,NORMAL,POSITIVE,0.45,1.0
2024-06-07,690317362.603523,698311304.9721155,-0.011447533946069677,0.5844162075348027,0.20070766725876615,0.10893828964218986,0.10593754754577954,RISK_ON,0.28597903029983573,1.0,NORMAL,1.0,1.0,198.82414480622117,7999800,25736.44659854081,False,1.0,0.0,881557.8142926081,0.7851241009238047,ALERT,S2,-0.3120536483842929,12.22,315.0,48.5,4.43,86481.922885718,521.3226318359375,457.9307861328125,69342.5859375,0.1923626293104784,0.03,False,0.2,3,4,CAUTIOUS,0.85,CLEAR,600,ELEVATED,0.705,0,0,0,0,0,0,0,NORMAL,POSITIVE,0.0,1.0
2024-06-10,695258690.9956902,698311304.9721155,-0.004371422823445714,0.5863748402033584,0.19976888316699065,0.10867139563596154,0.10518463036795203,RISK_ON,0.29065670628105467,1.0,NORMAL,1.0,1.0,174.24972210240986,7999800,25736.44659854081,False,1.0,0.0,881557.8142926081,0.7861439203982489,ALERT,S2,-0.3121654975752892,12.74,315.0,48.5,4.47,86481.922885718,522.9334716796875,459.780517578125,69512.28125,0.21758551226560152,0.03,False,0.2,3,4,CAUTIOUS,0.85,CLEAR,597,ELEVATED,0.747,0,0,0,0,0,0,0,NORMAL,POSITIVE,0.0,1.0
2024-06-11,691903486.4927397,698311304.9721155,-0.009176163172142426,0.5907367369756924,0.1944414826398597,0.10912693555438574,0.10569469564777982,RISK_ON,0.31214269876831063,1.0,NORMAL,1.0,1.0,103.21974117752248,7999800,25736.44659854081,False,1.0,0.0,881557.8142926081,0.7851783367502483,ALERT,S2,-0.31085674353272963,12.85,319.0,48.5,4.39,86481.922885718,524.1926879882812,462.9358215332031,67332.03125,0.21366391604935692,0.03,False,0.2,3,4,CAUTIOUS,0.85,CLEAR,596,ELEVATED,0.752,0,0,0,0,0,0,0,NORMAL,POSITIVE,0.45,1.0
2024-06-12,705575677.8442532,705600347.6799914,-3.4962901902302335e-05,0.5698276746254031,0.20000699282486994,0.10692910204003528,0.12323621358430592,WATCH,0.304261873205175,1.0,NORMAL,1.0,1.0,11.94214058815306,7999800,25736.44659854081,False,1.0,0.0,881557.8142926081,0.7894316484335879,ALERT,S2,-0.3065601456109808,12.04,309.0,48.5,4.31,111163.70076454665,528.4979858398438,468.9992370605469,68241.1875,0.23584957972925621,0.03,False,0.2,3,4,CAUTIOUS,0.85,CLEAR,595,ELEVATED,0.714,0,0,0,0,0,0,0,NORMAL,POSITIVE,0.0,1.0
2024-06-13,713815610.2782046,713815605.0588807,7.311865779513482e-09,0.5794865527127493,0.1933967016813233,0.1053031022756273,0.12181363601843437,WATCH,0.2929298076753281,1.0,NORMAL,1.0,1.0,5.2193238438623615,7999800,25736.44659854081,False,1.0,0.0,881557.8142926081,0.7728832600452911,ALERT,S2,-0.30626809126967897,11.94,320.0,48.5,4.24,111163.70076454665,529.5620727539062,471.5413513183594,66756.3984375,0.21981125249075054,0.03,False,0.2,3,4,CAUTIOUS,0.85,CLEAR,594,ELEVATED,0.654,0,0,0,0,0,0,0,NORMAL,POSITIVE,0.0,1.0
2024-06-14,712353437.280946,713815605.0588807,-0.002048383038381507,0.5805837021077774,0.19163004901050765,0.10572256857562679,0.12206367006047379,WATCH,0.3223786740789941,1.0,NORMAL,1.0,1.0,7.298498500617784,7999800,25736.44659854081,False,1.0,0.0,881557.8142926081,0.7722137590300895,ALERT,S2,-0.3057090058626086,12.66,329.0,48.5,4.2,111163.70076454665,529.8843383789062,473.9844970703125,66011.09375,0.28084957972925617,0.03,False,0.2,3,4,CAUTIOUS,0.85,CLEAR,593,ELEVATED,0.656,0,0,0,0,0,0,0,NORMAL,POSITIVE,0.0,1.0
2024-06-17,722906601.7002516,722906600.312341,1.91990312536916e-09,0.5850407628381071,0.1902034050242276,0.10447407496722692,0.12028175525053522,WATCH,0.3272690008061025,1.0,NORMAL,1.0,1.0,1.387910597338104,7999800,25736.44659854081,False,1.0,0.0,881557.8142926081,0.7752441693507285,ALERT,S2,-0.30637401382127705,12.75,326.0,48.5,4.28,111163.70076454665,534.1015014648438,479.79071044921875,66490.296875,0.28084957972925617,0.03,False,0.2,3,4,CAUTIOUS,0.85,CLEAR,590,ELEVATED,0.604,0,0,0,0,0,0,0,NORMAL,POSITIVE,0.0,1.0
2024-06-18,727663119.0146548,727663118.5120599,6.906970551057157e-10,0.5915193919037592,0.18512478665027526,0.10386031155253425,0.11949550920273401,WATCH,0.2998645951768595,1.0,NORMAL,1.0,1.0,0.5025947733615251,7999800,25736.44659854081,False,1.0,0.0,881557.8142926081,0.7766441790904604,ALERT,S2,-0.305838453160644,12.3,324.0,48.5,4.22,111163.70076454665,535.4585571289062,479.9390563964844,65140.74609375,0.2558495797292562,0.03,False,0.2,3,4,CAUTIOUS,0.85,CLEAR,589,ELEVATED,0.607,0,0,0,0,0,0,0,NORMAL,POSITIVE,0.0,1.0
2024-06-20,716474559.7935907,727663118.5120599,-0.015376014578487696,0.5853306982045995,0.18711493437957324,0.10619279626152307,0.12136156650105757,WATCH,0.31328477830931856,1.0,NORMAL,1.0,1.0,3.3339328835235817,7999800,25736.44659854081,False,1.0,0.0,881557.8142926081,0.7724456361785528,ALERT,S2,-0.30488194786215383,13.28,323.0,48.5,4.25,111163.70076454665,534.0039672851562,476.23974609375,64828.65625,0.2102646147292562,0.03,False,0.2,3,4,CAUTIOUS,0.85,CLEAR,587,NORMAL,0.596,0,0,0,0,0,0,0,NORMAL,POSITIVE,0.0,1.0
2024-06-21,704679561.2223536,727663118.5120599,-0.031585436591459515,0.5809146595637058,0.18809740687898757,0.10759500030369396,0.12339292881416344,WATCH,0.3088585904155889,1.0,NORMAL,1.0,1.0,3.1283891796342487,7999800,25736.44659854081,False,1.0,0.0,881557.8142926081,0.7690120698566834,ALERT,S2,-0.3040263063766455,13.2,321.0,48.5,4.25,111163.70076454665,533.2880859375,474.9637451171875,64096.19921875,0.26191334629075624,0.03,False,0.2,3,4,CAUTIOUS,0.85,CLEAR,586,NORMAL,0.588,0,0,0,0,0,0,0,NORMAL,POSITIVE,0.45,1.0
2024-06-24,687119243.0877285,727663118.5120599,-0.05571792000017306,0.5814511707476525,0.18141145534410882,0.11059095298645061,0.12654641215397322,WATCH,0.28748214596081534,1.0,NORMAL,1.0,1.0,6.0245342171001885,7999800,25736.44659854081,False,1.0,0.0,881557.8142926081,0.7628626327803996,ALERT,S2,-0.30083585766650406,13.33,319.0,48.5,4.25,111163.70076454665,531.5545654296875,469.5564880371094,60277.4140625,0.23493259972925623,0.03,False,0.2,3,4,CAUTIOUS,0.85,CLEAR,583,ELEVATED,0.668,0,0,0,0,0,0,0,NORMAL,POSITIVE,0.45,1.0
2024-06-25,698633972.4894509,727663118.5120599,-0.039893661344233555,0.5833004022757556,0.1829420710743386,0.1085950454708961,0.125162480236926,WATCH,0.2925585746830691,1.0,NORMAL,1.0,1.0,0.6581716361086031,7999800,25736.44659854081,False,1.0,0.0,1371843.6541428,0.7667805836938997,ALERT,S2,-0.3021645430537196,12.84,319.0,48.5,4.23,111163.70076454665,533.6015625,474.92608642578125,61804.640625,0.2369561597292562,0.03,False,0.2,3,4,CAUTIOUS,0.85,CLEAR,582,ELEVATED,0.685,0,0,0,0,0,0,0,NORMAL,POSITIVE,0.45,1.0
2024-06-26,696537234.2064655,727663118.5120599,-0.04277512974581055,0.5849013345355161,0.18054355718854448,0.10901585967953778,0.1255392482703035,WATCH,0.3020454446666584,1.0,NORMAL,1.0,1.0,0.22713943356094662,7999800,25736.44659854081,False,1.0,0.0,1371843.6541428,0.7654448919736706,ALERT,S2,-0.3014656625288073,12.55,318.0,48.5,4.32,111163.70076454665,534.2675170898438,475.90692138671875,60811.27734375,0.2558495797292562,0.03,False,0.2,3,4,CAUTIOUS,0.85,CLEAR,581,ELEVATED,0.68,0,0,0,0,0,0,0,NORMAL,POSITIVE,0.0,1.0
2024-06-27,699696987.4623097,727663118.5120599,-0.03843279992936277,0.5842064275893312,0.1820735079055494,0.10874773733545194,0.12497232708075115,WATCH,0.2813595749961748,1.0,NORMAL,1.0,1.0,0.062214497680090276,7999800,25736.44659854081,False,1.0,0.0,1371843.6541428,0.7662799355630153,ALERT,S2,-0.30200034362201045,12.24,321.0,48.5,4.29,111163.70076454665,535.109619140625,477.1354064941406,61604.80078125,0.2558495797292562,0.03,False,0.2,3,4,CAUTIOUS,0.85,CLEAR,580,ELEVATED,0.694,0,0,0,0,0,0,0,NORMAL,POSITIVE,0.0,1.0
2024-06-28,699310420.2495381,727663118.5120599,-0.03896404468114034,0.5876191041220464,0.17837522083235266,0.10896426514519933,0.12504140971237554,WATCH,0.2817410238165371,1.0,NORMAL,1.0,1.0,0.13148853483621287,7999800,25736.44659854081,False,1.0,0.0,1371843.6541428,0.765994325098426,ALERT,S2,-0.301203996463052,12.44,318.0,48.5,4.36,111163.70076454665,533.0040893554688,474.65863037109375,60320.13671875,0.2798495797292562,0.03,False,0.2,3,4,CAUTIOUS,0.85,CLEAR,579,ELEVATED,0.621,0,0,0,0,0,0,0,NORMAL,POSITIVE,0.45,1.0
2024-07-01,708342343.7047241,727663118.5120599,-0.026551812666888108,0.5847550182368619,0.183492352628891,0.1083055959845471,0.12344035067789504,WATCH,0.3137522520605047,1.0,NORMAL,1.0,1.0,4733.477740070967,10621000,30469.914241354607,False,1.0,0.0,1371843.6541428,0.7682473708767041,ALERT,S2,-0.3021919440095551,12.22,321.0,46.8,4.48,111163.70076454665,534.1009521484375,477.4425354003906,62851.98046875,0.270572186699704,0.03,False,0.2,3,4,CAUTIOUS,0.85,CLEAR,576,ELEVATED,0.629,0,0,0,0,0,0,0,NORMAL,POSITIVE,0.45,1.0
2024-07-02,715596476.3073051,727663118.5120599,-0.016582731620958024,0.5914952057140138,0.1792540191283385,0.1070584193411768,0.12218901322449202,WATCH,0.3076179116834422,1.0,NORMAL,1.0,1.0,2391.9470417383627,10621000,30469.914241354607,False,1.0,0.0,1371843.6541428,0.7707518011511405,ALERT,S2,-0.3021759180326102,12.03,323.0,46.8,4.43,111163.70076454665,537.6953125,482.4555358886719,62029.015625,0.21355293494308716,0.03,False,0.2,3,4,CAUTIOUS,0.85,CLEAR,575,ELEVATED,0.628,0,0,0,0,0,0,0,NORMAL,POSITIVE,0.0,1.0
2024-07-03,724296007.4190466,727663118.5120599,-0.004627293877279892,0.60149720081786,0.17180445959837012,0.10597485688992085,0.12072139900161745,WATCH,0.3113941171766046,1.0,NORMAL,1.0,1.0,1509.2099640567908,10621000,30469.914241354607,False,1.0,0.0,1371843.6541428,0.77330327174225,ALERT,S2,-0.3015463878492321,12.09,325.0,46.8,4.36,111163.70076454665,540.0947875976562,486.477783203125,60173.921875,0.20150837305805966,0.03,False,0.2,3,4,CAUTIOUS,0.85,CLEAR,574,NORMAL,0.535,0,0,0,0,0,0,0,NORMAL,POSITIVE,0.0,1.0
2024-07-05,720546849.5590757,727663118.5120599,-0.00977962022801937,0.6093298888364236,0.16262029947688547,0.10669889095580504,0.12134953800772172,WATCH,0.29360007241174263,1.0,NORMAL,1.0,1.0,996.3168197406645,10621000,30469.914241354607,False,1.0,0.0,1371843.6541428,0.771951255708192,ALERT,S2,-0.29936208660535957,12.48,327.0,46.8,4.28,111163.70076454665,543.2092895507812,491.5502014160156,56662.375,0.178765416699704,0.03,False,0.2,3,4,CAUTIOUS,0.85,CLEAR,572,NORMAL,0.527,0,0,0,0,0,0,0,NORMAL,POSITIVE,0.45,1.0
2024-07-08,727162937.553575,727663118.5120599,-0.0006873798406983322,0.613171306613938,0.16126219745993722,0.10532014431285074,0.12024543990248546,WATCH,0.28956848460184414,1.0,NORMAL,1.0,1.0,662.9622950675308,10621000,30469.914241354607,False,1.0,0.0,1371843.6541428,0.7744342101338995,ALERT,S2,-0.29990425474620486,12.37,320.0,46.8,4.28,111163.70076454665,543.8360595703125,492.7192077636719,56705.09765625,0.198572186699704,0.03,False,0.2,3,4,CAUTIOUS,0.85,CLEAR,569,NORMAL,0.527,0,0,0,0,0,0,0,NORMAL,POSITIVE,0.0,1.0
2024-07-09,730271608.6810184,730303444.9383547,-4.359319068947265e-05,0.5811116484022492,0.20000871901822773,0.10507443113144775,0.11380430077926783,RISK_ON,0.2813265728784489,1.0,NORMAL,1.0,1.0,657.732858869888,10621000,30469.914241354607,False,1.0,0.0,1371843.6541428,0.7752017982410366,ALERT,S2,-0.30951287742690864,12.51,321.0,46.8,4.3,143657.69095996657,544.3649291992188,493.1452331542969,58009.2265625,0.243572186699704,0.03,False,0.2,3,4,CAUTIOUS,0.85,CLEAR,568,NORMAL,0.515,0,0,0,0,0,0,0,NORMAL,POSITIVE,0.0,1.0
2024-07-10,738160397.1843863,738159968.7495592,5.804091867123162e-07,0.5861860589236875,0.19696138171240257,0.1042639152741868,0.11258806368087328,RISK_ON,0.2817592846620459,1.0,NORMAL,1.0,1.0,428.4348271179038,10621000,30469.914241354607,False,1.0,0.0,1371843.6541428,0.7831478951820592,ALERT,S2,-0.30955626873015724,12.85,317.0,46.8,4.28,143657.69095996657,549.7516479492188,498.2869567871094,57742.49609375,0.207302211699704,0.03,False,0.2,3,4,CAUTIOUS,0.85,CLEAR,567,NORMAL,0.502,0,0,0,0,0,0,0,NORMAL,POSITIVE,0.0,1.0
2024-07-11,721082053.2766845,738159968.7495592,-0.02313579196363702,0.5780647237290854,0.20023799565062664,0.10644051088561342,0.11525463631668727,RISK_ON,0.26962788737276583,1.0,NORMAL,1.0,1.0,1538.3694226842933,10621000,30469.914241354607,False,1.0,0.0,1371843.6541428,0.7783043798282754,ALERT,S2,-0.30865675146595134,12.92,318.0,46.8,4.2,143657.69095996657,545.0112915039062,487.3594665527344,57344.9140625,0.243572186699704,0.03,False,0.2,3,4,CAUTIOUS,0.85,CLEAR,566,NORMAL,0.473,0,0,0,0,0,0,0,NORMAL,POSITIVE,0.45,1.0
2024-07-12,727527590.4124367,738159968.7495592,-0.014403894531335393,0.5799551405121105,0.2003832202136015,0.10542708102781959,0.1142335368446718,RISK_ON,0.2656814324577114,1.0,NORMAL,1.0,1.0,743.0979878832094,10621000,30469.914241354607,False,1.0,0.0,1371843.6541428,0.7803391577655296,ALERT,S2,-0.30932340606752934,12.46,319.0,46.8,4.18,143657.69095996657,548.448974609375,490.2226257324219,57899.46484375,0.19620329169970402,0.03,False,0.2,3,4,CAUTIOUS,0.85,CLEAR,565,NORMAL,0.479,0,0,0,0,0,0,0,NORMAL,POSITIVE,0.45,1.0
2024-07-15,745208915.3464886,745208077.8850558,1.1237954307130593e-06,0.5662948659758975,0.2191811219943195,0.10299973265681654,0.11152315557879884,RISK_ON,0.25863442753736055,1.0,NORMAL,1.0,1.0,837.4614327697138,10621000,30469.914241354607,False,1.0,0.0,1371843.6541428,0.7854768706845432,ALERT,S2,-0.31449858329537506,13.12,313.0,46.8,4.23,143657.69095996657,549.9573364257812,491.5402526855469,64870.15234375,0.4410662083991266,0.03,False,0.2,3,4,CAUTIOUS,0.85,CLEAR,562,NORMAL,0.553,0,0,0,0,0,0,0,NORMAL,POSITIVE,0.45,1.0
2024-07-16,745745603.8563653,745744802.3058009,1.0748322507581065e-06,0.5652860793562373,0.21978979949316182,0.1034801502767664,0.1114428960427388,RISK_ON,0.2714519531622448,1.0,NORMAL,1.0,1.0,801.5505644118197,10621000,30469.914241354607,False,1.0,0.0,1371843.6541428,0.7850767226742731,ALERT,S2,-0.3144583547805299,13.19,308.0,46.8,4.17,143657.69095996657,553.2186279296875,491.7285461425781,65097.1484375,0.19251030055426901,0.03,False,0.2,3,4,CAUTIOUS,0.85,CLEAR,561,NORMAL,0.552,0,0,0,0,0,0,0,NORMAL,POSITIVE,0.45,1.0
2024-07-17,714537833.5585039,745744802.3058009,-0.041846713045544326,0.5505428180582409,0.22594169328950856,0.10719532006455376,0.11631021606092436,RISK_ON,0.2932712939560174,1.0,NORMAL,1.0,1.0,7111.456918507538,10621000,30469.914241354607,False,1.0,0.0,1371843.6541428,0.7764922394075507,ALERT,S2,-0.3129621772417533,14.48,309.0,46.8,4.16,143657.69095996657,545.4618530273438,477.2939147949219,64118.79296875,0.14822879329605199,0.03,False,0.2,3,4,CAUTIOUS,0.85,CLEAR,560,NORMAL,0.502,0,0,0,0,0,0,0,NORMAL,POSITIVE,0.45,1.0
2024-07-18,714971662.4177576,745744802.3058009,-0.04126497401375706,0.5513976158246356,0.22529491914384092,0.10704832731407735,0.1162396416158021,RISK_ON,0.3048092716151863,1.0,NORMAL,1.0,1.0,13939.160203076279,10621000,30469.914241354607,False,1.0,0.0,1371843.6541428,0.7767076777403094,ALERT,S2,-0.3129120458039969,15.93,309.0,46.8,4.2,143657.69095996657,541.2699584960938,475.03509521484375,63974.06640625,0.217228141699704,0.03,False,0.2,3,4,CAUTIOUS,0.85,CLEAR,559,NORMAL,0.512,0,0,0,0,0,0,0,NORMAL,POSITIVE,0.45,1.0
2024-07-19,715701751.7185844,745744802.3058009,-0.04028596712216437,0.5426654696929948,0.2346908444253482,0.10649198941129673,0.11612106524167438,RISK_ON,0.2961254687747584,1.0,NORMAL,1.0,1.0,21922.82402784109,10621000,30469.914241354607,False,1.0,0.0,1371843.6541428,0.7773801262267654,ALERT,S2,-0.31493135921286813,16.52,309.0,46.8,4.25,143657.69095996657,537.6757202148438,470.8245849609375,66710.15625,0.16921565531871594,0.03,False,0.2,3,4,CAUTIOUS,0.85,CLEAR,558,NORMAL,0.503,0,0,0,0,0,0,0,NORMAL,POSITIVE,0.45,1.0
2024-07-22,728757721.1968482,745744802.3058009,-0.02277867851901838,0.5476234467803519,0.2335097534735423,0.10481740243062217,0.11404071255451671,RISK_ON,0.2715946717198308,1.0,NORMAL,1.0,1.0,6329.086611316287,10621000,30469.914241354607,False,1.0,0.0,1371843.6541428,0.7811399842679393,ALERT,S2,-0.31588290311551537,14.91,305.0,46.8,4.26,143657.69095996657,543.2190551757812,477.83880615234375,67585.25,0.15257380344143975,0.03,False,0.2,3,4,CAUTIOUS,0.85,CLEAR,555,NORMAL,0.508,0,0,0,0,0,0,0,NORMAL,POSITIVE,0.45,1.0
2024-07-23,725764476.2069566,745744802.3058009,-0.026792444328228915,0.5517881584071069,0.22872219090114587,0.10496959844032247,0.11451104666797658,RISK_ON,0.2526790350094355,1.0,NORMAL,1.0,1.0,6535.932554240921,10621000,30469.914241354607,False,1.0,0.0,1371843.6541428,0.7805173783226361,ALERT,S2,-0.3147831564179506,14.72,302.0,46.8,4.25,143657.69095996657,542.3670043945312,476.154541015625,65927.671875,0.13425817950100402,0.03,False,0.2,3,4,CAUTIOUS,0.85,CLEAR,554,NORMAL,0.508,0,0,0,0,0,0,0,NORMAL,POSITIVE,0.45,1.0
2024-07-24,692683556.8833172,745744802.3058009,-0.07115201508400903,0.5328886278067866,0.23762604835438814,0.10942326264424088,0.11997982192450682,RISK_ON,0.28811133138371836,1.0,NORMAL,1.0,1.0,56965.79011272046,10621000,30469.914241354607,False,1.0,0.0,1371843.6541428,0.7705780479373747,ALERT,S2,-0.31336320142779456,18.04,310.0,46.8,4.28,143657.69095996657,530.0756225585938,459.07476806640625,65372.1328125,0.1788787298157497,0.03,False,0.2,3,4,CAUTIOUS,0.85,CLEAR,553,NORMAL,0.456,0,0,0,0,0,0,0,NORMAL,POSITIVE,0.45,1.0
2024-07-25,687044779.7721866,745744802.3058009,-0.0787132841584911,0.5280634271343574,0.2410609055274329,0.10979491490160026,0.12096453135478552,RISK_ON,0.2756271139173512,1.0,NORMAL,1.0,1.0,79849.08756646878,10621000,30469.914241354607,False,1.0,0.0,1371843.6541428,0.7692137315138204,ALERT,S2,-0.3136079973576979,18.46,308.0,46.8,4.27,143657.69095996657,527.313720703125,454.01220703125,65777.2265625,0.17487136052614083,0.03,False,0.2,3,4,CAUTIOUS,0.85,CLEAR,552,NORMAL,0.449,0,0,0,0,0,0,0,NORMAL,POSITIVE,0.45,1.0
2024-07-26,696874033.6856943,745744802.3058009,-0.0655328316992635,0.5267682207099939,0.24537420618827904,0.10854060902908827,0.11925835342916215,RISK_ON,0.2630093549453402,1.0,NORMAL,1.0,1.0,40844.23553645878,10621000,30469.914241354607,False,1.0,0.0,1371843.6541428,0.7721876853153938,ALERT,S2,-0.3153560079165077,16.39,310.0,46.8,4.2,143657.69095996657,533.219482421875,458.6685485839844,67912.0625,0.1274627157127485,0.03,False,0.2,3,4,CAUTIOUS,0.85,CLEAR,551,NORMAL,0.46,0,0,0,0,0,0,0,NORMAL,POSITIVE,0.45,1.0
2024-07-29,692534188.1552233,745744802.3058009,-0.07135230977950291,0.5279156128199849,0.24294108382836008,0.10908516588586627,0.12000569968434066,RISK_ON,0.2695709767332448,1.0,NORMAL,1.0,1.0,36314.956403826574,10621000,30469.914241354607,False,1.0,0.0,1371843.6541428,0.7708971207830836,ALERT,S2,-0.31449619377232796,16.6,313.0,46.8,4.17,143657.69095996657,533.5328979492188,459.58990478515625,66819.9140625,0.1824323510334407,0.03,False,0.2,3,4,CAUTIOUS,0.85,CLEAR,548,NORMAL,0.488,0,0,0,0,0,0,0,NORMAL,POSITIVE,0.45,1.0
2024-07-30,675010753.5500475,745744802.3058009,-0.09485020684964574,0.5179335423276193,0.24693931012016143,0.11190810530193222,0.12312107528333248,RISK_ON,0.28122541759090564,1.0,WARNING,1.0,1.0,66128.7561870664,10621000,30469.914241354607,False,1.0,0.0,1371843.6541428,0.7649477920628477,ALERT,S2,-0.3133752197386339,17.69,320.0,46.8,4.15,143657.69095996657,530.8297729492188,453.27911376953125,66201.015625,0.16069572107646926,0.03,False,0.2,3,4,CAUTIOUS,0.85,CLEAR,547,NORMAL,0.486,0,0,0,0,0,0,0,NORMAL,POSITIVE,0.45,1.0
2024-07-31,697398606.2610034,745744802.3058009,-0.06482941067147074,0.5388521206935122,0.23330127265179057,0.10865200364474294,0.11916864911799231,RISK_ON,0.289299394013563,1.0,NORMAL,1.0,1.0,18100.2080813887,10621000,30469.914241354607,False,1.0,0.0,1371843.6541428,0.7721734342511913,ALERT,S2,-0.31303862391114373,16.36,325.0,46.8,4.09,143657.69095996657,539.4581909179688,466.69329833984375,64619.25,0.119585976699704,0.03,False,0.2,3,4,CAUTIOUS,0.85,CLEAR,546,NORMAL,0.403,0,0,0,0,0,0,0,NORMAL,POSITIVE,0.45,1.0
2024-08-01,674135986.68096,745744802.3058009,-0.09602321786679635,0.520933150628858,0.24410922404717383,0.11158362459673529,0.12328083865403539,RISK_ON,0.3175702515519055,1.0,WARNING,1.0,1.0,62803.90613621065,10621000,30469.914241354607,False,1.0,0.0,1371843.6541428,0.7651136542502934,ALERT,S2,-0.31289100875984327,18.59,335.0,47.2,3.99,143657.69095996657,531.8190307617188,455.3893127441406,65357.5,0.168572186699704,0.03,False,0.2,3,4,CAUTIOUS,0.85,CLEAR,545,NORMAL,0.376,0,0,0,0,0,0,0,NORMAL,POSITIVE,0.45,1.0
2024-08-02,649370792.2818153,745744802.3058009,-0.12923188968398114,0.35298423382214716,0.020006064235014345,0.11440620281558507,0.5123293244516591,WATCH,0.36901648009674237,1.0,DELEVERAGE_1,0.6,0.6,178041.02631433806,10621000,30469.914241354607,False,1.0,0.0,1371843.6541428,0.7576848433172254,ALERT,S8,-0.1523835328891668,23.39,372.0,47.2,3.8,518595.5720668569,521.9172973632812,444.5806884765625,61415.06640625,0.17483243514735322,0.03,False,0.02,0,3,CAUTIOUS,0.85,CLEAR,544,NORMAL,0.439,0,0,0,0,0,0,0,NORMAL,POSITIVE,0.45,1.0
2024-08-05,642039766.2277794,745744802.3058009,-0.13906236524528415,0.34877472128495285,0.017788634164397465,0.1144760703832611,0.5181792730426459,WATCH,0.4667250391123674,1.0,DELEVERAGE_1,0.6,0.6,501626.39148328523,10621000,30469.914241354607,False,1.0,0.0,1371843.6541428,0.36684997574801403,ALERT,S8,-0.15035666131241843,38.57,393.0,47.2,3.78,518595.5720668569,506.7171325683594,431.32501220703125,53991.45703125,0.4177764643927783,0.03,False,0.02,0,2,CAUTIOUS,0.85,CLEAR,541,NORMAL,0.415,0,0,0,0,0,0,0,ELEVATED,NEGATIVE,0.45,1.0
2024-08-06,646009470.6387265,745744802.3058009,-0.13373922467672372,0.35246268519364166,0.018348251194185775,0.1137264766150644,0.5149950804892072,WATCH,0.40223098825419246,1.0,DELEVERAGE_1,0.6,0.6,302013.6316892934,10621000,30469.914241354607,False,1.0,0.0,1371843.6541428,0.3709843739970006,ALERT,S8,-0.1519115166953203,27.71,367.0,47.2,3.9,518595.5720668569,511.3889465332031,435.4463806152344,56034.31640625,0.16966076774329505,0.03,False,0.02,0,2,CAUTIOUS,0.85,CLEAR,540,NORMAL,0.39,0,0,0,0,0,0,0,NORMAL,NEUTRAL,0.45,1.0
2024-08-07,637331383.6367263,745744802.3058009,-0.14537602988832976,0.3432708169853084,0.01826390558735139,0.11537488142193933,0.5225414251025353,WATCH,0.4013504257073003,1.0,DELEVERAGE_1,0.6,0.6,349876.385099565,10621000,30469.914241354607,False,1.0,0.0,1712193.7938673256,0.36192668726482113,ALERT,S8,-0.1483173485730621,27.85,357.0,47.2,3.96,518595.5720668569,507.97076416015625,430.7305603027344,55027.4609375,0.1606786803311872,0.03,False,0.02,0,2,CAUTIOUS,0.85,CLEAR,539,NORMAL,0.382,0,0,0,0,0,0,0,NORMAL,NEUTRAL,0.45,1.0
2024-08-08,654382774.6427574,745744802.3058009,-0.1225111155727231,0.3526841337681078,0.019948219286565184,0.11316530232777444,0.5139456280852742,WATCH,0.37793269345306413,1.0,DELEVERAGE_1,0.6,0.6,167990.87668900425,10621000,30469.914241354607,False,1.0,0.0,1712193.7938673256,0.3777541974458285,ALERT,S8,-0.15220542099016546,23.79,348.0,47.2,3.99,523530.64966402884,519.7136840820312,443.906982421875,61710.13671875,0.20105144169970401,0.03,False,0.02,0,3,CAUTIOUS,0.85,CLEAR,538,NORMAL,0.457,0,0,0,0,0,0,0,NORMAL,POSITIVE,0.45,1.0
2024-08-09,655121398.7464353,745744802.3058009,-0.12152066401155348,0.35369623244272075,0.01965772025590455,0.11311352872492345,0.5133661742167087,WATCH,0.3708852415860539,1.0,DELEVERAGE_1,0.6,0.6,108975.7496280331,10621000,30469.914241354607,False,1.0,0.0,1712193.7938673256,0.3734160683554334,ALERT,S8,-0.1525409349945561,20.37,349.0,47.2,3.94,523530.64966402884,522.0054321289062,446.2252197265625,60880.11328125,0.229404276699704,0.03,False,0.02,0,3,CAUTIOUS,0.85,CLEAR,537,NORMAL,0.453,0,0,0,0,0,0,0,NORMAL,POSITIVE,0.45,1.0
2024-08-12,656217804.0266292,745744802.3058009,-0.12005044889667249,0.3547453557723999,0.019133095531838125,0.11346340575612186,0.5125084446936291,WATCH,0.36436965723659287,1.0,DELEVERAGE_1,0.6,0.6,98234.65426395962,10621000,30469.914241354607,False,1.0,0.0,1712193.7938673256,0.3739344286323275,ALERT,S8,-0.15281891955676744,20.71,352.0,47.2,3.9,523530.64966402884,522.2797241210938,447.186279296875,59354.515625,0.5072596866997039,0.03,False,0.02,0,3,CAUTIOUS,0.85,CLEAR,534,NORMAL,0.449,0,0,0,0,0,0,0,NORMAL,POSITIVE,0.45,1.0
2024-08-13,666515242.8977495,745744802.3058009,-0.10624218789467665,0.3642534349972124,0.019235814268514,0.11187607614511486,0.5045903596439594,WATCH,0.3560587478748104,1.0,DELEVERAGE_1,0.6,0.6,29536.58646352156,10621000,30469.914241354607,False,1.0,0.0,1712193.7938673256,0.38350624432392727,ALERT,S8,-0.1565354859564161,18.12,354.0,47.2,3.85,523530.64966402884,530.868896484375,458.2821350097656,60609.56640625,0.4832596866997039,0.03,False,0.02,0,3,CAUTIOUS,0.85,CLEAR,533,NORMAL,0.443,0,0,0,0,0,0,0,NORMAL,POSITIVE,0.45,1.0
2024-08-14,667819789.7029954,745744802.3058009,-0.10449286721391249,0.3662165525441778,0.018605183314890417,0.11154699548848407,0.5036046719602744,WATCH,0.3247353195821452,1.0,DELEVERAGE_1,0.6,0.6,17761.79737401547,10621000,30469.914241354607,False,1.0,0.0,1712193.7938673256,0.38483197111654244,ALERT,S8,-0.157192477269517,16.19,346.0,47.2,3.83,523530.64966402884,532.543701171875,458.4307861328125,58737.26953125,0.4832596866997039,0.12,False,0.02,0,3,CAUTIOUS,0.85,CLEAR,532,NORMAL,0.444,0,0,0,0,0,0,0,NORMAL,POSITIVE,0.0,1.0
2024-08-15,679459256.2892382,745744802.3058009,-0.08888502583137226,0.37698058398380374,0.01791998272263863,0.11011730956911728,0.4949595482618429,WATCH,0.29095714724693544,1.0,DELEVERAGE_1,0.6,0.6,15339.107026780055,10152000,42789.480948679535,False,1.0,0.0,1712193.7938673256,0.394902321665951,ALERT,S8,-0.16138154098801902,15.23,331.0,47.2,3.92,523530.64966402884,541.6716918945312,470.01220703125,57560.09765625,0.4832596866997039,0.12,False,0.02,0,3,CAUTIOUS,0.85,CLEAR,531,NORMAL,0.444,0,0,0,0,0,0,0,NORMAL,POSITIVE,0.0,1.0
2024-08-16,679856714.5687721,745744802.3058009,-0.08835205761180842,0.3763995407477499,0.018324575490195488,0.11058760936339034,0.49467018468526075,WATCH,0.28597073799057404,1.0,DELEVERAGE_1,0.6,0.6,12298.413121946594,10152000,42789.480948679535,False,1.0,0.0,1712193.7938673256,0.3947312568132525,ALERT,S8,-0.16119536192811704,14.8,329.0,47.2,3.89,523530.64966402884,542.8861083984375,470.6165771484375,58894.10546875,0.44339440000457925,0.03,False,0.02,0,3,CAUTIOUS,0.85,CLEAR,530,NORMAL,0.45,0,0,0,0,0,0,0,NORMAL,POSITIVE,0.0,1.0
2024-08-19,684727674.2136936,745744802.3058009,-0.08182038668381697,0.3805501856336403,0.01837937674490475,0.10990996425619955,0.4911512404423327,WATCH,0.27971361854065097,1.0,DELEVERAGE_1,0.6,0.6,6322.037838983647,10152000,42789.480948679535,False,1.0,0.0,1712193.7938673256,0.3989332456984538,ALERT,S8,-0.1628187514776381,14.65,321.0,47.2,3.86,523530.64966402884,548.0768432617188,476.7985534667969,59493.453125,0.4432519136677637,0.03,False,0.02,0,3,CAUTIOUS,0.85,CLEAR,527,NORMAL,0.454,0,0,0,0,0,0,0,NORMAL,POSITIVE,0.0,1.0
2024-08-20,681340274.9962713,745744802.3058009,-0.08636269017282383,0.37776021621927336,0.018321523837680397,0.11030962135471013,0.49359308248303624,WATCH,0.3043073090866668,1.0,DELEVERAGE_1,0.6,0.6,10599.001063002404,10152000,42789.480948679535,False,1.0,0.0,1712193.7938673256,0.39608790164205976,ALERT,S8,-0.1617202187431153,15.88,325.0,47.2,3.82,523530.64966402884,547.1856689453125,475.7979431152344,59012.79296875,0.1365482199502853,0.03,False,0.02,0,3,CAUTIOUS,0.85,CLEAR,526,NORMAL,0.452,0,0,0,0,0,0,0,NORMAL,POSITIVE,0.0,1.0
2024-08-21,684591271.0857038,745744802.3058009,-0.08200329527073313,0.3800921332730801,0.01890268353186985,0.10974158854067932,0.49124910111970616,WATCH,0.326544201200076,1.0,DELEVERAGE_1,0.6,0.6,9922.147318607485,10152000,42789.480948679535,False,1.0,0.0,1712193.7938673256,0.3990005997339734,ALERT,S8,-0.16273791841604188,16.27,327.0,47.2,3.79,523530.64966402884,549.0660400390625,478.0170593261719,61175.19140625,0.12329502669970399,0.03,False,0.02,0,3,CAUTIOUS,0.85,CLEAR,525,NORMAL,0.462,0,0,0,0,0,0,0,NORMAL,POSITIVE,0.0,1.0
2024-08-22,676935608.8345964,745744802.3058009,-0.09226908891413033,0.3734832946917388,0.018868570539520513,0.110808517114682,0.49680478049341675,WATCH,0.3385077041244076,1.0,DELEVERAGE_1,0.6,0.6,23582.514549314026,10152000,42789.480948679535,False,1.0,0.0,1712193.7938673256,0.39236553413240227,ALERT,S8,-0.16018324128078554,17.55,321.0,47.2,3.86,523530.64966402884,544.7566528320312,470.43817138671875,60381.9140625,0.480259686699704,0.12,False,0.02,0,3,CAUTIOUS,0.85,CLEAR,524,NORMAL,0.467,0,0,0,0,0,0,0,NORMAL,POSITIVE,0.0,1.0
2024-08-23,684266840.2397766,745744802.3058009,-0.08243833798899824,0.3789090077472985,0.019814073702389263,0.1097808534179721,0.4914820166317035,WATCH,0.32406673836048394,1.0,DELEVERAGE_1,0.6,0.6,9612.923140767265,10152000,42789.480948679535,False,1.0,0.0,1712193.7938673256,0.3987286829898446,ALERT,S8,-0.16245073143175442,15.86,319.0,47.2,3.81,523530.64966402884,550.544921875,475.5403137207031,64094.35546875,0.508259686699704,0.03,False,0.02,0,3,CAUTIOUS,0.85,CLEAR,523,NORMAL,0.479,0,0,0,0,0,0,0,NORMAL,POSITIVE,0.0,1.0
2024-08-26,676905271.0213739,745744802.3058009,-0.09230977014064212,0.3724198457121633,0.019650277169258542,0.11108289174606052,0.49682704649027615,WATCH,0.3379768768049611,1.0,DELEVERAGE_1,0.6,0.6,13496.734487475038,10152000,42789.480948679535,False,1.0,0.0,1712193.7938673256,0.3920779404773065,ALERT,S8,-0.15989276160447122,16.15,315.0,47.2,3.82,523530.64966402884,549.2324829101562,470.9236145019531,62880.66015625,0.24230237169970398,0.03,False,0.02,0,3,CAUTIOUS,0.85,CLEAR,520,NORMAL,0.426,0,0,0,0,0,0,0,NORMAL,POSITIVE,0.0,1.0
2024-08-27,677899627.5199877,745744802.3058009,-0.09097639645095712,0.3744476562307357,0.018567832898020643,0.11087279430357373,0.49609829081272544,WATCH,0.33565503081197484,1.0,DELEVERAGE_1,0.6,0.6,9101.314276045854,10152000,42789.480948679535,False,1.0,0.0,1712193.7938673256,0.39302076572924516,ALERT,S8,-0.16047411585599208,15.43,317.0,47.2,3.83,523530.64966402884,549.9866333007812,472.3304138183594,59504.1328125,0.252686431699704,0.03,False,0.02,0,3,CAUTIOUS,0.85,CLEAR,519,NORMAL,0.403,0,0,0,0,0,0,0,NORMAL,POSITIVE,0.0,1.0
2024-08-28,672670165.0555383,745744802.3058009,-0.0979887986135739,0.3584114398157832,0.01856233591502031,0.11160913706857938,0.5113843488109978,WATCH,0.3516458595984419,1.0,DELEVERAGE_1,0.6,0.6,22022.137948841588,10152000,42789.480948679535,False,1.0,0.0,1712193.7938673256,0.3884227869537284,ALERT,S8,-0.1541218470895096,17.11,319.0,47.2,3.84,531226.4932739026,546.7938232421875,466.9706726074219,59027.625,0.202020781699704,0.03,False,0.02,0,3,CAUTIOUS,0.85,CLEAR,518,NORMAL,0.414,0,0,0,0,0,0,0,NORMAL,POSITIVE,0.0,1.0
2024-08-29,674439060.6015979,745744802.3058009,-0.09561681353155893,0.3597756171888055,0.018626737017994586,0.11153259330396402,0.510043107548771,WATCH,0.3261324500959934,1.0,DELEVERAGE_1,0.6,0.6,14800.525032201023,10152000,42789.480948679535,False,1.0,0.0,1712193.7938673256,0.3784106584061702,ALERT,S8,-0.15465526852652758,15.65,315.0,47.2,3.87,531226.4932739026,546.8427734375,466.287109375,59388.1796875,0.18422199929246852,0.03,False,0.02,0,3,CAUTIOUS,0.85,CLEAR,517,NORMAL,0.415,0,0,0,0,0,0,0,NORMAL,POSITIVE,0.0,1.0
2024-08-30,679341334.08598,745744802.3058009,-0.0890431525831693,0.3644833382145605,0.018408653549399082,0.11073504538825517,0.5063625265557238,WATCH,0.30854574483994274,1.0,DELEVERAGE_1,0.6,0.6,7089.804572041544,10152000,42789.480948679535,False,1.0,0.0,1712193.7938673256,0.38289598777831724,ALERT,S8,-0.15645354533897823,15.0,313.0,47.2,3.91,531226.4932739026,552.06298828125,471.844970703125,59119.4765625,0.2001605180532632,0.03,False,0.02,0,3,CAUTIOUS,0.85,CLEAR,516,NORMAL,0.415,0,0,0,0,0,0,0,NORMAL,POSITIVE,0.0,1.0
2024-09-03,661846286.515258,745744802.3058009,-0.11250298430660655,0.34849870155761925,0.018355613439318005,0.11329900484901222,0.5197475627349956,WATCH,0.3734838399703387,1.0,DELEVERAGE_1,0.6,0.6,65600.4957305359,10152000,42789.480948679535,False,1.0,0.0,1712193.7938673256,0.3668906802542394,ALERT,S8,-0.15023958872195722,20.72,331.0,47.2,3.84,531226.4932739026,540.7020263671875,457.51934814453125,57431.0234375,0.20542929916855,0.03,False,0.02,0,3,CAUTIOUS,0.85,CLEAR,512,NORMAL,0.422,0,0,0,0,0,0,0,NORMAL,POSITIVE,0.45,1.0
2024-09-04,664103222.2218815,745744802.3058009,-0.10947656602029032,0.3506068052984531,0.018465400301773023,0.11283524070501677,0.5179812155866673,WATCH,0.37401202937273886,1.0,DELEVERAGE_1,0.6,0.6,73939.99633852366,10152000,42789.480948679535,False,1.0,0.0,1712193.7938673256,0.36911330197693903,ALERT,S8,-0.15107978848685885,21.32,335.0,47.2,3.77,531226.4932739026,539.5953369140625,456.3304443359375,57971.5390625,0.48583846648941786,0.03,False,0.02,0,3,CAUTIOUS,0.85,CLEAR,511,NORMAL,0.425,0,0,0,0,0,0,0,NORMAL,POSITIVE,0.45,1.0
2024-09-05,664632895.641214,745744802.3058009,-0.10876630506011364,0.3515214243060824,0.017874278744753707,0.11294952927370253,0.5175684149512955,WATCH,0.37609349068959685,1.0,DELEVERAGE_1,0.6,0.6,57392.86110888776,10152000,42789.480948679535,False,1.0,0.0,1712193.7938673256,0.3694276041308349,ALERT,S8,-0.15130941607086767,19.9,329.0,47.2,3.73,531226.4932739026,538.2828979492188,456.7565002441406,56160.48828125,0.19820597325367545,0.03,False,0.02,0,3,CAUTIOUS,0.85,CLEAR,510,NORMAL,0.458,0,0,0,0,0,0,0,NORMAL,POSITIVE,0.45,1.0
2024-09-06,652783962.5507355,745744802.3058009,-0.12465502872783796,0.3408291034251424,0.0174820124678001,0.11451536529643452,0.5269629985659722,WATCH,0.374227038715996,1.0,DELEVERAGE_1,0.6,0.6,137424.23950026216,10152000,42789.480948679535,False,1.0,0.0,1712193.7938673256,0.3583865635199743,ALERT,S8,-0.14709511791820953,22.38,339.0,47.2,3.72,531226.4932739026,529.2235107421875,444.5212097167969,53948.75390625,0.15920530669970398,0.03,False,0.02,0,3,CAUTIOUS,0.85,CLEAR,509,NORMAL,0.479,0,0,0,0,0,0,0,NORMAL,POSITIVE,0.45,1.0
2024-09-09,661515897.1522214,745744802.3058009,-0.11294601704651297,0.3483855340064548,0.01823319896199268,0.11326872269463309,0.5200071469217566,WATCH,0.3616708305130563,1.0,DELEVERAGE_1,0.6,0.6,69722.06564900432,10152000,42789.480948679535,False,1.0,0.0,1712193.7938673256,0.3666573777083083,ALERT,S8,-0.15016521989525033,19.45,336.0,47.2,3.7,531226.4932739026,535.1487426757812,450.2376708984375,57019.53515625,0.46325968669970397,0.03,False,0.02,0,3,CAUTIOUS,0.85,CLEAR,506,NORMAL,0.485,0,0,0,0,0,0,0,NORMAL,POSITIVE,0.45,1.0
2024-09-10,666845514.9496647,745744802.3058009,-0.10579931246209706,0.3531873830404808,0.018287058324262074,0.11259915255046661,0.5158511028562266,WATCH,0.375457303465841,1.0,DELEVERAGE_1,0.6,0.6,50215.62022911968,10152000,42789.480948679535,False,1.0,0.0,1712193.7938673256,0.37150241669613937,ALERT,S8,-0.1520327198657105,19.08,346.0,47.2,3.65,531226.4932739026,537.4797973632812,454.39862060546875,57648.7109375,0.45325968669970396,0.03,False,0.02,0,3,CAUTIOUS,0.85,CLEAR,505,NORMAL,0.487,0,0,0,0,0,0,0,NORMAL,POSITIVE,0.45,1.0
2024-09-11,679198628.3137048,745744802.3058009,-0.08923451264606741,0.3650799067114968,0.01785929847808489,0.11056466644708901,0.5064689179004512,WATCH,0.3362710037366403,1.0,DELEVERAGE_1,0.6,0.6,18481.309062612923,10152000,42789.480948679535,False,1.0,0.0,1712193.7938673256,0.3829496254261486,ALERT,S8,-0.15657743165229482,17.69,344.0,47.2,3.65,531226.4932739026,542.9938354492188,464.2660827636719,57343.171875,0.43325968669970394,0.12,False,0.02,0,3,CAUTIOUS,0.85,CLEAR,504,NORMAL,0.488,0,0,0,0,0,0,0,NORMAL,POSITIVE,0.45,1.0
2024-09-12,682297951.0330604,745744802.3058009,-0.08507850282907292,0.36731731905023135,0.018021187842394624,0.11047822459619576,0.5041682945122091,WATCH,0.3469996421462851,1.0,DELEVERAGE_1,0.6,0.6,10216.728815473374,10152000,42789.480948679535,False,1.0,0.0,1712193.7938673256,0.38534427703743307,ALERT,S8,-0.15744805124426292,17.07,339.0,47.2,3.68,531226.4932739026,547.5675048828125,468.8233642578125,58127.01171875,0.46325968669970397,0.03,False,0.02,0,3,CAUTIOUS,0.85,CLEAR,503,NORMAL,0.571,0,0,0,0,0,0,0,NORMAL,POSITIVE,0.45,1.0
2024-09-13,686779485.6912206,745744802.3058009,-0.07906902794664183,0.39724923597513007,0.20003964224572673,0.11005538460820567,0.292645923970721,WATCH,0.34879523953606795,1.0,NORMAL,1.0,0.7227633655394525,6739.504597719318,10152000,42789.480948679535,False,1.0,0.0,1712193.7938673256,0.38918730807606444,ALERT,S2,-0.24743617854546546,16.56,337.0,47.2,3.66,674093.4035309146,550.4273681640625,470.9236145019531,60571.30078125,0.46325968669970397,0.03,False,0.2,1,4,CAUTIOUS,0.85,CLEAR,502,ELEVATED,0.66,0,0,0,0,0,0,0,NORMAL,POSITIVE,0.0,1.0
2024-09-16,677931217.7271323,745744802.3058009,-0.09093403583771931,0.4514704341876672,0.19469191801288166,0.11162673060388639,0.24219865040480967,WATCH,0.35411183244917793,1.0,WARNING,1.0,0.8051524644593073,8316.040394152807,10152000,42789.480948679535,False,1.0,0.0,1712193.7938673256,0.5919248868572923,ALERT,S2,-0.2631199770338039,17.14,332.0,47.2,3.63,710845.8422456431,551.2404174804688,468.8431396484375,58192.5078125,0.22801003525632035,0.03,False,0.2,2,4,CAUTIOUS,0.85,CLEAR,499,ELEVATED,0.652,0,0,0,0,0,0,0,NORMAL,POSITIVE,0.45,1.0
2024-09-17,683560590.0741595,745744802.3058009,-0.0833853779997813,0.4491341641495963,0.2001097618439291,0.11053899501144096,0.24020405562437008,WATCH,0.3487394961164386,1.0,WARNING,1.0,0.8051524644593073,8902.262935603772,10152000,42789.480948679535,False,1.0,0.0,1712193.7938673256,0.6492523814479434,ALERT,S2,-0.2651489535529519,17.61,325.0,47.2,3.65,710845.8422456431,551.4655151367188,469.0907897949219,60308.5390625,0.2084452445264412,0.03,False,0.2,2,4,CAUTIOUS,0.85,CLEAR,498,ELEVATED,0.651,0,0,0,0,0,0,0,NORMAL,POSITIVE,0.45,1.0
2024-09-18,684489660.9023525,745744802.3058009,-0.082139548561453,0.5800676377000924,0.20428214761001734,0.11007564167587822,0.10555700290595382,WATCH,0.35364671924915947,1.0,WARNING,1.0,1.0,12026.557306726347,10152000,42789.480948679535,False,1.0,0.0,1712193.7938673256,0.6500871419217832,ALERT,S2,-0.3118757134621845,18.23,321.0,47.2,3.7,802695.3416221024,549.8299560546875,467.0599060058594,61649.6796875,0.200886606699704,0.03,False,0.2,3,4,CAUTIOUS,0.85,CLEAR,497,ELEVATED,0.646,0,0,0,0,0,0,0,NORMAL,POSITIVE,0.0,1.0
2024-09-19,704372500.3381025,745744802.3058009,-0.05547782812535551,0.5864149896531381,0.20267210723402776,0.10762286185159527,0.10328762267719355,WATCH,0.2547694889903367,1.0,NORMAL,1.0,1.0,1703.584091358472,10152000,42789.480948679535,False,1.0,0.0,2212477.708015662,0.7896498592851264,ALERT,S2,-0.31298732402131163,16.33,310.0,47.2,3.73,802695.3416221024,559.2125244140625,478.8691101074219,62940.45703125,0.20523851553184708,0.03,False,0.2,3,4,CAUTIOUS,0.85,CLEAR,496,ELEVATED,0.623,0,0,0,0,0,0,0,NORMAL,POSITIVE,0.0,1.0
2024-09-20,707261737.7618195,745744802.3058009,-0.051603530356489236,0.5869174133504844,0.20265397725868375,0.10756070695847544,0.10286568204487533,WATCH,0.2727334418970317,1.0,NORMAL,1.0,1.0,1570.3951083243091,10152000,42789.480948679535,False,1.0,0.0,2212477.708015662,0.789573143767492,ALERT,S2,-0.31311175714732836,16.15,315.0,47.2,3.73,802695.3416221024,558.245849609375,477.9576721191406,63192.9765625,0.21782920470032957,0.03,False,0.2,3,4,CAUTIOUS,0.85,CLEAR,495,NORMAL,0.535,0,0,0,0,0,0,0,NORMAL,POSITIVE,0.0,1.0
2024-09-23,712357141.6610922,745744802.3058009,-0.04477089285969671,0.5893882027319647,0.20164006197431394,0.10684066020719858,0.10212989634590613,RISK_ON,0.2795923965018338,1.0,NORMAL,1.0,1.0,839.6842965388701,10152000,42789.480948679535,False,1.0,0.0,2212477.708015662,0.7910291971245221,ALERT,S2,-0.31336829723584686,15.89,315.0,47.2,3.75,802695.3416221024,559.640869140625,479.224609375,63329.80078125,0.2164047044801683,0.03,False,0.2,3,4,CAUTIOUS,0.85,CLEAR,492,NORMAL,0.534,0,0,0,0,0,0,0,NORMAL,POSITIVE,0.0,1.0
2024-09-24,718315420.2583624,745744802.3058009,-0.03678119104904032,0.5892637113966385,0.20303717559434484,0.10641581758025655,0.10128274987183995,RISK_ON,0.28337592863061506,1.0,NORMAL,1.0,1.0,391.8819483634426,10152000,42789.480948679535,False,1.0,0.0,2212477.708015662,0.7923013192364509,ALERT,S2,-0.3140037578088446,15.39,321.0,47.2,3.74,802695.3416221024,561.2420654296875,481.5361633300781,64301.96875,0.48349862962165585,0.03,False,0.2,3,4,CAUTIOUS,0.85,CLEAR,491,NORMAL,0.543,0,0,0,0,0,0,0,NORMAL,POSITIVE,0.0,1.0
2024-09-25,721545671.9827979,745744802.3058009,-0.03244961312258654,0.5948138068930723,0.19848553533924743,0.10587088964440108,0.10082932219548785,RISK_ON,0.29818625735150983,1.0,NORMAL,1.0,1.0,321.7572679127718,10152000,42789.480948679535,False,1.0,0.0,2212477.708015662,0.7932996959867011,ALERT,S2,-0.3134520653428849,15.41,319.0,47.2,3.79,802695.3416221024,560.0042724609375,481.98260498046875,63143.14453125,0.1863899613399155,0.03,False,0.2,3,4,CAUTIOUS,0.85,CLEAR,490,NORMAL,0.524,0,0,0,0,0,0,0,NORMAL,POSITIVE,0.0,1.0
2024-09-26,736198610.2124033,745744802.3058009,-0.012800883175962285,0.5963488519613503,0.20081337673088698,0.10401509998535996,0.09882246452234282,RISK_ON,0.294293216385804,1.0,NORMAL,1.0,1.0,152.24591668105126,10152000,42789.480948679535,False,1.0,0.0,2212477.708015662,0.7971623935454681,ALERT,S2,-0.3150841603594033,15.37,314.0,47.2,3.79,802695.3416221024,562.2245483398438,485.6037902832031,65181.01953125,0.271572186699704,0.03,False,0.2,3,4,CAUTIOUS,0.85,CLEAR,489,NORMAL,0.556,0,0,0,0,0,0,0,NORMAL,POSITIVE,0.0,1.0
2024-09-27,730203091.2186408,745744802.3058009,-0.02084052217207011,0.591411961368245,0.2043558553207092,0.10459754120260262,0.0996338716091922,RISK_ON,0.29802418996925195,1.0,NORMAL,1.0,1.0,562.6209348191509,10152000,42789.480948679535,False,1.0,0.0,2212477.708015662,0.7957684298279333,ALERT,S2,-0.31533814001924965,16.96,314.0,47.2,3.75,802695.3416221024,561.4090576171875,482.9052734375,65790.6640625,0.1977114590072773,0.03,False,0.2,3,4,CAUTIOUS,0.85,CLEAR,488,ELEVATED,0.602,0,0,0,0,0,0,0,NORMAL,POSITIVE,0.0,1.0
2024-09-30,723848151.3180338,745744802.3058009,-0.029362123503997473,0.5957322512650753,0.19843810572998818,0.10532070674929586,0.1004804410086304,RISK_ON,0.3150815798402087,1.0,NORMAL,1.0,1.0,20626.23186970864,8676400,63169.052344123105,False,1.0,0.0,2212477.708015662,0.794170627618817,ALERT,S2,-0.3140937648585854,16.73,303.0,47.2,3.81,802695.3416221024,563.6588134765625,484.21490478515625,63329.5,0.25197360224300314,0.03,False,0.2,3,4,CAUTIOUS,0.85,CLEAR,485,ELEVATED,0.627,0,0,0,0,0,0,0,NORMAL,POSITIVE,0.0,1.0
2024-10-01,707511950.2154624,745744802.3058009,-0.051268010145192666,0.5827060524797272,0.19502960853209478,0.10798286963491495,0.11421144694587786,WATCH,0.3485905061784046,1.0,NORMAL,1.0,1.0,49541.69000777882,8676400,63169.052344123105,False,1.0,0.0,2212477.708015662,0.7892042788169242,ALERT,S2,-0.3079965175072803,19.26,307.0,46.5,3.74,810776.805183554,558.6093139648438,477.4685363769531,60837.0078125,0.28939756444175213,0.03,False,0.2,3,4,CAUTIOUS,0.85,CLEAR,484,ELEVATED,0.657,0,0,0,0,0,0,0,NORMAL,POSITIVE,0.45,1.0
2024-10-02,710918074.0710179,745744802.3058009,-0.04670059801570292,0.5853156206329716,0.1934436353805847,0.10751445691120046,0.1136642413701465,WATCH,0.3463610091980944,1.0,NORMAL,1.0,1.0,44109.41317170952,8676400,63169.052344123105,False,1.0,0.0,2212477.708015662,0.7788075776788481,ALERT,S2,-0.30801165338303416,18.9,306.0,46.5,3.79,810776.805183554,558.8450927734375,478.1431884765625,60632.78515625,0.2738690794417521,0.03,False,0.2,3,4,CAUTIOUS,0.85,CLEAR,483,ELEVATED,0.653,0,0,0,0,0,0,0,NORMAL,POSITIVE,0.45,1.0
2024-10-03,714067177.9406215,745744802.3058009,-0.042477834598691144,0.5871587356581476,0.19299271026517015,0.10660532071476149,0.11316297130285873,WATCH,0.33752505959599055,1.0,NORMAL,1.0,1.0,57312.502010067445,8676400,63169.052344123105,False,1.0,0.0,2212477.708015662,0.7802140675108854,ALERT,S2,-0.30837110403409385,20.49,304.0,46.5,3.85,810776.805183554,557.8233642578125,477.7860412597656,60759.40234375,0.24933341444175214,0.03,False,0.2,3,4,CAUTIOUS,0.85,CLEAR,482,ELEVATED,0.659,0,0,0,0,0,0,0,NORMAL,POSITIVE,0.45,1.0
2024-10-04,727777275.1707982,745744802.3058009,-0.024093399081627,0.591053543717523,0.19343367427016453,0.10443458534189112,0.11103117165432781,WATCH,0.3221648623490311,1.0,NORMAL,1.0,1.0,34223.738077454705,8676400,63169.052344123105,False,1.0,0.0,2212477.708015662,0.7845241102465976,ALERT,S2,-0.3098092692370042,19.21,289.0,46.5,3.98,810776.805183554,562.8925170898438,483.47076416015625,62067.4765625,0.21294765944175212,0.03,False,0.2,3,4,CAUTIOUS,0.85,CLEAR,481,ELEVATED,0.663,0,0,0,0,0,0,0,NORMAL,POSITIVE,0.45,1.0
2024-10-07,727175582.7041036,745744802.3058009,-0.024900233356347057,0.5904845460857228,0.1941214265697089,0.10417417494145018,0.11112304302781956,WATCH,0.3298477102778959,1.0,NORMAL,1.0,1.0,70397.41389392602,8676400,63169.052344123105,False,1.0,0.0,2212477.708015662,0.7846819372235824,ALERT,S2,-0.3099887019285541,22.64,295.0,46.5,4.03,810776.805183554,557.8037109375,478.2920227050781,62236.66015625,0.22777176944175212,0.03,False,0.2,3,4,CAUTIOUS,0.85,CLEAR,478,ELEVATED,0.67,0,0,0,0,0,0,0,NORMAL,POSITIVE,0.45,1.0
2024-10-08,735045467.8324198,745744802.3058009,-0.014347179410837851,0.595380000525769,0.19171998839160628,0.10290919651043282,0.109933285901207,WATCH,0.3317969946377776,1.0,NORMAL,1.0,1.0,42286.18887787638,8676400,63169.052344123105,False,1.0,0.0,2212477.708015662,0.787145272338765,ALERT,S2,-0.31031943109950727,21.42,299.0,46.5,4.04,810776.805183554,563.0791015625,485.4351501464844,62131.96875,0.27317156444175217,0.03,False,0.2,3,4,CAUTIOUS,0.85,CLEAR,477,ELEVATED,0.656,0,0,0,0,0,0,0,NORMAL,POSITIVE,0.45,1.0
2024-10-09,739090511.4042189,745744802.3058009,-0.008923013450455541,0.6024442116500065,0.18591446919260016,0.10226768295507592,0.10933162084855119,WATCH,0.3352901805944994,1.0,NORMAL,1.0,1.0,31053.14930188486,8676400,63169.052344123105,False,1.0,0.0,2212477.708015662,0.7883918054032171,ALERT,S2,-0.3096140997876096,20.86,294.0,46.5,4.06,810776.805183554,566.9793090820312,489.2547302246094,60582.1015625,0.24458670102785074,0.03,False,0.2,3,4,CAUTIOUS,0.85,CLEAR,476,ELEVATED,0.679,0,0,0,0,0,0,0,NORMAL,POSITIVE,0.45,1.0
2024-10-10,741672309.3385206,745744802.3058009,-0.005460973988270945,0.6047544362282758,0.18432660948103113,0.10192550220474306,0.10895103207732902,WATCH,0.3373961677638488,1.0,NORMAL,1.0,1.0,31461.74575600448,8676400,63169.052344123105,False,1.0,0.0,2212477.708015662,0.7891145199540462,ALERT,S2,-0.30953043603956326,20.93,299.0,46.5,4.09,810776.805183554,565.9871215820312,488.6991882324219,60274.5,0.26271031105930065,0.03,False,0.2,3,4,CAUTIOUS,0.85,CLEAR,475,ELEVATED,0.678,0,0,0,0,0,0,0,NORMAL,POSITIVE,0.45,1.0
2024-10-11,746943913.8623004,746917118.2660445,3.5874925879531006e-05,0.6005814054644122,0.18961678767388956,0.1015838300341029,0.10818210318867996,WATCH,0.343404560251322,1.0,NORMAL,1.0,1.0,26795.59625594711,8676400,63169.052344123105,False,1.0,0.0,2212477.708015662,0.7902265414399108,ALERT,S2,-0.31086231237451867,20.46,298.0,46.5,4.08,810776.805183554,569.3764038085938,489.4630432128906,62445.08984375,0.18400486444175213,0.03,False,0.2,3,4,CAUTIOUS,0.85,CLEAR,474,ELEVATED,0.671,0,0,0,0,0,0,0,NORMAL,POSITIVE,0.45,1.0
2024-10-14,759634855.965308,759618556.3452157,2.145763812122503e-05,0.5965231976512151,0.19720092193752697,0.09987967893233143,0.10637474430122545,WATCH,0.3388144719141131,1.0,NORMAL,1.0,1.0,16299.620092214735,8676400,63169.052344123105,False,1.0,0.0,2212477.708015662,0.7937411510336685,ALERT,S2,-0.3134000741408095,19.7,297.0,46.5,4.08,810776.805183554,574.0328979492188,493.5703430175781,66046.125,0.26304725201710843,0.03,False,0.2,3,4,CAUTIOUS,0.85,CLEAR,471,ELEVATED,0.69,0,0,0,0,0,0,0,NORMAL,POSITIVE,0.45,1.0
2024-10-15,746848484.9220889,759618556.3452157,-0.016811163071855373,0.586618803340884,0.20359877984137914,0.101548948375724,0.10819592621124154,WATCH,0.34437087977123176,1.0,NORMAL,1.0,1.0,28038.358172085736,8676400,63169.052344123105,False,1.0,0.0,2212477.708015662,0.79024725082692,ALERT,S2,-0.31352423050813055,20.64,293.0,46.5,4.03,810776.805183554,569.5728759765625,486.9728698730469,67041.109375,0.26139756444175216,0.03,False,0.2,3,4,CAUTIOUS,0.85,CLEAR,470,ELEVATED,0.615,0,0,0,0,0,0,0,NORMAL,POSITIVE,0.45,1.0
2024-10-16,757441111.7879095,759618556.3452157,-0.0028664973217381595,0.590487592358182,0.20246315902771322,0.10033783423575177,0.10668283290679668,WATCH,0.3551433902134428,1.0,NORMAL,1.0,1.0,21648.781591966315,8676400,63169.052344123105,False,1.0,0.0,2212477.708015662,0.7929734157330219,ALERT,S2,-0.3141471424834314,19.58,290.0,46.5,4.02,810776.805183554,572.0485229492188,487.03240966796875,67612.71875,0.2641370975656046,0.03,False,0.2,3,4,CAUTIOUS,0.85,CLEAR,469,ELEVATED,0.611,0,0,0,0,0,0,0,NORMAL,POSITIVE,0.0,1.0
2024-10-17,760834006.9194117,760815630.4505823,2.4153642609103798e-05,0.5930087662022366,0.2009256613260585,0.09983433241227067,0.10620708700020938,WATCH,0.35088194058419614,1.0,NORMAL,1.0,1.0,18376.46882933779,8676400,63169.052344123105,False,1.0,0.0,2212477.708015662,0.7939536039367128,ALERT,S2,-0.314157363747951,19.11,289.0,46.5,4.09,810776.805183554,572.0975952148438,487.36968994140625,67399.8359375,0.27662639413708534,0.03,False,0.2,3,4,CAUTIOUS,0.85,CLEAR,468,ELEVATED,0.616,0,0,0,0,0,0,0,NORMAL,POSITIVE,0.0,1.0
2024-10-18,763043931.1063683,763033168.2193407,1.4105398658870172e-05,0.5908186101327023,0.20337254521781334,0.09989524890741995,0.105899490542365,WATCH,0.3357497959605142,1.0,NORMAL,1.0,1.0,10762.887027627195,8676400,63169.052344123105,False,1.0,0.0,2212477.708015662,0.7942023577333731,ALERT,S2,-0.31468339820240326,18.03,288.0,46.5,4.08,810776.805183554,574.2981567382812,490.5643310546875,68418.7890625,0.2748925872393744,0.03,False,0.2,3,4,CAUTIOUS,0.85,CLEAR,467,NORMAL,0.562,0,0,0,0,0,0,0,NORMAL,POSITIVE,0.0,1.0
2024-10-21,763543527.2096221,763533783.7746792,1.2760974235970224e-05,0.5944775436347364,0.20011764369404775,0.09956185268189781,0.10583019917792258,WATCH,0.3407397501255764,1.0,NORMAL,1.0,1.0,9743.434942950018,8676400,63169.052344123105,False,1.0,0.0,2212477.708015662,0.7946053271374975,ALERT,S2,-0.3141977348755451,18.37,288.0,46.5,4.19,810776.805183554,573.3550415039062,491.5068359375,67367.8515625,0.27131727043503684,0.03,False,0.2,3,4,CAUTIOUS,0.85,CLEAR,464,NORMAL,0.557,0,0,0,0,0,0,0,NORMAL,POSITIVE,0.0,1.0
2024-10-22,762528402.6988045,763533783.7746792,-0.0013167473361878068,0.593789534177996,0.20036488113070566,0.09986336733187408,0.10597108682065168,WATCH,0.3431371842068147,1.0,NORMAL,1.0,1.0,8487.351951340905,8676400,63169.052344123105,False,1.0,0.0,2212477.708015662,0.7941632547736004,ALERT,S2,-0.3140938563192321,18.2,292.0,46.5,4.2,810776.805183554,573.050537109375,492.04254150390625,67361.40625,0.21639756444175212,0.03,False,0.2,3,4,CAUTIOUS,0.85,CLEAR,463,NORMAL,0.557,0,0,0,0,0,0,0,NORMAL,POSITIVE,0.0,1.0
2024-10-23,750372755.6579015,763533783.7746792,-0.0172369951355833,0.5905649818884287,0.20080199808754529,0.10092117217233626,0.1076877631234891,WATCH,0.337498184067012,1.0,NORMAL,1.0,1.0,18072.5238691963,8676400,63169.052344123105,False,1.0,0.0,2212477.708015662,0.7913860402936562,ALERT,S2,-0.3133374069520694,19.24,295.0,46.5,4.24,810776.805183554,567.8143310546875,484.5025329589844,66432.1953125,0.24439756444175212,0.03,False,0.2,3,4,CAUTIOUS,0.85,CLEAR,462,ELEVATED,0.608,0,0,0,0,0,0,0,NORMAL,POSITIVE,0.0,1.0
2024-10-24,765606263.6189028,765593441.2319062,1.674829786413312e-05,0.5933351322969388,0.2019283548549585,0.09917469890657801,0.10554506592416123,WATCH,0.33805193478923873,1.0,NORMAL,1.0,1.0,12822.38699664469,8676400,63169.052344123105,False,1.0,0.0,2212477.708015662,0.7952768064616604,ALERT,S2,-0.3147481454288333,19.08,293.0,46.5,4.21,810776.805183554,569.0423583984375,488.4312744140625,68161.0546875,0.2643975644417521,0.03,False,0.2,3,4,CAUTIOUS,0.85,CLEAR,461,ELEVATED,0.621,0,0,0,0,0,0,0,NORMAL,POSITIVE,0.0,1.0
2024-10-25,768659396.4745283,768645568.9050847,1.798952599596504e-05,0.5994403025872467,0.19664516064003185,0.09877070908293711,0.10512583848740552,WATCH,0.3457723940544838,1.0,NORMAL,1.0,1.0,13827.569443571854,8676400,63169.052344123105,False,1.0,0.0,2212477.708015662,0.7960997844274144,ALERT,S2,-0.31399769564638064,20.33,289.0,46.5,4.25,810776.805183554,568.8457641601562,491.4076232910156,66642.4140625,0.23082153719943263,0.03,False,0.2,3,4,CAUTIOUS,0.85,CLEAR,460,ELEVATED,0.621,0,0,0,0,0,0,0,NORMAL,POSITIVE,0.0,1.0
2024-10-28,777009985.6958572,776999652.6651573,1.329862975407714e-05,0.5940970360971819,0.2040634646136619,0.09783015824583345,0.10399604259041982,WATCH,0.3498026877052365,1.0,NORMAL,1.0,1.0,10333.030699882545,8676400,63169.052344123105,False,1.0,0.0,2212477.708015662,0.7981711151518271,ALERT,S2,-0.31604889542677156,19.8,282.0,46.5,4.28,810776.805183554,570.6043090820312,491.48699951171875,69907.7578125,0.21376756997965216,0.03,False,0.2,3,4,CAUTIOUS,0.85,CLEAR,457,NORMAL,0.581,0,0,0,0,0,0,0,NORMAL,POSITIVE,0.0,1.0
2024-10-29,790708373.0612189,790702348.7206916,7.61897386181154e-06,0.5927692367987238,0.2085964700922837,0.09643227949773835,0.10219439469544056,WATCH,0.3528239662731241,1.0,NORMAL,1.0,1.0,6024.340527258709,8676400,63169.052344123105,False,1.0,0.0,2212477.708015662,0.8013718124753821,ALERT,S2,-0.31788804516477875,19.34,285.0,46.5,4.28,810776.805183554,571.5277709960938,496.2093811035156,72720.4921875,0.2745670618654941,0.03,False,0.2,3,4,CAUTIOUS,0.85,CLEAR,456,ELEVATED,0.607,0,0,0,0,0,0,0,NORMAL,POSITIVE,0.0,1.0
2024-10-30,778629533.0171694,790702348.7206916,-0.015268470775450793,0.5877302570625323,0.19999956832721033,0.0977651410265509,0.11449215207564153,WATCH,0.35339055965815336,1.0,NORMAL,1.0,1.0,10029.922609124907,8676400,63169.052344123105,False,1.0,0.0,2212477.708015662,0.7984546928620266,ALERT,S2,-0.3117036917071321,20.35,280.0,46.5,4.29,819126.1618794295,569.798828125,492.4591979980469,72339.5390625,0.2766874329739537,0.03,False,0.2,3,4,CAUTIOUS,0.85,CLEAR,455,ELEVATED,0.614,0,0,0,0,0,0,0,NORMAL,POSITIVE,0.0,1.0
2024-10-31,755937088.386018,790702348.7206916,-0.04396756932734758,0.5810195351132228,0.19995377130779737,0.10008776109722357,0.11889073180752747,WATCH,0.39634915666540066,1.0,NORMAL,1.0,1.0,36436.677334825996,8676400,63169.052344123105,False,1.0,0.0,2939420.4418934127,0.7817627657675825,ALERT,S2,-0.3095879340793683,23.16,288.0,46.5,4.28,819126.1618794295,558.6289672851562,480.0281982421875,70215.1875,0.28939756444175213,0.03,False,0.2,3,4,CAUTIOUS,0.85,CLEAR,454,ELEVATED,0.648,0,0,0,0,0,0,0,NORMAL,POSITIVE,0.45,1.0
2024-11-01,758824430.323694,790702348.7206916,-0.04031595258136533,0.5847137190219681,0.19711429888761228,0.09970350269728263,0.11843835022592443,WATCH,0.3554521233404209,1.0,NORMAL,1.0,1.0,22862.74814628123,8676400,63169.052344123105,False,1.0,0.0,2939420.4418934127,0.7818515744464024,ALERT,S2,-0.3093193038510388,21.88,283.0,48.4,4.37,819126.1618794295,560.9866943359375,483.57989501953125,69482.46875,0.231129490915241,0.03,False,0.2,3,4,CAUTIOUS,0.85,CLEAR,453,ELEVATED,0.64,0,0,0,0,0,0,0,NORMAL,POSITIVE,0.45,1.0
2024-11-04,751516220.432605,790702348.7206916,-0.04955863398089977,0.5855789570703227,0.1942447259679953,0.10055687038296347,0.11959011821052908,WATCH,0.3358300439251275,1.0,NORMAL,1.0,1.0,22040.74441311197,8676400,63169.052344123105,False,1.0,0.0,2939420.4418934127,0.7798465546652046,ALERT,S2,-0.30815073069648574,21.98,287.0,48.4,4.31,819126.1618794295,559.7783203125,482.1711120605469,67811.5078125,0.24439756444175212,0.03,False,0.2,3,4,CAUTIOUS,0.85,CLEAR,450,ELEVATED,0.654,0,0,0,0,0,0,0,NORMAL,POSITIVE,0.45,1.0
2024-11-05,788254997.7038316,790702348.7206916,-0.003095160929798224,0.6005388641798493,0.18941911601800732,0.09601332257508596,0.1140162940932387,WATCH,0.3354185599400428,1.0,NORMAL,1.0,1.0,9776.832219699976,8676400,63169.052344123105,False,1.0,0.0,2939420.4418934127,0.789967778273923,ALERT,S2,-0.31039308990938824,20.49,286.0,48.4,4.26,819126.1618794295,566.5469970703125,488.3221740722656,69359.5625,0.30939756444175215,0.03,False,0.2,3,4,CAUTIOUS,0.85,CLEAR,449,ELEVATED,0.619,0,0,0,0,0,0,0,NORMAL,POSITIVE,0.45,1.0
2024-11-06,827655879.290124,827655439.1440408,5.317986959685328e-07,0.6036050072393863,0.19673454084959455,0.09107141625790069,0.10858850385470545,WATCH,0.34109567834866383,1.0,NORMAL,1.0,1.0,440.14608327731935,8676400,63169.052344123105,False,1.0,0.0,2939420.4418934127,0.8003399737085086,ALERT,S2,-0.31505974134017845,16.27,274.0,48.4,4.42,819126.1618794295,580.6345825195312,501.5865173339844,75639.078125,0.28839756444175213,0.03,False,0.2,3,4,CAUTIOUS,0.85,CLEAR,448,ELEVATED,0.724,0,0,0,0,0,0,0,NORMAL,POSITIVE,0.0,1.0
2024-11-07,836610059.238712,836610002.088218,6.831198984258435e-08,0.6066035596374091,0.19531279332023196,0.09065729016716001,0.10742628856321379,WATCH,0.3337430902002072,1.0,NORMAL,1.0,1.0,57.150494000728045,8676400,63169.052344123105,False,1.0,0.0,2939420.4418934127,0.8019164077381429,ALERT,S2,-0.31525371298167554,15.2,273.0,48.4,4.31,819126.1618794295,585.1241455078125,509.4836120605469,75904.859375,0.30939756444175215,0.03,False,0.2,3,4,CAUTIOUS,0.85,CLEAR,447,ELEVATED,0.714,0,0,0,0,0,0,0,NORMAL,POSITIVE,0.0,1.0
2024-11-08,843209994.9101923,843209960.8545814,4.038805578865379e-08,0.6082404665199848,0.1954195364990129,0.0897545102851903,0.10658544630775808,WATCH,0.29970249286729267,1.0,NORMAL,1.0,1.0,34.055610879871566,8676400,63169.052344123105,False,1.0,0.0,2939420.4418934127,0.8036600354772627,ALERT,S2,-0.3158292663502809,14.94,263.0,48.4,4.3,819126.1618794295,587.6588134765625,510.0789794921875,76545.4765625,0.33339756444175217,0.03,False,0.2,3,4,CAUTIOUS,0.85,CLEAR,446,ELEVATED,0.724,0,0,0,0,0,0,0,NORMAL,POSITIVE,0.0,1.0
2024-11-11,867070891.2666928,867070871.3787129,2.2936971433296094e-08,0.5892860234371032,0.22022188433035852,0.08683974450425788,0.10365232479130929,WATCH,0.28145100422801417,1.0,NORMAL,1.0,1.0,19.88797986360473,8676400,63169.052344123105,False,1.0,0.0,2939420.4418934127,0.8095079263351216,ALERT,S2,-0.32239746073286635,14.97,263.0,48.4,4.3,819126.1618794295,588.21875,509.7813720703125,88701.484375,0.22025047678650134,0.03,False,0.2,3,4,CAUTIOUS,0.85,CLEAR,443,ELEVATED,0.662,0,0,0,0,0,0,0,NORMAL,POSITIVE,0.0,1.0
2024-11-12,857612891.1904074,867070871.3787129,-0.01090796669627081,0.5867970857030448,0.22077883518256342,0.08762863031032629,0.10479543225372465,WATCH,0.2841911167911444,1.0,NORMAL,1.0,1.0,14.193785778609808,8676400,63169.052344123105,False,1.0,0.0,2939420.4418934127,0.8075759342512653,ALERT,S2,-0.32191132637540637,14.71,261.0,48.4,4.43,819126.1618794295,586.3914794921875,508.858642578125,87955.8125,0.5430053832891417,0.03,False,0.2,3,4,CAUTIOUS,0.85,CLEAR,442,ELEVATED,0.64,0,0,0,0,0,0,0,NORMAL,POSITIVE,0.0,1.0
2024-11-13,857607716.4008921,867070871.3787129,-0.010913934823774674,0.580328213912381,0.22737766081929384,0.08749805411170049,0.1047960645874755,WATCH,0.2898257326673924,1.0,NORMAL,1.0,1.0,5.6337531307053945,8676400,63169.052344123105,False,1.0,0.0,2939420.4418934127,0.8077058800376153,ALERT,S2,-0.323216726275917,14.02,264.0,48.4,4.44,819126.1618794295,586.6763305664062,508.203857421875,90584.1640625,0.5162674049238622,0.03,False,0.2,3,4,CAUTIOUS,0.85,CLEAR,441,ELEVATED,0.632,0,0,0,0,0,0,0,NORMAL,POSITIVE,0.0,1.0
2024-11-14,842403432.8168738,867070871.3787129,-0.028449160704263843,0.5814796563086789,0.22296240479396176,0.08887042724271944,0.10667133424106771,WATCH,0.3143580941724174,1.0,NORMAL,1.0,1.0,13627.908727326281,12621200,76784.54317780168,False,1.0,0.0,2939420.4418934127,0.8044420729609448,ALERT,S2,-0.32053173602995855,14.31,260.0,48.4,4.43,819126.1618794295,582.9038696289062,504.6720275878906,87250.4296875,0.21690947227119214,0.03,False,0.2,3,4,CAUTIOUS,0.85,CLEAR,440,ELEVATED,0.654,0,0,0,0,0,0,0,NORMAL,POSITIVE,0.0,1.0
2024-11-15,847612397.1348819,867070871.3787129,-0.02244161911804332,0.5743628663516247,0.23128272284517948,0.08828014461342545,0.10601579029705009,WATCH,0.3265700175160089,1.0,NORMAL,1.0,1.0,49564.89160321649,12621200,76784.54317780168,False,1.0,0.0,2939420.4418934127,0.8056927027968583,ALERT,S2,-0.32249466566983415,16.14,272.0,48.4,4.43,819126.1618794295,575.437744140625,492.647705078125,91066.0078125,0.2277009459146194,0.03,False,0.2,3,4,CAUTIOUS,0.85,CLEAR,439,ELEVATED,0.65,0,0,0,0,0,0,0,NORMAL,POSITIVE,0.0,1.0
2024-11-18,848937104.1006128,867070871.3787129,-0.020913823629279515,0.5760789954373293,0.22959468713281284,0.08843721920317649,0.10585036007235428,WATCH,0.3102180454185077,1.0,NORMAL,1.0,1.0,32886.25655261591,12621200,76784.54317780168,False,1.0,0.0,2939420.4418934127,0.8057048940906716,ALERT,S2,-0.32216219765331544,15.58,272.0,48.4,4.42,819126.1618794295,577.7955322265625,496.0704650878906,90542.640625,0.5058517344417521,0.03,False,0.2,3,4,CAUTIOUS,0.85,CLEAR,436,ELEVATED,0.649,0,0,0,0,0,0,0,NORMAL,POSITIVE,0.0,1.0
2024-11-19,868530493.3336608,868498864.922666,3.641733141201975e-05,0.5810662802374381,0.22887945636052726,0.08655539117039156,0.10346245622640471,WATCH,0.3198318019078411,1.0,NORMAL,1.0,1.0,31628.410994932812,12621200,76784.54317780168,False,1.0,0.0,2939420.4418934127,0.8099752326602808,ALERT,S2,-0.32336865762146366,16.35,269.0,48.4,4.39,819126.1618794295,579.9076538085938,499.4832763671875,92343.7890625,0.2926547331917521,0.03,False,0.2,3,4,CAUTIOUS,0.85,CLEAR,435,ELEVATED,0.65,0,0,0,0,0,0,0,NORMAL,POSITIVE,0.0,1.0
2024-11-20,871001376.434942,870963151.5924973,4.38880133732944e-05,0.5770985238658987,0.2331625982582812,0.08652604099347683,0.10316895079504336,WATCH,0.34224128381994207,1.0,NORMAL,1.0,1.0,38224.84244463783,12621200,76784.54317780168,False,1.0,0.0,2939420.4418934127,0.8102966828751434,ALERT,S2,-0.32427254445480846,17.16,267.0,48.4,4.41,819126.1618794295,580.1040649414062,499.1955871582031,94339.4921875,0.26139756444175216,0.03,False,0.2,3,4,CAUTIOUS,0.85,CLEAR,434,ELEVATED,0.66,0,0,0,0,0,0,0,NORMAL,POSITIVE,0.0,1.0
2024-11-21,889778254.8273854,889747058.7071532,3.506178517476144e-05,0.5757500471390568,0.23831944307155561,0.08490365980696983,0.10099178942652878,WATCH,0.3296018006966828,1.0,NORMAL,1.0,1.0,31196.12023220215,12621200,76784.54317780168,False,1.0,0.0,2939420.4418934127,0.8140980329401953,ALERT,S2,-0.32644630688867055,16.87,261.0,48.4,4.43,819126.1618794295,583.2183227539062,500.9913330078125,98504.7265625,0.26139756444175216,0.03,False,0.2,3,4,CAUTIOUS,0.85,CLEAR,433,ELEVATED,0.667,0,0,0,0,0,0,0,NORMAL,POSITIVE,0.45,1.0
2024-11-22,893588338.7226187,893570335.2467145,2.0147799444591996e-05,0.576060285207088,0.23849080962305294,0.08486757736043792,0.10056118041590219,WATCH,0.32984995830635605,1.0,NORMAL,1.0,1.0,18003.47590418087,12621200,76784.54317780168,False,1.0,0.0,2939420.4418934127,0.814567506242237,ALERT,S2,-0.32661454562470876,15.24,261.0,48.4,4.41,819126.1618794295,585.02587890625,501.7948913574219,98997.6640625,0.26139756444175216,0.03,False,0.2,3,4,CAUTIOUS,0.85,CLEAR,432,ELEVATED,0.669,0,0,0,0,0,0,0,NORMAL,POSITIVE,0.0,1.0
2024-11-25,877069192.3762796,893570335.2467145,-0.018466529404066345,0.5831318226333637,0.22851290550749928,0.08588615718745199,0.10245519843693218,WATCH,0.3191059841183983,1.0,NORMAL,1.0,1.0,12205.5007755979,12621200,76784.54317780168,False,1.0,0.0,2939420.4418934127,0.8116560233366223,ALERT,S2,-0.3238348879898082,14.6,264.0,48.4,4.27,819126.1618794295,587.0103759765625,502.58856201171875,93102.296875,0.5825289764362722,0.03,False,0.2,3,4,CAUTIOUS,0.85,CLEAR,429,ELEVATED,0.688,0,0,0,0,0,0,0,NORMAL,POSITIVE,0.0,1.0
2024-11-26,874152922.5789995,893570335.2467145,-0.021730144681172514,0.5843565708887947,0.2265245646855355,0.0863131281949714,0.10279700018930116,WATCH,0.32299868902208206,1.0,NORMAL,1.0,1.0,7636.6361192230415,12621200,76784.54317780168,False,1.0,0.0,2939420.4418934127,0.8108882195273845,ALERT,S2,-0.3232106110657529,14.1,268.0,48.4,4.3,819126.1618794295,590.075439453125,505.28704833984375,91985.3203125,0.45037016807188585,0.03,False,0.2,3,4,CAUTIOUS,0.85,CLEAR,428,ELEVATED,0.712,0,0,0,0,0,0,0,NORMAL,POSITIVE,0.0,1.0
2024-11-27,871076266.419798,893570335.2467145,-0.025173249311936763,0.5732228609687007,0.23715359224093047,0.08645158222798276,0.10316008093891192,WATCH,0.31700243968450964,1.0,NORMAL,1.0,1.0,10351.542367480311,12621200,76784.54317780168,False,1.0,0.0,2939420.4418934127,0.8103860835327166,ALERT,S2,-0.32507316050996776,14.1,269.0,48.4,4.25,819126.1618794295,588.2874755859375,501.3087463378906,95962.53125,0.26139756444175216,0.03,False,0.2,3,4,CAUTIOUS,0.85,CLEAR,427,ELEVATED,0.694,0,0,0,0,0,0,0,NORMAL,POSITIVE,0.0,1.0
2024-11-29,883686342.165152,893570335.2467145,-0.011061236806651054,0.5753675535629744,0.20000264601799883,0.08553661135290239,0.13908770994732444,WATCH,0.31435477428146175,1.0,NORMAL,1.0,1.0,4841.822450542251,12621200,76784.54317780168,False,1.0,0.0,2939420.4418934127,0.8127778640446678,ALERT,S2,-0.3060417275327857,13.51,272.0,48.4,4.18,835659.234163395,591.94189453125,505.7136535644531,97461.5234375,0.5431156266287472,0.03,False,0.2,3,4,CAUTIOUS,0.85,CLEAR,425,ELEVATED,0.693,0,0,0,0,0,0,0,NORMAL,POSITIVE,0.0,1.0
2024-12-02,887823950.3973383,893570335.2467145,-0.006430814254582029,0.5806156925671024,0.19581019002038655,0.08513225314104533,0.1384395066031632,WATCH,0.34488894037284107,1.0,NORMAL,1.0,1.0,2093.1943860392958,12621200,76784.54317780168,False,1.0,0.0,2939420.4418934127,0.7764277131464973,ALERT,S2,-0.3055900976234774,13.34,268.0,49.2,4.19,835659.234163395,593.0029907226562,511.2198181152344,95865.3046875,0.2938492581917521,0.03,False,0.2,3,4,CAUTIOUS,0.85,CLEAR,422,ELEVATED,0.688,0,0,0,0,0,0,0,NORMAL,POSITIVE,0.0,1.0
2024-12-03,899976093.8318454,899974491.2650322,1.7806802623532292e-06,0.5859897066762725,0.19344198413722744,0.08399633460552054,0.13657019390388792,WATCH,0.34745905336581845,1.0,NORMAL,1.0,1.0,1602.5668132720853,12621200,76784.54317780168,False,1.0,0.0,2939420.4418934127,0.7794330787321276,ALERT,S2,-0.30610098906538497,13.3,266.0,49.2,4.23,835659.234163395,593.2779541015625,512.787353515625,96002.1640625,0.28010016444175206,0.03,False,0.2,3,4,CAUTIOUS,0.85,CLEAR,421,ELEVATED,0.681,0,0,0,0,0,0,0,NORMAL,POSITIVE,0.0,1.0
2024-12-04,921083031.7339271,921082244.6440147,8.545272878190957e-07,0.5898870197051661,0.19445562137470532,0.0822158639638993,0.13344064042967158,WATCH,0.33690768107910574,1.0,NORMAL,1.0,1.0,787.0899123870319,12621200,76784.54317780168,False,1.0,0.0,2939420.4418934127,0.7843433113220613,ALERT,S2,-0.30786163852523424,13.45,266.0,49.2,4.19,835659.234163395,596.9619140625,519.126953125,98768.53125,0.5920845148931441,0.03,False,0.2,3,4,CAUTIOUS,0.85,CLEAR,420,ELEVATED,0.68,0,0,0,0,0,0,0,NORMAL,POSITIVE,0.0,1.0
2024-12-05,917186217.4544741,921082244.6440147,-0.00422983638235952,0.5927426667692821,0.19098153843112006,0.0822672095951006,0.13400758461525789,WATCH,0.3200522540610906,1.0,NORMAL,1.0,1.0,917.726659617865,12621200,76784.54317780168,False,1.0,0.0,2939420.4418934127,0.7837249893871931,ALERT,S2,-0.3070145658833043,13.54,266.0,49.2,4.17,835659.234163395,595.9796142578125,517.6883544921875,96593.5703125,0.4455850644417521,0.03,False,0.2,3,4,CAUTIOUS,0.85,CLEAR,419,ELEVATED,0.68,0,0,0,0,0,0,0,NORMAL,POSITIVE,0.0,1.0
2024-12-06,935205808.8065357,935205558.0515138,2.681282418315334e-07,0.5939767655038295,0.19375325544446995,0.08084419101542589,0.13142551990810494,WATCH,0.34366858675162215,1.0,NORMAL,1.0,1.0,250.75502198169147,12621200,76784.54317780168,False,1.0,0.0,2939420.4418934127,0.7877302321609649,ALERT,S2,-0.30882078043277356,12.77,267.0,49.2,4.15,835659.234163395,597.109375,522.3214721679688,99920.7109375,0.28939756444175213,0.03,False,0.2,3,4,CAUTIOUS,0.85,CLEAR,418,ELEVATED,0.683,0,0,0,0,0,0,0,NORMAL,POSITIVE,0.0,1.0
2024-12-09,918633091.8955224,935205558.0515138,-0.017720666877258373,0.5914172712562016,0.19233725953296424,0.08244791070522217,0.13379651868393339,WATCH,0.3415825805003601,1.0,NORMAL,1.0,1.0,955.2146035188041,12621200,76784.54317780168,False,1.0,0.0,2939420.4418934127,0.7837553457549649,ALERT,S2,-0.30726883684793116,14.19,267.0,49.2,4.2,835659.234163395,594.034423828125,518.2538452148438,97432.71875,0.32008065819175213,0.03,False,0.2,3,4,CAUTIOUS,0.85,CLEAR,415,ELEVATED,0.699,0,0,0,0,0,0,0,NORMAL,POSITIVE,0.0,1.0
2024-12-10,907377243.559917,935205558.0515138,-0.02975636131758741,0.5877014014037958,0.1932096956268297,0.08363148455458548,0.1354562399661532,WATCH,0.35483602839553635,1.0,NORMAL,1.0,1.0,1069.2974749020007,12621200,76784.54317780168,False,1.0,0.0,2939420.4418934127,0.780912017295327,ALERT,S2,-0.30651157061107404,14.18,267.0,49.2,4.22,835659.234163395,592.1875,516.4879150390625,96675.4296875,0.33339756444175217,0.03,False,0.2,3,4,CAUTIOUS,0.85,CLEAR,414,ELEVATED,0.703,0,0,0,0,0,0,0,NORMAL,POSITIVE,0.0,1.0
2024-12-11,935892321.2041296,935892133.509863,2.005511745561961e-07,0.5912445434241763,0.19603768560975385,0.08138845609402579,0.1313291143209098,WATCH,0.3360077205472403,1.0,NORMAL,1.0,1.0,187.69426652117747,12621200,76784.54317780168,False,1.0,0.0,2939420.4418934127,0.7872823869243057,ALERT,S2,-0.30907751816088974,13.58,264.0,49.2,4.26,835659.234163395,596.7655639648438,525.7342529296875,101173.03125,0.33339756444175217,0.03,False,0.2,3,4,CAUTIOUS,0.85,CLEAR,413,ELEVATED,0.707,0,0,0,0,0,0,0,NORMAL,POSITIVE,0.0,1.0
2024-12-12,929323269.6141238,935892133.509863,-0.007018825845991561,0.59088316343227,0.19521832552613413,0.08164069926442567,0.13225743254498915,WATCH,0.32423811207309006,1.0,NORMAL,1.0,1.0,352.4292905055846,12621200,76784.54317780168,False,1.0,0.0,2939420.4418934127,0.7861017870734993,ALERT,S2,-0.3085595960312518,13.92,266.0,49.2,4.32,835659.234163395,593.6906127929688,522.34130859375,100043.0,0.33339756444175217,0.03,False,0.2,3,4,CAUTIOUS,0.85,CLEAR,412,ELEVATED,0.712,0,0,0,0,0,0,0,NORMAL,POSITIVE,0.0,1.0
2024-12-13,961891733.3289778,960956502.3470526,0.0009732292561015488,0.6014805894791077,0.1912785087555985,0.07848925921110254,0.12875146998491152,WATCH,0.332314405974117,1.0,NORMAL,1.0,1.0,165.99296356875809,12621200,76784.54317780168,False,1.0,0.0,3874485.4308550605,0.793530634582149,ALERT,S2,-0.3099405515215653,13.81,268.0,49.2,4.4,835659.234163395,593.57275390625,526.3395385742188,101459.2578125,0.33339756444175217,0.03,False,0.2,3,4,CAUTIOUS,0.85,CLEAR,411,ELEVATED,0.68,0,0,0,0,0,0,0,NORMAL,POSITIVE,0.0,1.0
2024-12-16,983118071.0517814,983187537.0797406,-7.065389393112742e-05,0.5834359746796774,0.19557917906580857,0.07680680868028755,0.14417795158016564,WATCH,0.34656254856616214,1.0,NORMAL,1.0,1.0,84.5423151334763,12621200,76784.54317780168,False,1.0,0.0,3874485.4308550605,0.7972358998589711,ALERT,S2,-0.30599605518845735,14.69,269.0,49.2,4.39,905209.8044377955,596.1072387695312,533.9191284179688,106029.71875,0.32555052069175217,0.03,False,0.2,3,4,CAUTIOUS,0.85,CLEAR,408,ELEVATED,0.687,0,0,0,0,0,0,0,NORMAL,POSITIVE,0.45,1.0
2024-12-17,971134534.5081161,983187537.0797406,-0.012259108376642236,0.5781201046977105,0.19819962795107557,0.07772292583999894,0.14595706836590205,WATCH,0.35623361864390873,1.0,NORMAL,1.0,1.0,265.2608464158469,12621200,76784.54317780168,False,1.0,0.0,3874485.4308550605,0.7763199446969402,ALERT,S2,-0.3056285895564393,15.87,275.0,49.2,4.4,905209.8044377955,593.6513061523438,531.5678100585938,106140.6015625,0.33339756444175217,0.03,False,0.2,3,4,CAUTIOUS,0.85,CLEAR,407,ELEVATED,0.674,0,0,0,0,0,0,0,NORMAL,POSITIVE,0.45,1.0
2024-12-18,933529433.6950146,983187537.0797406,-0.050507254732113815,0.5734377811244696,0.19433590062739933,0.08033613676656935,0.1518366154612298,WATCH,0.43828446820381894,1.0,NORMAL,1.0,1.0,50005.45662565142,12621200,76784.54317780168,False,1.0,0.0,3874485.4308550605,0.7678148105356211,ALERT,S2,-0.30216417478097757,27.62,273.0,49.2,4.5,905209.8044377955,575.9584350585938,512.3904418945312,100041.5390625,0.33339756444175217,0.03,False,0.2,3,3,CAUTIOUS,0.85,CLEAR,406,ELEVATED,0.754,0,0,0,0,0,0,0,NORMAL,NEUTRAL,0.45,1.0
2024-12-19,923470972.245182,983187537.0797406,-0.060737715422968575,0.5738770458621615,0.1914439984162777,0.08115599207009487,0.15349042244508848,WATCH,0.32501746729249986,1.0,NORMAL,1.0,1.0,30050.85949148138,12621200,76784.54317780168,False,1.0,0.0,3874485.4308550605,0.7653459495589341,ALERT,S2,-0.3008257083248944,24.09,291.0,49.2,4.57,905209.8044377955,575.781494140625,510.1086730957031,97490.953125,0.33339756444175217,0.03,False,0.2,3,4,CAUTIOUS,0.85,CLEAR,405,ELEVATED,0.722,0,0,0,0,0,0,0,NORMAL,POSITIVE,0.45,1.0
2024-12-20,936448824.1515496,983187537.0797406,-0.04753794282931434,0.5791257184627501,0.18930398234772625,0.08020230534412047,0.15136326298889188,WATCH,0.29723165121258127,1.0,NORMAL,1.0,1.0,4430.205017232825,12621200,76784.54317780168,False,1.0,0.0,3874485.4308550605,0.7684333361583281,ALERT,S2,-0.3014099324621903,18.36,286.0,49.2,4.52,905209.8044377955,582.697265625,514.563232421875,97755.9296875,0.33339756444175217,0.03,False,0.2,3,4,CAUTIOUS,0.85,CLEAR,404,ELEVATED,0.719,0,0,0,0,0,0,0,NORMAL,POSITIVE,0.45,1.0
2024-12-23,939650064.744598,983187537.0797406,-0.044281961165270056,0.5864860452084418,0.1827348670472309,0.07993050696539483,0.15084759205994025,WATCH,0.2841673317585731,1.0,NORMAL,1.0,1.0,929.0498649818624,12621200,76784.54317780168,False,1.0,0.0,3874485.4308550605,0.7692216727997498,ALERT,S2,-0.300420370544415,16.78,285.0,49.2,4.59,905209.8044377955,586.1866455078125,519.576416015625,94686.2421875,0.2999244294417521,0.03,False,0.2,3,4,CAUTIOUS,0.85,CLEAR,401,ELEVATED,0.708,0,0,0,0,0,0,0,NORMAL,POSITIVE,0.45,1.0
2024-12-24,959797884.6840832,983187537.0797406,-0.023789614405741233,0.5824631533825686,0.20000335244864142,0.0783872241121887,0.13914622462984017,RISK_ON,0.27268363891602376,1.0,NORMAL,1.0,1.0,43.600509263854576,12621200,76784.54317780168,False,1.0,0.0,3874485.4308550605,0.7739355253962321,ALERT,S2,-0.3081161171657058,14.27,286.0,49.2,4.59,921341.770519745,592.7020874023438,526.6218872070312,98676.09375,0.30939756444175215,0.03,False,0.2,3,4,CAUTIOUS,0.85,CLEAR,400,ELEVATED,0.764,0,0,0,0,0,0,0,NORMAL,POSITIVE,0.0,1.0
2024-12-26,954767883.8847849,983187537.0797406,-0.02890562799378804,0.5861026076941512,0.19518772055560388,0.07883033236979892,0.13987928827066945,RISK_ON,0.31776367005012995,1.0,NORMAL,1.0,1.0,48.797973220302815,12621200,76784.54317780168,False,1.0,0.0,3874485.4308550605,0.7812903681813314,ALERT,S2,-0.3068176689408875,14.73,286.0,49.2,4.58,921341.770519745,592.7416381835938,526.2640380859375,95795.515625,0.29688908944175213,0.03,False,0.2,3,4,CAUTIOUS,0.85,CLEAR,398,ELEVATED,0.765,0,0,0,0,0,0,0,NORMAL,POSITIVE,0.45,1.0
2024-12-27,939234466.716004,983187537.0797406,-0.044704665901569296,0.5827639406013531,0.19503832373111224,0.08000472624353054,0.14219266519089427,WATCH,0.3146926613297228,1.0,NORMAL,1.0,1.0,323.31560149428765,12621200,76784.54317780168,False,1.0,0.0,3874485.4308550605,0.7778025320778499,ALERT,S2,-0.3056761777649731,15.95,284.0,49.2,4.62,921341.770519745,586.5020141601562,519.2683715820312,94164.859375,0.28939756444175213,0.03,False,0.2,3,4,CAUTIOUS,0.85,CLEAR,397,ELEVATED,0.784,0,0,0,0,0,0,0,NORMAL,POSITIVE,0.45,1.0
2024-12-30,925833981.5124081,983187537.0797406,-0.05833429880293617,0.5800480310151591,0.19466397927253118,0.08103594132383254,0.14421074673522835,WATCH,0.2833257655607182,1.0,NORMAL,1.0,1.0,38238.47407042723,13876100,113826.77792069034,False,1.0,0.0,3874485.4308550605,0.7747130112686329,ALERT,S2,-0.3043746435616447,17.4,294.0,49.2,4.55,921341.770519745,579.80908203125,512.3621215820312,92643.2109375,0.2768752213718376,0.03,False,0.2,3,4,CAUTIOUS,0.85,CLEAR,394,ELEVATED,0.775,0,0,0,0,0,0,0,NORMAL,POSITIVE,0.45,1.0
2024-12-31,917831300.9308289,983187537.0797406,-0.06647382486461584,0.5744504883295768,0.1980272220362325,0.08200332621405233,0.14546813743587525,WATCH,0.30855324632101977,1.0,NORMAL,1.0,1.0,46649.67925726683,13876100,113826.77792069034,False,1.0,0.0,3874485.4308550605,0.7725169743013881,ALERT,S2,-0.3042843266867904,17.35,292.0,49.2,4.58,921341.770519745,577.69970703125,508.0097961425781,93429.203125,0.27246529794166646,0.03,False,0.2,3,4,CAUTIOUS,0.85,CLEAR,393,ELEVATED,0.781,0,0,0,0,0,0,0,NORMAL,POSITIVE,0.45,1.0
2025-01-02,929965120.4735781,983187537.0797406,-0.0541325175502565,0.5723647074751855,0.20267650337972404,0.08133144148353981,0.14357012632770821,WATCH,0.28781214688681434,1.0,NORMAL,1.0,1.0,53213.844620455,13876100,113826.77792069034,False,1.0,0.0,3874485.4308550605,0.7750855622846256,ALERT,S2,-0.30597758280277676,17.93,288.0,50.9,4.57,921341.770519745,576.2803344726562,507.0160827636719,96886.875,0.2713125,0.03,False,0.2,3,4,CAUTIOUS,0.85,CLEAR,391,ELEVATED,0.782,0,0,0,0,0,0,0,NORMAL,POSITIVE,0.45,1.0
2025-01-03,956265411.2741535,983187537.0797406,-0.027382492953024196,0.5817948483683996,0.1995853065098696,0.07897722907017125,0.13962149864738366,WATCH,0.256687859054782,1.0,NORMAL,1.0,1.0,20193.843189381543,13876100,113826.77792069034,False,1.0,0.0,3874485.4308550605,0.7813966559472745,ALERT,S2,-0.3074422998686242,16.13,281.0,50.9,4.6,921341.770519745,583.4857788085938,515.3134765625,98107.4296875,0.2170692212925681,0.03,False,0.2,3,4,CAUTIOUS,0.85,CLEAR,390,ELEVATED,0.769,0,0,0,0,0,0,0,NORMAL,POSITIVE,0.0,1.0
2025-01-06,978566385.1815078,983187537.0797406,-0.004700173389055151,0.5903804812884237,0.20293050666912857,0.07706257503638485,0.12961437939938714,RISK_ON,0.2448166600547556,1.0,NORMAL,1.0,1.0,11799.168578666733,13876100,113826.77792069034,False,1.0,0.0,3874485.4308550605,0.7864967026376917,ALERT,S2,-0.31204762845948397,16.04,276.0,50.9,4.62,928014.0333672487,586.8469848632812,521.2359008789062,102078.0859375,0.2713125,0.03,False,0.2,3,4,CAUTIOUS,0.85,CLEAR,387,ELEVATED,0.785,0,0,0,0,0,0,0,NORMAL,POSITIVE,0.0,1.0
2025-01-07,949087004.8434165,983187537.0797406,-0.03468364981274019,0.5880250067604073,0.1986664840478427,0.07963136232783252,0.13364030280588304,RISK_ON,0.23367456557230665,1.0,NORMAL,1.0,1.0,34968.21668623611,13876100,113826.77792069034,False,1.0,0.0,3874485.4308550605,0.7867204767831535,ALERT,S2,-0.30909949884663884,17.82,279.0,50.9,4.67,928014.0333672487,580.2131958007812,511.9348449707031,96922.703125,0.276458535,0.03,False,0.2,3,4,CAUTIOUS,0.85,CLEAR,386,ELEVATED,0.799,0,0,0,0,0,0,0,NORMAL,POSITIVE,0.0,1.0
2025-01-08,942002553.8084705,983187537.0797406,-0.04188924464359833,0.5885680542215743,0.19627978008670188,0.08047198035818026,0.1346453618449439,RISK_ON,0.23802752004915573,1.0,NORMAL,1.0,1.0,32803.815193287686,13876100,113826.77792069034,False,1.0,0.0,3874485.4308550605,0.7848751663996856,ALERT,S2,-0.30804510856438183,17.7,284.0,50.9,4.67,928014.0333672487,581.0609741210938,512.0243530273438,95043.5234375,0.2713125,0.03,False,0.2,3,4,CAUTIOUS,0.85,CLEAR,385,CONTAGION,0.801,0,0,0,0,0,0,0,NORMAL,POSITIVE,0.0,1.0
2025-01-10,932012354.9487623,983187537.0797406,-0.052050275457089956,0.5843766251473836,0.1976696932782329,0.08179024415053633,0.13608861947262021,RISK_ON,0.2569608077644581,1.0,NORMAL,1.0,1.0,69731.25491549511,13876100,113826.77792069034,False,1.0,0.0,3874485.4308550605,0.7821048339069342,ALERT,S2,-0.30739143255057555,19.54,281.0,50.9,4.77,928014.0333672487,572.1896362304688,503.9952697753906,94701.453125,0.25491787,0.03,False,0.2,3,4,CAUTIOUS,0.85,CLEAR,383,ELEVATED,0.793,0,0,0,0,0,0,0,NORMAL,POSITIVE,0.45,1.0
2025-01-13,925277990.7372658,983187537.0797406,-0.05889979699547199,0.5818063863477786,0.19871956223528947,0.0823235682983156,0.13707910053641179,RISK_ON,0.26599022899534924,1.0,NORMAL,1.0,1.0,66048.73223579049,13876100,113826.77792069034,False,1.0,0.0,3874485.4308550605,0.7805816685181884,ALERT,S2,-0.30711033502950313,19.19,285.0,50.9,4.79,928014.0333672487,573.0768432617188,502.37548828125,94516.5234375,0.21975286500000002,0.03,False,0.2,3,4,CAUTIOUS,0.85,CLEAR,380,ELEVATED,0.791,0,0,0,0,0,0,0,NORMAL,POSITIVE,0.45,1.0
2025-01-14,931678098.977569,983187537.0797406,-0.05239024719044427,0.5806248581326132,0.20156714347466528,0.08160563231488221,0.1361374436681445,RISK_ON,0.25461857987006126,1.0,NORMAL,1.0,1.0,60486.787245526844,13876100,113826.77792069034,False,1.0,0.0,3874485.4308550605,0.7822427866939571,ALERT,S2,-0.3081867110850314,18.71,280.0,50.9,4.78,928014.0333672487,573.8652954101562,501.8984680175781,96534.046875,0.28648355,0.03,False,0.2,3,4,CAUTIOUS,0.85,CLEAR,379,CONTAGION,0.837,0,0,0,0,0,0,0,NORMAL,POSITIVE,0.45,1.0
2025-01-15,957558521.2063754,983187537.0797406,-0.026067270898783468,0.5838063101432891,0.20418567168990143,0.07953453564305099,0.1324579875876502,RISK_ON,0.23001924626117093,1.0,NORMAL,1.0,1.0,14837.308105970124,13876100,113826.77792069034,False,1.0,0.0,3874485.4308550605,0.7880041919077972,ALERT,S2,-0.3105445959000416,16.12,272.0,50.9,4.66,928014.0333672487,584.303955078125,513.4453125,100504.4921875,0.25779426,0.03,False,0.2,3,4,CAUTIOUS,0.85,CLEAR,378,CONTAGION,0.845,0,0,0,0,0,0,0,NORMAL,POSITIVE,0.0,1.0
2025-01-16,953623217.243806,983187537.0797406,-0.030069868383143294,0.5835378932582176,0.2035032131737415,0.07993182368909292,0.13300460016377247,RISK_ON,0.24157392955592794,1.0,NORMAL,1.0,1.0,21427.64207623486,13876100,113826.77792069034,False,1.0,0.0,3874485.4308550605,0.7870587914188286,ALERT,S2,-0.3101023827823412,16.6,273.0,50.9,4.61,928014.0333672487,583.1802978515625,509.84814453125,99756.90625,0.24824367000000003,0.03,False,0.2,3,4,CAUTIOUS,0.85,CLEAR,377,CONTAGION,0.854,0,0,0,0,0,0,0,NORMAL,POSITIVE,0.0,1.0
2025-01-17,979392191.0796506,983187537.0797406,-0.0038602462469804477,0.5851384077979658,0.20749468504138033,0.07785289313931017,0.12950509088354328,RISK_ON,0.24879629592785074,1.0,NORMAL,1.0,1.0,8739.251481690446,13876100,113826.77792069034,False,1.0,0.0,3874485.4308550605,0.7926401656767705,ALERT,S2,-0.31266482043233973,15.97,264.0,50.9,4.61,928014.0333672487,589.0353393554688,518.4535522460938,104462.0390625,0.26330628,0.03,False,0.2,3,4,CAUTIOUS,0.85,CLEAR,376,CONTAGION,0.867,0,0,0,0,0,0,0,NORMAL,POSITIVE,0.0,1.0
2025-01-21,989950655.2053697,989947077.9614414,3.6135708745277384e-06,0.5863409586262928,0.20859134629138612,0.07694024621062195,0.12812383531388238,RISK_ON,0.23218966312052358,1.0,NORMAL,1.0,1.0,3577.2439283373023,13876100,113826.77792069034,False,1.0,0.0,3874485.4308550605,0.7949351774619032,ALERT,S2,-0.3136047034006714,15.06,261.0,50.9,4.57,928014.0333672487,594.4270629882812,521.4943237304688,106146.265625,0.3153125,0.03,False,0.2,3,4,CAUTIOUS,0.85,CLEAR,372,CONTAGION,0.864,0,0,0,0,0,0,0,NORMAL,POSITIVE,0.0,1.0
2025-01-22,1002284583.6594658,1002282819.1940044,1.7604466799880925e-06,0.5961370218226617,0.20118529553313458,0.07612875507438861,0.12654716712623448,RISK_ON,0.23594103067827576,1.0,NORMAL,1.0,1.0,1764.4654613396242,13876100,113826.77792069034,False,1.0,0.0,3874485.4308550605,0.7973237209992227,ALERT,S2,-0.312961134733911,15.1,259.0,50.9,4.6,928014.0333672487,597.7686157226562,528.1619873046875,103653.0703125,0.2592716648834295,0.03,False,0.2,3,4,CAUTIOUS,0.85,CLEAR,371,CONTAGION,0.836,0,0,0,0,0,0,0,NORMAL,POSITIVE,0.0,1.0
2025-01-23,999350415.2871988,1002282819.1940044,-0.0029257250056065054,0.5942958666482131,0.20237380926145368,0.0764102203323736,0.1269187191761479,RISK_ON,0.2268942364561553,1.0,NORMAL,1.0,1.0,1383.6824084615484,13876100,113826.77792069034,False,1.0,0.0,3874485.4308550605,0.7966707789655372,ALERT,S2,-0.31297652284202815,15.02,261.0,50.9,4.65,928014.0333672487,601.03125,529.2849731445312,103960.171875,0.25904164,0.03,False,0.2,3,4,CAUTIOUS,0.85,CLEAR,370,CONTAGION,0.829,0,0,0,0,0,0,0,NORMAL,POSITIVE,0.0,1.0
2025-01-24,991830620.2504551,1002282819.1940044,-0.010428392808283893,0.5896485992967395,0.20559361456342182,0.07687521041984635,0.12788098302951598,RISK_ON,0.2229031479776653,1.0,NORMAL,1.0,1.0,1579.679183045817,13876100,113826.77792069034,False,1.0,0.0,3874485.4308550605,0.7952434804368791,ALERT,S2,-0.3131263266035674,14.85,260.0,50.9,4.63,928014.0333672487,599.276611328125,526.2939453125,104819.484375,0.2505982869428394,0.03,False,0.2,3,4,CAUTIOUS,0.85,CLEAR,369,CONTAGION,0.815,0,0,0,0,0,0,0,NORMAL,POSITIVE,0.0,1.0
2025-01-27,898667094.3594264,1002282819.1940044,-0.1033797276081233,0.5533667010935314,0.2209935718323131,0.08448163585156565,0.14113822071877705,RISK_ON,0.2747733991876523,1.0,WARNING,1.0,1.0,17856.967925007415,13876100,113826.77792069034,False,1.0,0.0,3874485.4308550605,0.7743756601603523,ALERT,S2,-0.30934199793324885,17.9,266.0,50.9,4.53,928014.0333672487,590.7997436523438,510.9710693359375,102087.6875,0.19375117,0.03,False,0.2,3,4,CAUTIOUS,0.85,CLEAR,366,ELEVATED,0.706,0,0,0,0,0,0,0,NORMAL,POSITIVE,0.0,1.0
2025-01-28,913415156.724318,1002282819.1940044,-0.08866525572208273,0.5618598493008651,0.21581695366602419,0.08345783247054994,0.13885939354374408,RISK_ON,0.260222543334281,1.0,WARNING,1.0,1.0,5454.019088281551,13876100,113826.77792069034,False,1.0,0.0,3874485.4308550605,0.7776814465174399,ALERT,S2,-0.3094142152253114,16.41,266.0,50.9,4.55,928014.0333672487,595.8761596679688,518.5231323242188,101332.4765625,0.2512592210614907,0.03,False,0.2,3,4,CAUTIOUS,0.85,CLEAR,365,ELEVATED,0.673,0,0,0,0,0,0,0,NORMAL,POSITIVE,0.0,1.0
2025-01-29,917489404.9184617,1002282819.1940044,-0.08460028711629541,0.5588503632518547,0.21988533252752215,0.08301509388873643,0.13824276774909988,RISK_ON,0.2713784039449544,1.0,WARNING,1.0,1.0,5911.001447151263,13876100,113826.77792069034,False,1.0,0.0,3874485.4308550605,0.7787407128808891,ALERT,S2,-0.31053196536327393,16.56,268.0,50.9,4.55,928014.0333672487,593.204833984375,517.5493774414062,103703.2109375,0.24785985707586433,0.03,False,0.2,3,4,CAUTIOUS,0.85,CLEAR,364,ELEVATED,0.67,0,0,0,0,0,0,0,NORMAL,POSITIVE,0.0,1.0
2025-01-30,937438744.259681,1002282819.1940044,-0.06469638478535278,0.5647655206237866,0.21734783394348475,0.08154499859238737,0.13633819086098434,RISK_ON,0.2570551645826394,1.0,NORMAL,1.0,1.0,3239.7689485634373,13876100,113826.77792069034,False,1.0,0.0,4846913.149810201,0.7829282105833112,ALERT,S2,-0.31110262969009106,15.84,267.0,50.9,4.52,928014.0333672487,596.3886108398438,519.7552490234375,104735.3046875,0.26651229374999996,0.03,False,0.2,3,4,CAUTIOUS,0.85,CLEAR,363,ELEVATED,0.672,0,0,0,0,0,0,0,NORMAL,POSITIVE,0.0,1.0
2025-01-31,936631311.939466,1002282819.1940044,-0.0655019780817282,0.5691714533470693,0.21269520724655566,0.0816731082625507,0.13645572255181884,RISK_ON,0.2616967411464124,1.0,NORMAL,1.0,1.0,4222.888444907355,13876100,113826.77792069034,False,1.0,0.0,4846913.149810201,0.7818701857272936,ALERT,S2,-0.31013702136692695,16.43,268.0,50.9,4.58,928014.0333672487,593.2146606445312,519.0000610351562,102405.0234375,0.2565436298251915,0.03,False,0.2,3,4,CAUTIOUS,0.85,CLEAR,362,ELEVATED,0.649,0,0,0,0,0,0,0,NORMAL,POSITIVE,0.0,1.0
2025-02-03,923029407.2861733,1002282819.1940044,-0.07907290276766743,0.564780273146775,0.213722749860147,0.08301855067544411,0.138466555265159,RISK_ON,0.25692585866070233,1.0,NORMAL,1.0,1.0,10957.330529722498,13876100,113826.77792069034,False,1.0,0.0,4846913.149810201,0.7785122647668694,ALERT,S2,-0.30924181650938115,18.62,273.0,50.3,4.54,928014.0333672487,589.2225952148438,514.846435546875,101405.421875,0.21693410504688582,0.03,False,0.2,3,4,CAUTIOUS,0.85,CLEAR,359,ELEVATED,0.654,0,0,0,0,0,0,0,NORMAL,POSITIVE,0.45,1.0
2025-02-04,934005243.9590805,1002282819.1940044,-0.06812206487768602,0.5772437671296341,0.20385129095820423,0.08206187458577627,0.13683938421330455,RISK_ON,0.2537207355099419,1.0,NORMAL,1.0,1.0,3440.0469315363594,13876100,113826.77792069034,False,1.0,0.0,4846913.149810201,0.7810979349598599,ALERT,S2,-0.3081938456703822,17.21,271.0,50.3,4.52,928014.0333672487,593.1752319335938,521.1663818359375,97871.8203125,0.19671777000000001,0.03,False,0.2,3,4,CAUTIOUS,0.85,CLEAR,358,NORMAL,0.568,0,0,0,0,0,0,0,NORMAL,POSITIVE,0.45,1.0
2025-02-05,943266796.4387766,1002282819.1940044,-0.058881606693294564,0.5839778715522826,0.1992586242772453,0.08126645524112104,0.1354958140346811,RISK_ON,0.24833983547189964,1.0,NORMAL,1.0,1.0,1164.8351391882138,13876100,113826.77792069034,False,1.0,0.0,4846913.149810201,0.7832374630452963,ALERT,S2,-0.30800682613123864,15.77,269.0,50.3,4.43,928014.0333672487,595.580322265625,523.5313720703125,96615.4453125,0.17734065000000002,0.03,False,0.2,3,4,CAUTIOUS,0.85,CLEAR,357,NORMAL,0.553,0,0,0,0,0,0,0,NORMAL,POSITIVE,0.45,1.0
2025-02-06,949342780.3515894,1002282819.1940044,-0.052819461561744885,0.5866668041148633,0.19793794283827093,0.08076598184136573,0.13462861369001392,RISK_ON,0.25029381130788547,1.0,NORMAL,1.0,1.0,624.2075796305882,13876100,113826.77792069034,False,1.0,0.0,4846913.149810201,0.784605262843245,ALERT,S2,-0.30819781677390096,15.5,266.0,50.3,4.45,928014.0333672487,597.6503295898438,526.2640380859375,96593.296875,0.210246495,0.03,False,0.2,3,4,CAUTIOUS,0.85,CLEAR,356,NORMAL,0.553,0,0,0,0,0,0,0,NORMAL,POSITIVE,0.45,1.0
2025-02-07,940351999.0178093,1002282819.1940044,-0.06178976531394342,0.5827160704010051,0.1996976050686484,0.08166817396693453,0.13591580872785203,RISK_ON,0.2579644020202051,1.0,NORMAL,1.0,1.0,2202.149750115761,13876100,113826.77792069034,False,1.0,0.0,4846913.149810201,0.7824155077581123,ALERT,S2,-0.30782293929594834,16.54,267.0,50.3,4.49,928014.0333672487,592.1797485351562,519.6261596679688,96529.0859375,0.204605055,0.03,False,0.2,3,4,CAUTIOUS,0.85,CLEAR,355,NORMAL,0.573,0,0,0,0,0,0,0,NORMAL,POSITIVE,0.45,1.0
2025-02-10,955262768.5306776,1002282819.1940044,-0.04691295686494801,0.586881666619941,0.19843059734545376,0.08089297024050808,0.1337942884887525,RISK_ON,0.23737115083543947,1.0,NORMAL,1.0,1.0,455.95202498954495,13876100,113826.77792069034,False,1.0,0.0,4846913.149810201,0.7853126387993143,ALERT,S2,-0.30849551248955953,15.81,266.0,50.3,4.51,928014.0333672487,596.2013549804688,525.916259765625,97437.5546875,0.22215790500000002,0.03,False,0.2,3,4,CAUTIOUS,0.85,CLEAR,352,NORMAL,0.559,0,0,0,0,0,0,0,NORMAL,POSITIVE,0.45,1.0
2025-02-11,937573852.9313617,1002282819.1940044,-0.06456158383985777,0.5826375600367559,0.19866746578712827,0.08237586347713814,0.1363185439053776,RISK_ON,0.24988415836177297,1.0,NORMAL,1.0,1.0,531.4108592930768,13876100,113826.77792069034,False,1.0,0.0,4846913.149810201,0.7813054686628235,ALERT,S2,-0.30725222449090467,16.02,266.0,50.3,4.54,928014.0333672487,596.6548461914062,524.6641845703125,95747.4296875,0.48,0.03,False,0.2,3,4,CAUTIOUS,0.85,CLEAR,351,NORMAL,0.574,0,0,0,0,0,0,0,NORMAL,POSITIVE,0.0,1.0
2025-02-12,934035183.7482402,1002282819.1940044,-0.06809219327998273,0.5765134927219762,0.2038739968360178,0.08277708665063412,0.13683499793066406,RISK_ON,0.25991880045167737,1.0,NORMAL,1.0,1.0,397.7688846169919,13876100,113826.77792069034,False,1.0,0.0,4846913.149810201,0.7803878218945044,ALERT,S2,-0.30794304536069017,15.89,265.0,50.3,4.62,928014.0333672487,594.732666015625,524.9722290039062,97885.859375,0.20915278073556198,0.03,False,0.2,3,4,CAUTIOUS,0.85,CLEAR,350,NORMAL,0.552,0,0,0,0,0,0,0,NORMAL,POSITIVE,0.0,1.0
2025-02-13,940098096.8730283,1002282819.1940044,-0.062043089166172294,0.5817942294813058,0.19994767416551637,0.08230552175660621,0.13593555937613647,RISK_ON,0.24257612272473267,1.0,NORMAL,1.0,1.0,15995.976349023891,11256500,129768.54640212584,False,1.0,0.0,4846913.149810201,0.7817419487235692,ALERT,S2,-0.30812264911484033,15.1,265.0,50.3,4.52,928014.0333672487,601.0115356445312,532.5244140625,96623.8671875,0.171170325,0.03,False,0.2,3,4,CAUTIOUS,0.85,CLEAR,349,NORMAL,0.535,0,0,0,0,0,0,0,NORMAL,POSITIVE,0.0,1.0
2025-02-14,944038850.3363966,1002282819.1940044,-0.058111311240918284,0.5822321991057335,0.20093695234732947,0.08145014121689274,0.13536811606994675,RISK_ON,0.23925732586923132,1.0,NORMAL,1.0,1.0,11886.63870673963,11256500,129768.54640212584,False,1.0,0.0,4846913.149810201,0.7831790126637144,ALERT,S2,-0.30878906131353406,14.77,262.0,50.3,4.47,928014.0333672487,600.9819946289062,534.76025390625,97508.96875,0.21947824117463538,0.03,False,0.2,3,4,CAUTIOUS,0.85,CLEAR,348,NORMAL,0.542,0,0,0,0,0,0,0,NORMAL,POSITIVE,0.0,1.0
2025-02-18,951457249.6677116,1002282819.1940044,-0.05070980820280313,0.5888428335570622,0.19534352145307193,0.08148858957556288,0.1343126669238234,RISK_ON,0.2405362126066109,1.0,NORMAL,1.0,1.0,11787.11907912361,11256500,129768.54640212584,False,1.0,0.0,4846913.149810201,0.7841960700156816,ALERT,S2,-0.30802635444554743,15.35,262.0,50.3,4.55,928014.0333672487,602.7463989257812,535.9724731445312,95539.546875,0.24469154482336863,0.03,False,0.2,3,4,CAUTIOUS,0.85,CLEAR,344,NORMAL,0.521,0,0,0,0,0,0,0,NORMAL,POSITIVE,0.0,1.0
2025-02-19,941429335.5536993,1002282819.1940044,-0.06071488254107871,0.582324252530877,0.1996892001442543,0.08223159052220472,0.1357433381781283,RISK_ON,0.24623247773243478,1.0,NORMAL,1.0,1.0,10938.113976549206,11256500,129768.54640212584,False,1.0,0.0,4846913.149810201,0.7820225387013869,ALERT,S2,-0.30815810894212387,15.27,268.0,50.3,4.53,928014.0333672487,604.1658325195312,536.1216430664062,96635.609375,0.2336784,0.03,False,0.2,3,4,CAUTIOUS,0.85,CLEAR,343,NORMAL,0.5,0,0,0,0,0,0,0,NORMAL,POSITIVE,0.0,1.0
2025-02-20,936368066.164208,1002282819.1940044,-0.06576462428319618,0.5766952157273891,0.2042969816813896,0.0825156479311732,0.1364770599133886,RISK_ON,0.24367676456484727,1.0,NORMAL,1.0,1.0,14134.238738796885,11256500,129768.54640212584,False,1.0,0.0,4846913.149810201,0.7810039864660945,ALERT,S2,-0.3087097792017476,15.66,266.0,50.3,4.5,928014.0333672487,601.6522827148438,533.845947265625,98333.9375,0.22130709,0.03,False,0.2,3,4,CAUTIOUS,0.85,CLEAR,342,NORMAL,0.457,0,0,0,0,0,0,0,NORMAL,POSITIVE,0.0,1.0
2025-02-21,908412521.5630957,1002282819.1940044,-0.09365649678241061,0.5686667563701828,0.2058547187068162,0.08474677615767567,0.14067701361820156,RISK_ON,0.2844157052080861,1.0,WARNING,1.0,1.0,49722.09301672642,11256500,129768.54640212584,False,1.0,0.0,4846913.149810201,0.7745638709444319,ALERT,S2,-0.3069397556354809,18.21,278.0,50.3,4.42,928014.0333672487,591.361572265625,522.7662963867188,96125.546875,0.48595656644706714,0.03,False,0.2,3,4,CAUTIOUS,0.85,CLEAR,341,NORMAL,0.431,0,0,0,0,0,0,0,NORMAL,POSITIVE,0.45,1.0
2025-02-24,876192294.9265192,1002282819.1940044,-0.12580333799284538,0.35227812573510764,0.02000625261105082,0.08789361734552009,0.5397403503566272,RISK_ON,0.2865506821609086,1.0,DELEVERAGE_1,0.6,0.6,71544.56332486536,11256500,129768.54640212584,False,1.0,0.0,4846913.149810201,0.7663293046289712,ALERT,S8,-0.14985677136794492,18.98,278.0,50.3,4.4,1273483.07798841,588.6705932617188,516.5952758789062,91418.171875,0.20871325,0.03,False,0.02,0,3,CAUTIOUS,0.85,CLEAR,338,NORMAL,0.489,0,0,0,0,0,0,0,NORMAL,POSITIVE,0.45,1.0
2025-02-25,864773262.1676375,1002282819.1940044,-0.1371963625366207,0.3448217087762507,0.019675740291363045,0.08851940372382446,0.5468674355842205,RISK_ON,0.28035511712868116,1.0,DELEVERAGE_1,0.6,0.6,100064.31885232333,11256500,129768.54640212584,False,1.0,0.0,4846913.149810201,0.36453963054040034,ALERT,S8,-0.1468907638734147,19.43,284.0,50.3,4.3,1273483.07798841,585.7430419921875,510.0866394042969,88736.171875,0.203616025,0.03,False,0.02,0,3,CAUTIOUS,0.85,CLEAR,337,NORMAL,0.495,0,0,0,0,0,0,0,NORMAL,POSITIVE,0.45,1.0
2025-02-26,872917290.7981496,1002282819.1940044,-0.12907088290696767,0.35187614821964963,0.018528032792486236,0.08772854441547838,0.5417653438975952,RISK_ON,0.2867496926161791,1.0,DELEVERAGE_1,0.6,0.6,88977.04848725615,11256500,129768.54640212584,False,1.0,0.0,4846913.149810201,0.3704419404090924,ALERT,S8,-0.14943423576020556,19.1,281.0,50.3,4.25,1273483.07798841,586.0387573242188,511.3188171386719,84347.0234375,0.2503072463816431,0.03,False,0.02,0,3,CAUTIOUS,0.85,CLEAR,336,NORMAL,0.426,0,0,0,0,0,0,0,NORMAL,POSITIVE,0.45,1.0
2025-02-27,854092484.7016307,1002282819.1940044,-0.14785281325239363,0.3376692952725843,0.019016598025506645,0.08938190137522448,0.5537062375728848,RISK_ON,0.29425308280954215,1.0,DELEVERAGE_1,0.6,0.6,192997.36030523657,11256500,129768.54640212584,False,1.0,0.0,4846913.149810201,0.3567665110252182,ALERT,S8,-0.14397886440136376,21.13,281.0,50.3,4.29,1273483.07798841,576.6844482421875,497.1187744140625,84704.2265625,0.19287993125,0.03,False,0.02,0,3,CAUTIOUS,0.85,CLEAR,335,NORMAL,0.405,0,0,0,0,0,0,0,NORMAL,POSITIVE,0.45,1.0
2025-02-28,859434333.112037,1002282819.1940044,-0.1425231315416945,0.34211786535135974,0.018824501231030046,0.08865214376062193,0.5502646543465081,RISK_ON,0.3016381623738366,1.0,DELEVERAGE_1,0.6,0.6,121038.7011411109,11256500,129768.54640212584,False,1.0,0.0,4846913.149810201,0.36099320717280325,ALERT,S8,-0.14569565624647413,19.63,287.0,50.3,4.24,1273483.07798841,585.6838989257812,504.96905517578125,84373.0078125,0.48,0.03,False,0.02,0,3,CAUTIOUS,0.85,CLEAR,334,NORMAL,0.349,0,0,0,0,0,0,0,NORMAL,POSITIVE,0.45,1.0
2025-03-03,842239504.2183369,1002282819.1940044,-0.15967879715265187,0.3281657807747697,0.01959417585495953,0.09046509957802568,0.5614986400837603,WATCH,0.3285032581693427,1.0,DELEVERAGE_1,0.6,0.6,232713.89844786294,11256500,129768.54640212584,False,1.0,0.0,4846913.149810201,0.3478560705520417,ALERT,S8,-0.14035608906576214,22.78,294.0,49.0,4.16,1273483.07798841,575.4227905273438,493.9190673828125,86065.671875,0.44540988000000004,0.03,False,0.02,0,3,CAUTIOUS,0.85,CLEAR,331,NORMAL,0.31,0,0,0,0,0,0,0,NORMAL,POSITIVE,0.45,1.0
2025-03-04,844075332.6809634,1002282819.1940044,-0.15784715000928096,0.3294295373676115,0.019814287050890812,0.09017845093226405,0.5602774040811422,WATCH,0.32581155324194583,1.0,DELEVERAGE_1,0.6,0.6,253493.18342274404,11256500,129768.54640212584,False,1.0,0.0,4846913.149810201,0.3493487410308707,ALERT,S8,-0.14088230860271078,23.51,299.0,49.0,4.22,1273483.07798841,568.6116333007812,492.4285583496094,87222.1953125,0.17501049000000002,0.03,False,0.02,0,3,CAUTIOUS,0.85,CLEAR,330,NORMAL,0.233,0,0,0,0,0,0,0,NORMAL,POSITIVE,0.45,1.0
2025-03-05,851093410.112079,1002282819.1940044,-0.15084505709027907,0.33428668382781984,0.02041721718293356,0.089428651016399,0.5556573821681208,WATCH,0.2896125558005797,1.0,DELEVERAGE_1,0.6,0.6,178785.62209285892,11256500,129768.54640212584,False,1.0,0.0,4846913.149810201,0.35477842782669455,ALERT,S8,-0.14290091794766716,21.93,288.0,49.0,4.28,1273483.07798841,574.722900390625,498.8478698730469,90623.5625,0.12853962,0.03,False,0.02,0,3,CAUTIOUS,0.85,CLEAR,329,NORMAL,0.238,0,0,0,0,0,0,0,NORMAL,POSITIVE,0.45,1.0
2025-03-06,830759990.1162852,1002282819.1940044,-0.17113216528609254,0.3181989118075033,0.02076418334813192,0.09137756773231448,0.5692574773337609,WATCH,0.3092790119527613,1.0,DELEVERAGE_1,0.6,0.6,333849.02543982764,11256500,129768.54640212584,False,1.0,0.0,4846913.149810201,0.33909936555149384,ALERT,S8,-0.13666689014528524,24.87,299.0,49.0,4.29,1273483.07798841,564.5209350585938,485.12481689453125,89961.7265625,0.15365815003269365,0.03,False,0.02,0,3,CAUTIOUS,0.85,CLEAR,328,NORMAL,0.269,0,0,0,0,0,0,0,NORMAL,POSITIVE,0.45,1.0
2025-03-07,838144508.437477,1002282819.1940044,-0.16376446609004114,0.32496052639272954,0.01984479135171765,0.09062694935839775,0.5642420029990506,WATCH,0.306521979598281,1.0,DELEVERAGE_1,0.6,0.6,273008.7253302079,11256500,129768.54640212584,False,1.0,0.0,4846913.149810201,0.34491766774121496,ALERT,S8,-0.13914148213220345,23.37,297.0,49.0,4.32,1273483.07798841,567.6849975585938,488.6922302246094,86742.671875,0.10554461999999999,0.03,False,0.02,0,3,CAUTIOUS,0.85,CLEAR,327,NORMAL,0.225,0,0,0,0,0,0,0,NORMAL,POSITIVE,0.45,1.0
2025-03-10,816294863.6168332,1002282819.1940044,-0.18556434572702274,0.17392043027952006,0.01844727575468506,0.09230210400507681,0.7146696008563392,WATCH,0.3630673860523541,1.0,DELEVERAGE_2,0.3,0.3,539235.4928656238,11256500,129768.54640212584,False,1.0,0.0,4846913.149810201,0.32804562722299346,ALERT,S8,-0.07859676705990028,27.86,316.0,49.0,4.22,1439429.179318463,552.5643920898438,469.7522888183594,78532.0,0.178943605,0.03,False,0.02,0,2,CAUTIOUS,0.85,CLEAR,324,NORMAL,0.281,0,0,0,0,0,0,0,NORMAL,NEUTRAL,0.45,1.0
2025-03-11,820728459.861781,1002282819.1940044,-0.18114084752866677,0.17718119711984673,0.01935930086130327,0.09199919761046359,0.710808937295009,WATCH,0.3178569907008765,1.0,DELEVERAGE_2,0.3,0.3,534595.5277668402,11256500,129768.54640212584,False,1.0,0.0,4846913.149810201,0.19666860144036216,ALERT,S8,-0.0800382532407881,26.92,322.0,49.0,4.28,1439429.179318463,547.9710083007812,468.62939453125,82862.2109375,0.18503809,0.03,False,0.02,0,2,CAUTIOUS,0.85,CLEAR,323,NORMAL,0.306,0,0,0,0,0,0,0,NORMAL,NEUTRAL,0.45,1.0
2025-03-12,827765369.1131905,1002282819.1940044,-0.17411996568109767,0.18377328390372202,0.019393975885166368,0.09155630859686095,0.7047662853872656,WATCH,0.28444595189835653,1.0,DELEVERAGE_2,0.3,0.3,422281.3798820359,11256500,129768.54640212584,False,1.0,0.0,4846913.149810201,0.20327095770101525,ALERT,S8,-0.08263063483127817,24.23,320.0,49.0,4.32,1439429.179318463,550.8788452148438,473.9158935546875,83722.359375,0.148759645,0.03,False,0.02,0,3,CAUTIOUS,0.85,CLEAR,322,NORMAL,0.328,0,0,0,0,0,0,0,NORMAL,POSITIVE,0.45,1.0
2025-03-13,824613571.1177309,1002282819.1940044,-0.17726458507903786,0.18080128847128557,0.01885057833525631,0.09223875509426997,0.707460008900135,WATCH,0.29627662876537036,1.0,DELEVERAGE_2,0.3,0.3,535478.6542049084,11256500,129768.54640212584,False,1.0,0.0,4846913.149810201,0.1997815988233553,ALERT,S8,-0.08132898202400177,24.66,340.0,49.0,4.27,1439429.179318463,543.5353393554688,465.389892578125,81066.703125,0.14245134999999998,0.03,False,0.02,0,3,CAUTIOUS,0.85,CLEAR,321,NORMAL,0.314,0,0,0,0,0,0,0,NORMAL,POSITIVE,0.45,1.0
2025-03-14,832449255.1096786,1002282819.1940044,-0.16944674779609525,0.18747908609180322,0.019341688428092172,0.09167713213722953,0.7010880249046674,RISK_ON,0.2839247571460602,1.0,DELEVERAGE_2,0.3,0.3,344690.9629505223,11256500,129768.54640212584,False,1.0,0.0,5085992.885894141,0.2069659132597265,ALERT,S8,-0.08404847008662857,21.77,325.0,49.0,4.31,1439429.179318463,554.762451171875,476.6386413574219,83969.1015625,0.140736405,0.03,False,0.02,0,3,CAUTIOUS,0.85,CLEAR,320,NORMAL,0.326,0,0,0,0,0,0,0,NORMAL,POSITIVE,0.45,1.0
2025-03-17,833115387.1617584,1002282819.1940044,-0.16878213293956656,0.18795752203509214,0.0193507551272525,0.09182604884653743,0.7005274576508211,RISK_ON,0.29068178123348976,1.0,DELEVERAGE_2,0.3,0.3,281773.2372908651,11256500,129768.54640212584,False,1.0,0.0,5085992.885894141,0.20737841593123746,ALERT,S8,-0.08422968332884365,20.51,318.0,49.0,4.31,1439429.179318463,559.04052734375,479.72900390625,84075.6875,0.144584235,0.03,False,0.02,0,3,CAUTIOUS,0.85,CLEAR,317,NORMAL,0.335,0,0,0,0,0,0,0,NORMAL,POSITIVE,0.45,1.0
2025-03-18,828389702.4987917,1002282819.1940044,-0.1734970542895773,0.18321481286112754,0.019146994141547722,0.09264061420343597,0.704523731207363,RISK_ON,0.3047242999737598,1.0,DELEVERAGE_2,0.3,0.3,392530.46123186464,11256500,129768.54640212584,False,1.0,0.0,5085992.885894141,0.20245774111467593,ALERT,S8,-0.08230516503280425,21.7,323.0,49.0,4.29,1439429.179318463,552.9981079101562,471.5508728027344,82718.5,0.14493481,0.03,False,0.02,0,3,CAUTIOUS,0.85,CLEAR,316,NORMAL,0.337,0,0,0,0,0,0,0,NORMAL,POSITIVE,0.0,1.0
2025-03-19,832316768.9625525,1002282819.1940044,-0.1695789321901494,0.18615356870370228,0.020009441105341426,0.09229287177840263,0.7011996223813488,RISK_ON,0.27743617836970746,1.0,DELEVERAGE_2,0.3,0.3,286729.82361288095,11256500,129768.54640212584,False,1.0,0.0,5085992.885894141,0.20623405662304967,ALERT,S8,-0.08362277093912855,19.9,319.0,49.0,4.25,1439429.179318463,559.020751953125,477.86090087890625,86854.2265625,0.20050896,0.03,False,0.02,0,3,CAUTIOUS,0.85,CLEAR,315,NORMAL,0.402,0,0,0,0,0,0,0,NORMAL,POSITIVE,0.0,1.0
2025-03-20,831981110.7341665,1002282819.1940044,-0.16991382591670856,0.18653822177535365,0.01939822690005773,0.09221964415954763,0.7014825175336027,RISK_ON,0.2822244573317092,1.0,DELEVERAGE_2,0.3,0.3,300669.34697185695,11256500,129768.54640212584,False,1.0,0.0,5085992.885894141,0.20601089887822926,ALERT,S8,-0.08365842531626666,19.8,317.0,49.0,4.24,1439429.179318463,557.4041137695312,476.2411804199219,84167.1953125,0.20032419,0.03,False,0.02,0,3,CAUTIOUS,0.85,CLEAR,314,NORMAL,0.406,0,0,0,0,0,0,0,NORMAL,POSITIVE,0.0,1.0
2025-03-21,832247097.6801603,1002282819.1940044,-0.16964844478784946,0.18701420440882563,0.019363468548014486,0.09203706973798728,0.7012583230689696,RISK_ON,0.27427434626895075,1.0,DELEVERAGE_2,0.3,0.3,272090.0692121993,11256500,129768.54640212584,False,1.0,0.0,5085992.885894141,0.20644516694981468,ALERT,S8,-0.08385188191500624,19.28,321.0,49.0,4.25,1439429.179318463,557.5880737304688,477.8111877441406,84043.2421875,0.18730047,0.03,False,0.02,0,3,CAUTIOUS,0.85,CLEAR,313,NORMAL,0.407,0,0,0,0,0,0,0,NORMAL,POSITIVE,0.0,1.0
2025-03-24,840014043.4484262,1002282819.1940044,-0.16189918916904933,0.19393945322457784,0.019973251104921274,0.09114772284538304,0.6947743417506784,RISK_ON,0.2652477192570996,1.0,DELEVERAGE_2,0.3,0.3,138796.42294317484,11256500,129768.54640212584,False,1.0,0.0,5085992.885894141,0.21394805519653343,ALERT,S8,-0.0867023559134804,17.48,305.0,49.0,4.34,1439429.179318463,567.5736083984375,488.29644775390625,87498.9140625,0.48299999999999993,0.03,False,0.02,0,3,CAUTIOUS,0.85,CLEAR,310,NORMAL,0.435,0,0,0,0,0,0,0,NORMAL,POSITIVE,0.0,1.0
2025-03-25,839153374.795949,1002282819.1940044,-0.16275789754556258,0.19302159255391313,0.019987518683376445,0.09137054808368723,0.6954869295974898,RISK_ON,0.2776193477350358,1.0,DELEVERAGE_2,0.3,0.3,111952.35930390199,11256500,129768.54640212584,False,1.0,0.0,5085992.885894141,0.21303753280494833,ALERT,S8,-0.08633701235220458,17.15,309.0,49.0,4.31,1439429.179318463,568.9379272460938,491.08294677734375,87471.703125,0.48299999999999993,0.03,False,0.02,0,3,CAUTIOUS,0.85,CLEAR,309,NORMAL,0.434,0,0,0,0,0,0,0,NORMAL,POSITIVE,0.0,1.0
2025-03-26,829885609.403929,1002282819.1940044,-0.17200455449162577,0.18402679464430918,0.02007883913214899,0.09240095195982313,0.7032537948421534,RISK_ON,0.2898726831317302,1.0,DELEVERAGE_2,0.3,0.3,198856.70969066425,11256500,129768.54640212584,False,1.0,0.0,5085992.885894141,0.20415455317239925,ALERT,S8,-0.08281510804545257,18.33,319.0,49.0,4.35,1439429.179318463,562.1458740234375,482.04669189453125,86900.8828125,0.48299999999999993,0.03,False,0.02,0,3,CAUTIOUS,0.85,CLEAR,308,NORMAL,0.427,0,0,0,0,0,0,0,NORMAL,POSITIVE,0.0,1.0
2025-03-27,826225619.7089329,1002282819.1940044,-0.1756562081216254,0.17997776097597873,0.02023188807427282,0.09314434159192005,0.7063690476020423,RISK_ON,0.2734345174980418,1.0,DELEVERAGE_2,0.3,0.3,228832.89830993916,11256500,129768.54640212584,False,1.0,0.0,5085992.885894141,0.20026511482807702,ALERT,S8,-0.08123037348896599,18.69,327.0,49.0,4.38,1439429.179318463,560.6529541015625,479.29998779296875,87177.1015625,0.48299999999999993,0.03,False,0.02,0,3,CAUTIOUS,0.85,CLEAR,307,NORMAL,0.431,0,0,0,0,0,0,0,NORMAL,POSITIVE,0.0,1.0
2025-03-28,821574439.0022525,1002282819.1940044,-0.1802967952070359,0.1757441097578803,0.019687339189927527,0.09368199295533043,0.7103680158391662,RISK_ON,0.28587799203434877,1.0,DELEVERAGE_2,0.3,0.3,426021.0644651559,11256500,129768.54640212584,False,1.0,0.0,5085992.885894141,0.19553284098862772,ALERT,S8,-0.079446953420153,21.65,347.0,49.0,4.27,1439429.179318463,549.3623657226562,466.68109130859375,84353.1484375,0.22422447,0.03,False,0.02,0,3,CAUTIOUS,0.85,CLEAR,306,NORMAL,0.442,0,0,0,0,0,0,0,NORMAL,POSITIVE,0.0,1.0
2025-03-31,819515174.8664753,1002282819.1940044,-0.1823513691220443,0.17391972620251347,0.01931465745452516,0.09409605724843806,0.7125865250364497,RISK_ON,0.34277987727656367,1.0,DELEVERAGE_2,0.3,0.3,68047.67062205987,9828000,-225498.02813183956,False,1.0,0.0,5085992.885894141,0.19333424897274804,ALERT,S8,-0.07900048237193667,22.28,355.0,49.0,4.23,1439429.179318463,553.0501098632812,466.6611633300781,82548.9140625,0.18214192499999998,0.03,False,0.02,0,3,CAUTIOUS,0.85,CLEAR,303,NORMAL,0.432,0,0,0,0,0,0,0,NORMAL,POSITIVE,0.45,1.0
2025-04-01,822611079.8517224,1002282819.1940044,-0.17926251543129001,0.17641246789655285,0.019852742762705593,0.0937662997845325,0.7099046985581609,WATCH,0.31947632725276187,1.0,DELEVERAGE_2,0.3,0.3,52475.18178928865,9828000,-225498.02813183956,False,1.0,0.0,5085992.885894141,0.19627773141163984,ALERT,S8,-0.08008764349921287,21.77,350.0,48.7,4.17,1439429.179318463,554.6121826171875,470.4229736328125,85169.171875,0.19026537406932853,0.03,False,0.02,0,3,CAUTIOUS,0.85,CLEAR,302,NORMAL,0.471,0,0,0,0,0,0,0,NORMAL,POSITIVE,0.45,1.0
2025-04-02,825028619.0130923,1002282819.1940044,-0.1768504825049808,0.17951064234626296,0.019170893462010976,0.09344305326919758,0.7078245011322123,WATCH,0.3226762021237502,1.0,DELEVERAGE_2,0.3,0.3,42002.033998699764,9828000,-225498.02813183956,False,1.0,0.0,5085992.885894141,0.19869165115857199,ALERT,S8,-0.08117129884181053,21.51,342.0,48.7,4.2,1439429.179318463,558.1220092773438,473.8563232421875,82485.7109375,0.15258141778100928,0.03,False,0.02,0,3,CAUTIOUS,0.85,CLEAR,301,NORMAL,0.457,0,0,0,0,0,0,0,NORMAL,POSITIVE,0.0,1.0
2025-04-03,810929814.2043407,1002282819.1940044,-0.19091717559674637,0.16525584196022491,0.01965011885958274,0.09466030885872678,0.7201307196304267,WATCH,0.39060313821070763,1.0,DELEVERAGE_2,0.3,0.3,245720.40338602988,9828000,-225498.02813183956,False,1.0,0.0,5085992.885894141,0.18496200628514803,ALERT,S8,-0.07566990052939467,30.02,401.0,48.7,4.06,1439429.179318463,530.6173095703125,448.4891052246094,83102.828125,0.15457818906932855,0.03,False,0.02,0,2,CAUTIOUS,0.85,CLEAR,300,NORMAL,0.441,0,0,0,0,0,0,0,ELEVATED,NEGATIVE,0.45,1.0
2025-04-04,798720599.1758031,1002282819.1940044,-0.20309858267539482,0.15251874820769976,0.02012837607568487,0.09529389616224837,0.7311386125202509,WATCH,0.4921770937052784,1.0,DELEVERAGE_2,0.3,0.3,735116.1089508949,9828000,-225498.02813183956,False,1.0,0.0,5085992.885894141,0.17280616938497842,ALERT,S8,-0.07079143820107306,45.31,445.0,48.7,4.01,1439429.179318463,499.5533447265625,420.63397216796875,83843.8046875,0.16648959906932853,0.03,False,0.02,0,2,CAUTIOUS,0.85,CLEAR,299,NORMAL,0.417,0,0,0,0,0,0,0,ACTIVE,NEGATIVE,0.45,1.0
2025-04-07,801257949.6315427,1002282819.1940044,-0.20056701133929233,0.15672576668816757,0.018961784120142308,0.09456837666732744,0.7288233095737526,WATCH,0.480113765023784,1.0,DELEVERAGE_2,0.3,0.3,737768.633902587,9828000,-225498.02813183956,False,1.0,0.0,5085992.885894141,0.175849466481931,ALERT,S8,-0.07225159059075592,46.98,461.00000000000006,48.7,4.15,1439429.179318463,498.6635437011719,421.6490783691406,79235.3359375,0.14318799906932853,0.03,False,0.02,0,2,CAUTIOUS,0.85,CLEAR,296,NORMAL,0.301,0,0,0,0,0,0,0,ACTIVE,NEGATIVE,0.45,1.0
2025-04-08,798561859.0001745,1002282819.1940044,-0.20325696130125637,0.1543728021255,0.018314242051872476,0.09489971065351593,0.7312839501299203,WATCH,0.49308457859937016,1.0,DELEVERAGE_2,0.3,0.3,901811.9458563908,9828000,-225498.02813183956,False,1.0,0.0,5085992.885894141,0.17288227927772493,ALERT,S8,-0.0711952828320059,52.33,457.0,48.7,4.26,1439429.179318463,490.8531188964844,414.0557861328125,76271.953125,0.12890043906932855,0.03,False,0.02,0,2,CAUTIOUS,0.85,CLEAR,295,NORMAL,0.281,0,0,0,0,0,0,0,ACTIVE,NEGATIVE,0.45,1.0
2025-04-09,823150371.3576926,1002282819.1940044,-0.1787244522263316,0.17777720763195207,0.019235192793878888,0.09331141055901439,0.709439600579344,WATCH,0.4468870448353939,1.0,DELEVERAGE_2,0.3,0.3,194747.85879644688,9828000,-225498.02813183956,False,1.0,0.0,5085992.885894141,0.19705902231168204,ALERT,S8,-0.08051807019173172,33.62,437.0,48.7,4.34,1439429.179318463,542.4021606445312,463.7552490234375,82573.953125,0.21542956906932853,0.03,False,0.02,0,2,CAUTIOUS,0.85,CLEAR,294,NORMAL,0.495,0,0,0,0,0,0,0,ELEVATED,NEGATIVE,0.45,1.0
2025-04-10,812827925.2554189,1002282819.1940044,-0.18902338772098037,0.1674633280292874,0.018784069935782136,0.09478790672661212,0.7184490745556442,WATCH,0.4411210964529118,1.0,DELEVERAGE_2,0.3,0.3,419110.9466147575,9828000,-225498.02813183956,False,1.0,0.0,5085992.885894141,0.18634348053075672,ALERT,S8,-0.07633539614770067,40.72,442.0,48.7,4.4,1439429.179318463,518.6345825195312,444.0306701660156,79626.140625,0.18480870406932853,0.03,False,0.02,0,2,CAUTIOUS,0.85,CLEAR,293,NORMAL,0.542,0,0,0,0,0,0,0,ACTIVE,NEGATIVE,0.45,1.0
2025-04-11,816533441.2143016,1002282819.1940044,-0.18532631151861412,0.17001774044325754,0.019586187243643027,0.09482946833669542,0.7151886759276942,WATCH,0.4111038017628782,1.0,DELEVERAGE_2,0.3,0.3,308590.89014433906,9828000,-225498.02813183956,False,1.0,0.0,5085992.885894141,0.1896756114206126,ALERT,S8,-0.0774642253787758,37.56,426.0,48.7,4.48,1439429.179318463,527.8884887695312,452.21112060546875,83404.8359375,0.1780961790693285,0.03,False,0.02,0,2,CAUTIOUS,0.85,CLEAR,292,NORMAL,0.554,0,0,0,0,0,0,0,ACTIVE,NEGATIVE,0.45,1.0
2025-04-14,817159021.4054092,1002282819.1940044,-0.18470215616133612,0.17077807542196735,0.01983812353210484,0.09451449610685071,0.7146411596464747,WATCH,0.3909854558688731,1.0,DELEVERAGE_2,0.3,0.3,186430.98404127336,9828000,-225498.02813183956,False,1.0,0.0,5085992.885894141,0.1906596970664469,ALERT,S8,-0.07782294292170858,30.89,413.99999999999994,48.7,4.38,1439429.179318463,533.0098266601562,455.2762756347656,84542.390625,0.17148894906932854,0.03,False,0.02,0,2,CAUTIOUS,0.85,CLEAR,289,ELEVATED,0.613,0,0,0,0,0,0,0,ELEVATED,NEGATIVE,0.45,1.0
2025-04-15,818857099.952598,1002282819.1940044,-0.183007945191468,0.1724565684235243,0.019592464319033887,0.09458303650365016,0.7131591955501703,WATCH,0.39987491970672695,1.0,DELEVERAGE_2,0.3,0.3,170924.303495483,9828000,-225498.02813183956,False,1.0,0.0,5085992.885894141,0.19208912850591034,ALERT,S8,-0.07842475626029115,30.12,409.0,48.7,4.35,1439429.179318463,531.5169067382812,455.7837829589844,83668.9921875,0.19131152406932855,0.03,False,0.02,0,2,CAUTIOUS,0.85,CLEAR,288,ELEVATED,0.608,0,0,0,0,0,0,0,ELEVATED,NEGATIVE,0.45,1.0
2025-04-16,814061525.1543629,1002282819.1940044,-0.18779259749359123,0.16661827001269022,0.019793826826649662,0.09587591197622847,0.7173603623657392,WATCH,0.38595642766266813,1.0,DELEVERAGE_2,0.3,0.3,286247.49243305635,9828000,-225498.02813183956,False,1.0,0.0,5085992.885894141,0.18647766776136734,ALERT,S8,-0.07611277372356301,32.64,416.0,48.7,4.29,1439429.179318463,519.7023315429688,442.04034423828125,84033.8671875,0.19203969906932855,0.03,False,0.02,0,2,CAUTIOUS,0.85,CLEAR,287,NORMAL,0.592,0,0,0,0,0,0,0,ELEVATED,NEGATIVE,0.45,1.0
2025-04-17,813260601.3003768,1002282819.1940044,-0.1885916971475493,0.16575581446024829,0.02001653322525589,0.09586536001005638,0.7180668407383595,WATCH,0.36064220915509565,1.0,DELEVERAGE_2,0.3,0.3,240279.11828533432,9828000,-225498.02813183956,False,1.0,0.0,5085992.885894141,0.18582725063772543,ALERT,S8,-0.07582467553140701,29.65,401.99999999999994,48.7,4.34,1439429.179318463,520.44384765625,441.96075439453125,84895.75,0.17913095406932855,0.03,False,0.02,0,2,CAUTIOUS,0.85,CLEAR,286,ELEVATED,0.627,0,0,0,0,0,0,0,ELEVATED,NEUTRAL,0.45,1.0
2025-04-21,808393668.3388644,1002282819.1940044,-0.19344754508618422,0.1593573320821821,0.020759248317495878,0.09703304095451058,0.7223899611593046,WATCH,0.38374683178069635,1.0,DELEVERAGE_2,0.3,0.3,372198.5808845496,9828000,-225498.02813183956,False,1.0,0.0,5085992.885894141,0.18019954742237185,ALERT,S8,-0.0734354491529613,33.82,416.0,48.7,4.42,1439429.179318463,508.0558776855469,431.02362060546875,87518.90625,0.12543595994657744,0.03,False,0.02,0,2,CAUTIOUS,0.85,CLEAR,282,ELEVATED,0.654,0,0,0,0,0,0,0,ELEVATED,NEGATIVE,0.45,1.0
2025-04-22,813281132.6244098,1002282819.1940044,-0.18857121258606646,0.16324600397301425,0.022030967279496848,0.09638729102420197,0.7180487131040235,WATCH,0.35933273791600523,1.0,DELEVERAGE_2,0.3,0.3,233431.70744570048,9828000,-225498.02813183956,False,1.0,0.0,5085992.885894141,0.18533016557272267,ALERT,S8,-0.07523433407750578,30.57,399.0,48.7,4.41,1439429.179318463,521.2743530273438,442.33892822265625,93441.890625,0.4352744064800009,0.12,False,0.02,0,2,CAUTIOUS,0.85,CLEAR,281,NORMAL,0.561,0,0,0,0,0,0,0,NORMAL,NEGATIVE,0.0,1.0
2025-04-23,819752427.9191207,1002282819.1940044,-0.18211465644164926,0.17040234582839722,0.02191721646144408,0.09512386919778108,0.7123802879792835,WATCH,0.3419151444752862,1.0,DELEVERAGE_2,0.3,0.3,144506.39499861342,9828000,-225498.02813183956,False,1.0,0.0,5085992.885894141,0.1923534704621569,ALERT,S8,-0.07806807305587052,28.45,375.0,48.7,4.4,1439429.179318463,529.3516845703125,452.3703308105469,93699.109375,0.1500194363743573,0.03,False,0.02,0,2,CAUTIOUS,0.85,CLEAR,280,NORMAL,0.546,0,0,0,0,0,0,0,NORMAL,NEUTRAL,0.0,1.0
2025-04-24,827868135.1778815,1002282819.1940044,-0.17401743367843048,0.17818581187082372,0.021759032840592045,0.09457177509957919,0.7053967242588255,WATCH,0.31957795871768224,1.0,DELEVERAGE_2,0.3,0.3,71739.68331996785,9828000,-225498.02813183956,False,1.0,0.0,5085992.885894141,0.19996217261948482,ALERT,S8,-0.08107320013959188,26.47,373.0,48.7,4.32,1439429.179318463,540.4940795898438,465.0987243652344,93943.796875,0.4253655356521472,0.03,False,0.02,0,2,CAUTIOUS,0.85,CLEAR,279,NORMAL,0.535,0,0,0,0,0,0,0,NORMAL,NEUTRAL,0.0,1.0
2025-04-25,833646136.8215798,1002282819.1940044,-0.1682525921256791,0.18379956437264006,0.021786872184545083,0.09385274575838728,0.7005076193350427,WATCH,0.307904660938983,1.0,DELEVERAGE_2,0.3,0.3,44348.59845010332,9828000,-225498.02813183956,False,1.0,0.0,5085992.885894141,0.20559737399811973,ALERT,S8,-0.08330400593083365,24.84,367.0,48.7,4.29,1439429.179318463,544.3992919921875,470.28363037109375,94720.5,0.10579812906932853,0.03,False,0.02,0,3,CAUTIOUS,0.85,CLEAR,278,NORMAL,0.529,0,0,0,0,0,0,0,NORMAL,POSITIVE,0.0,1.0
2025-04-28,833496401.152111,1002282819.1940044,-0.16840198675422235,0.18330311881637507,0.02185019747111175,0.09398802084278762,0.7008082798151485,WATCH,0.3178058517957383,1.0,DELEVERAGE_2,0.3,0.3,41994.09466915574,9828000,-225498.02813183956,False,1.0,0.0,5231701.336681875,0.20519952701316438,ALERT,S8,-0.08309674634180156,25.15,373.0,48.7,4.23,1439429.179318463,544.60693359375,470.1343688964844,94978.75,0.42023351026922795,0.12,False,0.02,0,3,CAUTIOUS,0.85,CLEAR,275,NORMAL,0.513,0,0,0,0,0,0,0,NORMAL,NEUTRAL,0.0,1.0
2025-04-29,833848537.6716454,1002282819.1940044,-0.16805065226779714,0.18409125228223033,0.021681389323881892,0.09367989237984811,0.7005123265606114,WATCH,0.33142357812249307,1.0,DELEVERAGE_2,0.3,0.3,29300.981855870912,9828000,-225498.02813183956,False,1.0,0.0,5231701.336681875,0.20577987259836192,ALERT,S8,-0.08339065211974953,24.17,374.0,48.7,4.19,1439429.179318463,548.0375366210938,473.23931884765625,94284.7890625,0.1299261632985586,0.03,False,0.02,0,3,CAUTIOUS,0.85,CLEAR,274,NORMAL,0.512,0,0,0,0,0,0,0,NORMAL,POSITIVE,0.0,1.0
2025-04-30,833949624.4123576,1002282819.1940044,-0.16794979576424707,0.18432436655841294,0.0216609471556043,0.09355029019767844,0.7004274143478736,WATCH,0.3584763568730287,1.0,DELEVERAGE_2,0.3,0.3,30840.908542355446,9828000,-225498.02813183956,False,1.0,0.0,5231701.336681875,0.20599293169114763,ALERT,S8,-0.08349001121832257,24.7,394.0,48.7,4.17,1439429.179318463,548.2550048828125,473.1795959472656,94207.3125,0.42885499249255243,0.03,False,0.02,0,3,CAUTIOUS,0.85,CLEAR,273,NORMAL,0.505,0,0,0,0,0,0,0,NORMAL,POSITIVE,0.0,1.0
2025-05-01,837434558.125217,1002282819.1940044,-0.16447279940541315,0.187797964463379,0.022094012073243217,0.09257082923354555,0.6975126276508253,WATCH,0.3351353245822122,1.0,DELEVERAGE_2,0.3,0.3,20572.90223529401,9828000,-225498.02813183956,False,1.0,0.0,5231701.336681875,0.20989713299112314,ALERT,S8,-0.0849741702738139,24.6,378.0,48.5,4.25,1439429.179318463,552.1405029296875,479.35968017578125,96492.3359375,0.4279533833588365,0.12,False,0.02,0,3,CAUTIOUS,0.85,CLEAR,272,NORMAL,0.504,0,0,0,0,0,0,0,NORMAL,POSITIVE,0.0,1.0
2025-05-02,842743775.8526343,1002282819.1940044,-0.15917567405741329,0.1928361024622706,0.022049868339183935,0.09198617797433269,0.6931183544281314,WATCH,0.3105128390040221,1.0,DELEVERAGE_2,0.3,0.3,8003.365788126535,9828000,-225498.02813183956,False,1.0,0.0,5231701.336681875,0.21488801154908052,ALERT,S8,-0.08694394228601057,22.68,360.0,48.5,4.33,1439429.179318463,560.3365478515625,486.4752197265625,96910.0703125,0.44787832906932845,0.12,False,0.02,0,3,CAUTIOUS,0.85,CLEAR,271,NORMAL,0.509,0,0,0,0,0,0,0,NORMAL,POSITIVE,0.0,1.0
2025-05-05,841829903.2812897,1002282819.1940044,-0.1600874651744949,0.19183955186920842,0.0215813495545938,0.09269624972591248,0.6938707889167833,WATCH,0.30271692285828555,1.0,DELEVERAGE_2,0.3,0.3,10152.412653622416,9828000,-225498.02813183956,False,1.0,0.0,5231701.336681875,0.21342347529672206,ALERT,S8,-0.08641467028992661,23.64,360.0,48.5,4.36,1439429.179318463,557.1233520507812,483.5892333984375,94748.0546875,0.46787832906932847,0.03,False,0.02,0,3,CAUTIOUS,0.85,CLEAR,268,NORMAL,0.507,0,0,0,0,0,0,0,NORMAL,POSITIVE,0.0,1.0
2025-05-06,839674803.4441957,1002282819.1940044,-0.16223765651352928,0.18845146091945553,0.02210588939082408,0.09377157407795758,0.6956516698221351,WATCH,0.2998429981143504,1.0,DELEVERAGE_2,0.3,0.3,16294.552591337293,9828000,-225498.02813183956,False,1.0,0.0,5231701.336681875,0.2105614364212185,ALERT,S8,-0.08513661976889708,24.76,366.0,48.5,4.3,1439429.179318463,552.466796875,479.0910339355469,96802.4765625,0.11796473018439352,0.03,False,0.02,0,3,CAUTIOUS,0.85,CLEAR,267,NORMAL,0.476,0,0,0,0,0,0,0,NORMAL,POSITIVE,0.0,1.0
2025-05-07,840075863.3907777,1002282819.1940044,-0.16183751002902258,0.18917286681983786,0.022147798076745356,0.09334749653511616,0.6953195593143859,WATCH,0.3001975975472729,1.0,DELEVERAGE_2,0.3,0.3,10315.504834054007,9828000,-225498.02813183956,False,1.0,0.0,5231701.336681875,0.2113232597885482,ALERT,S8,-0.08545267278718659,23.55,367.0,48.5,4.26,1439429.179318463,554.7901611328125,480.97186279296875,97032.3203125,0.12422401763070652,0.03,False,0.02,0,3,CAUTIOUS,0.85,CLEAR,266,NORMAL,0.475,0,0,0,0,0,0,0,NORMAL,POSITIVE,0.0,1.0
2025-05-08,843635589.5319052,1002282819.1940044,-0.158285891590636,0.19166862816354238,0.023465612494435198,0.0924742240315946,0.6923856536773538,WATCH,0.24176177895161338,1.0,DELEVERAGE_2,0.3,0.3,4961.9549858324945,9828000,-225498.02813183956,False,1.0,0.0,5231701.336681875,0.21513550600608508,ALERT,S8,-0.08672192056114057,22.48,351.0,48.5,4.37,1439429.179318463,558.6558837890625,485.9378662109375,103241.4609375,0.16096005221252224,0.03,False,0.02,0,3,CAUTIOUS,0.85,CLEAR,265,NORMAL,0.471,0,0,0,0,0,0,0,NORMAL,POSITIVE,0.0,1.0
2025-05-09,844591404.1566273,1002282819.1940044,-0.15733225394822814,0.19237731184269172,0.023377619889877632,0.09263838737140578,0.691602088594314,WATCH,0.2220253258682204,1.0,DELEVERAGE_2,0.3,0.3,3878.6185502195267,9828000,-225498.02813183956,False,1.0,0.0,5231701.336681875,0.2157559225488615,ALERT,S8,-0.08697135891265147,21.9,353.0,48.5,4.37,1439429.179318463,557.9439697265625,485.6194152832031,102970.8515625,0.15050465444615257,0.03,False,0.02,0,3,CAUTIOUS,0.85,CLEAR,264,NORMAL,0.47,0,0,0,0,0,0,0,NORMAL,POSITIVE,0.0,1.0
2025-05-12,854137645.668952,1002282819.1940044,-0.14780775514458566,0.1868139675973662,0.023080893428966173,0.090930716011455,0.6991743655645737,RISK_ON,0.2306666978803206,1.0,DELEVERAGE_2,0.3,0.3,49.02548415743577,9828000,-225498.02813183956,False,1.0,0.0,5231701.336681875,0.22520868676976302,ALERT,S8,-0.08466818534551808,18.39,315.0,48.5,4.45,1452512.2297607856,576.3826293945312,505.40362548828125,102812.953125,0.12415344797493204,0.03,False,0.02,0,3,CAUTIOUS,0.85,CLEAR,261,NORMAL,0.432,0,0,0,0,0,0,0,NORMAL,POSITIVE,0.0,1.0
2025-05-13,862387995.6300526,1002282819.1940044,-0.13957619634391183,0.19418969053109308,0.023161774312775378,0.09016306395234905,0.6924854584497154,RISK_ON,0.24740387796378308,1.0,DELEVERAGE_2,0.3,0.3,10.998954301811095,9828000,-225498.02813183956,False,1.0,0.0,5231701.336681875,0.21735146761598367,ALERT,S8,-0.08757768842835247,18.22,309.0,48.5,4.49,1452512.2297607856,580.18896484375,513.1063842773438,104169.8125,0.19049556906932855,0.03,False,0.02,0,3,CAUTIOUS,0.85,CLEAR,260,NORMAL,0.425,0,0,0,0,0,0,0,NORMAL,POSITIVE,0.0,1.0
2025-05-14,865454619.1622472,1002282819.1940044,-0.13651655741419266,0.19764909799134275,0.022940033531355798,0.08937913142506138,0.6900317281725115,RISK_ON,0.24203105020187887,1.0,DELEVERAGE_2,0.3,0.3,7.6850020500386,9828000,-225498.02813183956,False,1.0,0.0,5231701.336681875,0.2205891334814702,ALERT,S8,-0.08892905752120357,18.62,310.0,48.5,4.53,1452512.2297607856,580.9304809570312,516.1814575195312,103539.4140625,0.12921470406932853,0.03,False,0.02,0,3,CAUTIOUS,0.85,CLEAR,259,NORMAL,0.417,0,0,0,0,0,0,0,NORMAL,POSITIVE,0.0,1.0
2025-05-15,864344954.1943704,1002282819.1940044,-0.13762369498716753,0.19616813610835124,0.023015012505341402,0.08989924269400412,0.6908808950919382,RISK_ON,0.23840865926379418,1.0,DELEVERAGE_2,0.3,0.3,31733.215225779175,10369500,-193767.13473061193,False,1.0,0.0,5231701.336681875,0.2191831492024678,ALERT,S8,-0.08820398826206279,17.83,320.0,48.5,4.45,1452512.2297607856,583.7679443359375,516.7487182617188,103744.640625,0.14590826406932852,0.03,False,0.02,0,3,CAUTIOUS,0.85,CLEAR,258,NORMAL,0.438,0,0,0,0,0,0,0,NORMAL,POSITIVE,0.0,1.0
2025-05-16,864771913.1391672,1002282819.1940044,-0.1371977084925171,0.19688265944873837,0.022947029469326103,0.08960310049489079,0.6905397903758079,RISK_ON,0.22203619239011457,1.0,DELEVERAGE_2,0.3,0.3,23712.2285299845,10369500,-193767.13473061193,False,1.0,0.0,5231701.336681875,0.21983571685985814,ALERT,S8,-0.08849052720942203,17.24,316.0,48.5,4.43,1452512.2297607856,587.4655151367188,518.9978637695312,103489.2890625,0.14554433895181182,0.03,False,0.02,0,3,CAUTIOUS,0.85,CLEAR,257,NORMAL,0.477,0,0,0,0,0,0,0,NORMAL,POSITIVE,0.0,1.0
2025-05-19,864326701.9448714,1002282819.1940044,-0.13764190566498158,0.19574080146669615,0.023428476475457392,0.08990443040486035,0.6908954846336507,RISK_ON,0.22755775101415282,1.0,DELEVERAGE_2,0.3,0.3,26627.329418893623,10369500,-193767.13473061193,False,1.0,0.0,5231701.336681875,0.21917603010235073,ALERT,S8,-0.08811530284186676,18.14,321.0,48.5,4.46,1452512.2297607856,588.108154296875,519.4954223632812,105606.1796875,0.12105147906932853,0.03,False,0.02,0,3,CAUTIOUS,0.85,CLEAR,254,NORMAL,0.516,0,0,0,0,0,0,0,NORMAL,POSITIVE,0.0,1.0
2025-05-20,864721267.0837085,1002282819.1940044,-0.1372482391955171,0.19545383807892178,0.023680534907481475,0.09025290382239051,0.6905802347569641,RISK_ON,0.2294208412637462,1.0,DELEVERAGE_2,0.3,0.3,28093.440023466286,10369500,-193767.13473061193,False,1.0,0.0,5231701.336681875,0.21914149255037366,ALERT,S8,-0.08802245593361281,18.09,320.0,48.5,4.48,1452512.2297607856,586.130859375,517.7638549804688,106791.0859375,0.11458221906932853,0.03,False,0.02,0,3,CAUTIOUS,0.85,CLEAR,253,NORMAL,0.569,0,0,0,0,0,0,0,NORMAL,POSITIVE,0.0,1.0
2025-05-21,861745689.9943563,1002282819.1940044,-0.1402170390515748,0.1918803022171022,0.02440469348506466,0.09067413946797623,0.6929647836427447,RISK_ON,0.24571884786091652,1.0,DELEVERAGE_2,0.3,0.3,65562.63508351344,10369500,-193767.13473061193,False,1.0,0.0,5231701.336681875,0.2163014521734223,ALERT,S8,-0.08674399717985631,20.87,325.0,48.5,4.58,1452512.2297607856,576.2540893554688,510.568603515625,109678.078125,0.14411546406932854,0.03,False,0.02,0,3,CAUTIOUS,0.85,CLEAR,252,NORMAL,0.529,0,0,0,0,0,0,0,NORMAL,POSITIVE,0.0,1.0
2025-05-22,863029800.6934403,1002282819.1940044,-0.13893585306844403,0.19286686312052706,0.02481167765718648,0.09032283623188411,0.691933714388764,RISK_ON,0.2415181087632584,1.0,DELEVERAGE_2,0.3,0.3,56018.05753517763,10369500,-193767.13473061193,False,1.0,0.0,5231701.336681875,0.21769267090456887,ALERT,S8,-0.08722521857177663,20.28,332.0,48.5,4.54,1452512.2297607856,576.4815063476562,511.5240173339844,111673.28125,0.18319082906932854,0.03,False,0.02,0,3,CAUTIOUS,0.85,CLEAR,251,NORMAL,0.259,0,0,0,0,0,0,0,NORMAL,POSITIVE,0.0,1.0
2025-05-23,861515747.2805516,1002282819.1940044,-0.1404464580433017,0.19181636760603393,0.023879198888208015,0.09105090705847174,0.6931497392903053,RISK_ON,0.24721747429445864,1.0,DELEVERAGE_2,0.3,0.3,89414.27010455797,10369500,-193767.13473061193,False,1.0,0.0,5231701.336681875,0.21571795524752685,ALERT,S8,-0.08659575489809689,22.29,340.0,48.5,4.51,1452512.2297607856,572.5465087890625,506.78692626953125,107287.796875,0.17487220485269278,0.03,False,0.02,0,3,CAUTIOUS,0.85,CLEAR,250,NORMAL,0.124,0,0,0,0,0,0,0,NORMAL,POSITIVE,0.0,1.0
2025-05-27,867309383.4936925,1002282819.1940044,-0.1346660175307126,0.19729936505925605,0.024097042539127554,0.09005339287389018,0.6885194914143918,RISK_ON,0.24255260976911358,1.0,DELEVERAGE_2,0.3,0.3,26633.434844367424,10369500,-193767.13473061193,False,1.0,0.0,5231701.336681875,0.22140320647314057,ALERT,S8,-0.08882312591830352,18.96,324.0,48.5,4.43,1452512.2297607856,584.4501953125,518.709228515625,108994.640625,0.16157458998749433,0.03,False,0.02,0,3,CAUTIOUS,0.85,CLEAR,246,NORMAL,0.103,0,0,0,0,0,0,0,NORMAL,POSITIVE,0.0,1.0
2025-05-28,866802476.1963309,1002282819.1940044,-0.13517177028597716,0.19716983061241083,0.023847378370476048,0.09002425006854474,0.6889221385735291,RISK_ON,0.24356719551291497,1.0,DELEVERAGE_2,0.3,0.3,31553.668823420907,10369500,-193767.13473061193,False,1.0,0.0,5231701.336681875,0.22102525482710625,ALERT,S8,-0.0887274925098534,19.31,323.0,48.5,4.47,1452512.2297607856,581.0689086914062,516.4102783203125,107802.328125,0.15450951710555177,0.03,False,0.02,0,3,CAUTIOUS,0.85,CLEAR,245,NORMAL,0.121,0,0,0,0,0,0,0,NORMAL,POSITIVE,0.45,1.0
2025-05-29,865763871.6115278,1002282819.1940044,-0.13620800932441368,0.1965386952064694,0.02339746497916524,0.09028269539045056,0.6897485968205832,RISK_ON,0.24035226413369926,1.0,DELEVERAGE_2,0.3,0.3,28178.5390718693,10369500,-193767.13473061193,False,1.0,0.0,5231701.336681875,0.21994331881353077,ALERT,S8,-0.08838293192366278,19.18,322.0,48.5,4.43,1452512.2297607856,583.362548828125,517.4254150390625,105641.7578125,0.176725943501723,0.03,False,0.02,0,3,CAUTIOUS,0.85,CLEAR,244,NORMAL,0.15,0,0,0,0,0,0,0,NORMAL,POSITIVE,0.45,1.0
2025-05-30,862508880.6599423,1002282819.1940044,-0.1394555866441597,0.19403823508000634,0.023120458338118106,0.09046088670604856,0.6923516140089999,RISK_ON,0.2243725070405612,1.0,DELEVERAGE_2,0.3,0.3,24845.315953471116,10369500,-193767.13473061193,False,1.0,0.0,5231701.336681875,0.2171649490427261,ALERT,S8,-0.08735612864366561,18.57,331.0,48.5,4.41,1452512.2297607856,582.7101440429688,516.609375,103998.5703125,0.2095380090693285,0.03,False,0.02,0,3,CAUTIOUS,0.85,CLEAR,243,NORMAL,0.188,0,0,0,0,0,0,0,NORMAL,POSITIVE,0.0,1.0
2025-06-02,866317116.9688827,1002282819.1940044,-0.13565602404963895,0.1965162814227812,0.023435593891118087,0.09072089635663862,0.6893081112276538,RISK_ON,0.22352510615763269,1.0,DELEVERAGE_2,0.3,0.3,16561.472523442535,10369500,-193767.13473061193,False,1.0,0.0,5231701.336681875,0.2199560802366786,ALERT,S8,-0.0883499034030063,18.36,327.0,49.0,4.46,1452512.2297607856,585.9924926757812,520.689697265625,105881.53125,0.22123398906932856,0.03,False,0.02,0,3,CAUTIOUS,0.85,CLEAR,240,NORMAL,0.199,0,0,0,0,0,0,0,NORMAL,POSITIVE,0.45,1.0
2025-06-03,870370740.4194115,1002282819.1940044,-0.13161163321214198,0.20060499225133865,0.023227514439155203,0.09005827004483054,0.6860977602880464,RISK_ON,0.2234862263341517,1.0,DELEVERAGE_2,0.3,0.3,9977.03945630771,10369500,-193767.13473061193,False,1.0,0.0,5231701.336681875,0.22383507250669882,ALERT,S8,-0.08993293852125593,17.69,319.0,49.0,4.46,1452512.2297607856,589.3341064453125,524.7598876953125,105432.46875,0.49787832906932844,0.03,False,0.02,0,3,CAUTIOUS,0.85,CLEAR,239,NORMAL,0.281,0,0,0,0,0,0,0,NORMAL,POSITIVE,0.0,1.0
2025-06-04,871285129.5311818,1002282819.1940044,-0.1306993267311174,0.20133084228351433,0.02304897814083376,0.09023286478669748,0.6853777200849559,RISK_ON,0.20629182005680216,1.0,DELEVERAGE_2,0.3,0.3,8359.722916138964,10369500,-193767.13473061193,False,1.0,0.0,5231701.336681875,0.22438197330296455,ALERT,S8,-0.09017317082129883,17.61,323.0,49.0,4.37,1452512.2297607856,589.1759643554688,526.2228393554688,104731.984375,0.13333056406932853,0.03,False,0.02,0,3,CAUTIOUS,0.85,CLEAR,238,NORMAL,0.234,0,0,0,0,0,0,0,NORMAL,POSITIVE,0.0,1.0
2025-06-05,865930257.6796268,1002282819.1940044,-0.13604200222051777,0.19723363959474305,0.022492650580095662,0.09064187690304723,0.6896160635640259,RISK_ON,0.21387700435304718,1.0,DELEVERAGE_2,0.3,0.3,13655.164312777,10369500,-193767.13473061193,False,1.0,0.0,5231701.336681875,0.21972975517203058,ALERT,S8,-0.08846143106869939,18.48,318.0,49.0,4.4,1452512.2297607856,586.32861328125,522.261962890625,101575.953125,0.5218783290693285,0.03,False,0.02,0,3,CAUTIOUS,0.85,CLEAR,237,NORMAL,0.33,0,0,0,0,0,0,0,NORMAL,POSITIVE,0.0,1.0
2025-06-06,868769566.0846804,1002282819.1940044,-0.13320916068050526,0.19956244765720305,0.02304031299888265,0.09002913770669382,0.6873622637510771,RISK_ON,0.19327678758468497,1.0,DELEVERAGE_2,0.3,0.3,5071.777811670526,10369500,-193767.13473061193,False,1.0,0.0,5231701.336681875,0.2226040601932442,ALERT,S8,-0.08950499898363531,16.77,309.0,49.0,4.51,1452512.2297607856,592.3495483398438,527.3672485351562,104390.34375,0.4918783290693285,0.03,False,0.02,0,3,CAUTIOUS,0.85,CLEAR,236,NORMAL,0.362,0,0,0,0,0,0,0,NORMAL,POSITIVE,0.0,1.0
2025-06-09,871952933.5022529,1002282819.1940044,-0.13003304376359315,0.20108812167889412,0.024254475633084353,0.08979927465414844,0.6848528087674172,RISK_ON,0.19797509567424998,1.0,DELEVERAGE_2,0.3,0.3,4638.149990196976,10369500,-193767.13473061193,False,1.0,0.0,5231701.336681875,0.2253437959756734,ALERT,S8,-0.09033275566193184,17.16,312.0,49.0,4.49,1452512.2297607856,592.8834228515625,528.1436157226562,110294.1015625,0.16840155569691465,0.03,False,0.02,0,3,CAUTIOUS,0.85,CLEAR,233,NORMAL,0.371,0,0,0,0,0,0,0,NORMAL,POSITIVE,0.0,1.0
2025-06-10,873014269.1342517,1002282819.1940044,-0.12897412545064402,0.20178635546893914,0.024216891621918254,0.08970378160812671,0.6842895725115173,RISK_ON,0.18234687268391228,1.0,DELEVERAGE_2,0.3,0.3,2967.1917300093523,10369500,-193767.13473061193,False,1.0,0.0,5466846.737006827,0.2260649057631003,ALERT,S8,-0.09059837831342436,16.95,312.0,49.0,4.47,1452512.2297607856,596.2449340820312,531.6366577148438,110257.234375,0.2149116057770523,0.03,False,0.02,0,3,CAUTIOUS,0.85,CLEAR,232,NORMAL,0.372,0,0,0,0,0,0,0,NORMAL,POSITIVE,0.0,1.0
2025-06-11,874627686.3088791,1002282819.1940044,-0.12736438302691888,0.20332014504351814,0.023827886779282485,0.08982049327286667,0.6830272702016421,RISK_ON,0.17741724262445321,1.0,DELEVERAGE_2,0.3,0.3,3677.5493859406297,10369500,-193767.13473061193,False,1.0,0.0,5466846.737006827,0.22714898691675706,ALERT,S8,-0.0911166108880885,17.26,312.0,49.0,4.41,1452512.2297607856,594.54443359375,529.8452758789062,108686.625,0.17679030406932852,0.03,False,0.02,0,3,CAUTIOUS,0.85,CLEAR,231,NORMAL,0.361,0,0,0,0,0,0,0,NORMAL,POSITIVE,0.0,1.0
2025-06-12,875362983.275095,1002282819.1940044,-0.12663076078763202,0.20421755256166435,0.02320382410978122,0.09012029680361414,0.6824535334898806,RISK_ON,0.20279634366309787,1.0,DELEVERAGE_2,0.3,0.3,4195.645468762682,10369500,-193767.13473061193,False,1.0,0.0,5466846.737006827,0.22742246671530186,ALERT,S8,-0.0913288872362583,18.02,317.0,49.0,4.36,1452512.2297607856,596.9072875976562,531.0892333984375,105929.0546875,0.4778783290693285,0.03,False,0.02,0,3,CAUTIOUS,0.85,CLEAR,230,NORMAL,0.357,0,0,0,0,0,0,0,NORMAL,POSITIVE,0.0,1.0
2025-06-13,872309562.6731921,1002282819.1940044,-0.12967722685831484,0.20103812826391415,0.023320637985814907,0.09078163954441446,0.6848423846135729,RISK_ON,0.2235256495300882,1.0,DELEVERAGE_2,0.3,0.3,15012.091918682014,10369500,-193767.13473061193,False,1.0,0.0,5466846.737006827,0.22436262743907096,ALERT,S8,-0.09007839763588861,20.82,318.0,49.0,4.41,1452512.2297607856,590.2337646484375,524.4215698242188,106090.96875,0.15710414651815247,0.03,False,0.02,0,3,CAUTIOUS,0.85,CLEAR,229,NORMAL,0.338,0,0,0,0,0,0,0,NORMAL,POSITIVE,0.45,1.0
2025-06-16,878280878.8566381,1002282819.1940044,-0.1237195110628393,0.20666318971311087,0.023316173924085,0.08982929342414035,0.6801862313113669,RISK_ON,0.20990437789806726,1.0,DELEVERAGE_2,0.3,0.3,4489.444514614571,10369500,-193767.13473061193,False,1.0,0.0,5466846.737006827,0.22998053921199785,ALERT,S8,-0.09231472496628912,19.11,310.0,49.0,4.46,1452512.2297607856,595.8494873046875,531.7162475585938,106796.7578125,0.19700320002409133,0.03,False,0.02,0,3,CAUTIOUS,0.85,CLEAR,226,NORMAL,0.341,0,0,0,0,0,0,0,NORMAL,POSITIVE,0.0,1.0
2025-06-17,875431864.5350895,1002282819.1940044,-0.12656203641295916,0.20452176251145943,0.022911135739858313,0.09015269552160761,0.6823998362677679,RISK_ON,0.2353151833251435,1.0,DELEVERAGE_2,0.3,0.3,12755.006642082886,10369500,-193767.13473061193,False,1.0,0.0,5466846.737006827,0.22743621198767125,ALERT,S8,-0.09139290253270467,21.6,317.0,49.0,4.39,1452512.2297607856,590.7578735351562,526.5313720703125,104601.1171875,0.5063148298295699,0.03,False,0.02,0,3,CAUTIOUS,0.85,CLEAR,225,NORMAL,0.354,0,0,0,0,0,0,0,NORMAL,POSITIVE,0.45,1.0
2025-06-18,878926206.5114557,1002282819.1940044,-0.12307565321906566,0.20772003304570794,0.022881615928444742,0.08970230998601121,0.6796868230763643,RISK_ON,0.22784205235899302,1.0,DELEVERAGE_2,0.3,0.3,8101.90966597472,10369500,-193767.13473061193,False,1.0,0.0,5466846.737006827,0.23060377467132404,ALERT,S8,-0.09265403954486087,20.14,316.0,49.0,4.38,1452512.2297607856,590.6688842773438,526.4417724609375,104883.328125,0.15022874701929553,0.03,False,0.02,0,3,CAUTIOUS,0.85,CLEAR,224,NORMAL,0.389,0,0,0,0,0,0,0,NORMAL,POSITIVE,0.45,1.0
2025-06-20,876307325.2093472,1002282819.1940044,-0.12568856970526698,0.20567537048822837,0.022605644325224654,0.08999010137787758,0.6817180957372644,RISK_ON,0.21887477003161462,1.0,DELEVERAGE_2,0.3,0.3,9453.665997031654,10369500,-193767.13473061193,False,1.0,0.0,5466846.737006827,0.22828347755190945,ALERT,S8,-0.09179672055173778,20.62,313.0,49.0,4.38,1452512.2297607856,589.2816772460938,524.292236328125,103309.6015625,0.17488920738644703,0.03,False,0.02,0,3,CAUTIOUS,0.85,CLEAR,222,NORMAL,0.407,0,0,0,0,0,0,0,NORMAL,POSITIVE,0.45,1.0
2025-06-23,878157915.0848231,1002282819.1940044,-0.12384219476993286,0.20681817057357416,0.02305326933987004,0.08984273645794018,0.6802814741635942,RISK_ON,0.20811551467610723,1.0,DELEVERAGE_2,0.3,0.3,3819.517134938422,10369500,-193767.13473061193,False,1.0,0.0,5466846.737006827,0.2298724397355802,ALERT,S8,-0.09232782139822984,19.83,312.0,49.0,4.34,1452512.2297607856,595.1022338867188,529.6832275390625,105577.7734375,0.21790414906932853,0.03,False,0.02,0,3,CAUTIOUS,0.85,CLEAR,219,NORMAL,0.397,0,0,0,0,0,0,0,NORMAL,POSITIVE,0.45,1.0
2025-06-24,883788600.5435253,1002282819.1940044,-0.11822433387191789,0.30079805822538197,0.2000530053863374,0.08909152637856621,0.41005681203001204,RISK_ON,0.21424802111812924,1.0,WARNING,1.0,0.5309999999999999,528.4876442607236,10369500,-193767.13473061193,False,1.0,0.0,5466846.737006827,0.23516382747474113,ALERT,S2,-0.21301184186249464,17.48,306.0,49.0,4.3,1687268.4984670673,601.6764526367188,537.7831420898438,106045.6328125,0.5428783290693285,0.03,False,0.2,1,4,CAUTIOUS,0.85,CLEAR,218,NORMAL,0.393,0,0,0,0,0,0,0,NORMAL,POSITIVE,0.45,1.0
2025-06-25,888119297.9768113,1002282819.1940044,-0.11390350012085293,0.30165730809798164,0.20154729399516605,0.08873785124569569,0.40805726986556945,RISK_ON,0.21869365111160738,1.0,WARNING,1.0,0.5309999999999999,245.82750262126532,10369500,-193767.13473061193,False,1.0,0.0,5466846.737006827,0.5032047413779996,ALERT,S2,-0.21407019520180007,16.76,304.0,49.0,4.29,1687268.4984670673,602.0136108398438,539.157958984375,107361.2578125,0.22887477906932857,0.03,False,0.2,1,4,CAUTIOUS,0.85,CLEAR,217,NORMAL,0.46,0,0,0,0,0,0,0,NORMAL,POSITIVE,0.0,1.0
2025-06-26,892402315.6720078,1002282819.1940044,-0.10963023751156198,0.39778317760280407,0.19983032438583512,0.08844716906153659,0.3139392234864761,RISK_ON,0.20365813367966534,1.0,WARNING,1.0,0.68577,94.11573612297593,10369500,-193767.13473061193,False,1.0,0.0,5466846.737006827,0.5054994764977183,ALERT,S2,-0.24582133540988382,16.59,304.0,49.0,4.26,1769429.7832100643,606.7236328125,544.1992797851562,106960.0,0.15879087499686803,0.03,False,0.2,2,4,CAUTIOUS,0.85,CLEAR,216,NORMAL,0.44,0,0,0,0,0,0,0,NORMAL,POSITIVE,0.0,1.0
2025-06-27,888527152.3046039,1002282819.1940044,-0.11349657473015273,0.39525353030954397,0.2009428390993512,0.08849516015263065,0.3153084171856113,RISK_ON,0.19352386044920725,1.0,WARNING,1.0,0.68577,47.3166146054918,10369500,-193767.13473061193,False,1.0,0.0,5466846.737006827,0.5961964011580604,ALERT,S2,-0.2455873833573457,16.32,302.0,49.0,4.29,1769429.7832100643,609.738037109375,546.0623779296875,107088.4296875,0.4778783290693285,0.03,False,0.2,2,4,CAUTIOUS,0.85,CLEAR,215,NORMAL,0.436,0,0,0,0,0,0,0,NORMAL,POSITIVE,0.0,1.0
2025-06-30,890036297.4600797,1002282819.1940044,-0.11199086683356385,0.5801066845776216,0.20068998708151473,0.08857462339893732,0.13060165657842845,RISK_ON,0.19869674511951932,1.0,WARNING,1.0,1.0,24074.02530005807,10670400,-169712.87675328262,False,1.0,0.0,5466846.737006827,0.5967257740576716,ALERT,S2,-0.3082253968459352,16.73,296.0,49.0,4.24,1933161.8720196637,612.6533203125,549.5992431640625,107135.3359375,0.1140121670445191,0.03,False,0.2,3,4,CAUTIOUS,0.85,CLEAR,212,NORMAL,0.439,0,0,0,0,0,0,0,NORMAL,POSITIVE,0.0,1.0
2025-07-01,870686835.7896789,1002282819.1940044,-0.13129625778694853,0.3481296660770434,0.02000745207339328,0.0907367695023444,0.5410907213462771,RISK_ON,0.22783531996973533,1.0,DELEVERAGE_1,0.6,0.6,30814.478625545395,10670400,-169712.87675328262,False,1.0,0.0,5466846.737006827,0.7758427069175681,ALERT,S8,-0.14823059188064605,16.83,291.0,48.0,4.26,2288397.4607893615,612.455078125,544.9664306640625,105698.28125,0.197666695,0.03,False,0.02,0,3,CAUTIOUS,0.85,CLEAR,211,NORMAL,0.386,0,0,0,0,0,0,0,NORMAL,POSITIVE,0.0,1.0
2025-07-02,875672551.2710543,1002282819.1940044,-0.1263218978698697,0.35107019831291186,0.020488479047825862,0.09040472420841257,0.5380099757155857,RISK_ON,0.20699082933278862,1.0,DELEVERAGE_1,0.6,0.6,23312.780997076276,10670400,-169712.87675328262,False,1.0,0.0,5466846.737006827,0.37156856952496525,ALERT,S8,-0.14946653506330565,16.64,288.0,48.0,4.3,2288397.4607893615,615.2315673828125,548.7623291015625,108859.3203125,0.17919101587683436,0.03,False,0.02,0,3,CAUTIOUS,0.85,CLEAR,210,NORMAL,0.423,0,0,0,0,0,0,0,NORMAL,POSITIVE,0.0,1.0
2025-07-03,879138458.6200062,1002282819.1940044,-0.1228638845401201,0.35366306686773746,0.020555553747941033,0.08987492365434965,0.5358889301506252,RISK_ON,0.20525136123604637,1.0,DELEVERAGE_1,0.6,0.6,15407.410813051865,10670400,-169712.87675328262,False,1.0,0.0,5466846.737006827,0.37422517912874875,ALERT,S8,-0.15050743091835975,16.38,280.0,48.0,4.35,2288397.4607893615,620.0804443359375,554.1622314453125,109647.9765625,0.22408794999999998,0.03,False,0.02,0,3,CAUTIOUS,0.85,CLEAR,209,NORMAL,0.427,0,0,0,0,0,0,0,NORMAL,POSITIVE,0.0,1.0
2025-07-07,872938807.971512,1002282819.1940044,-0.1290494147415454,0.34938425380404,0.020447014186994274,0.09044467743863732,0.5396948374181111,RISK_ON,0.19032791814872785,1.0,DELEVERAGE_1,0.6,0.6,25504.786028815102,10670400,-169712.87675328262,False,1.0,0.0,5466846.737006827,0.3698420737231986,ALERT,S8,-0.14880736702789266,17.79,286.0,48.0,4.4,2288397.4607893615,615.45947265625,549.9878540039062,108299.8515625,0.18237784499999998,0.03,False,0.02,0,3,CAUTIOUS,0.85,CLEAR,205,NORMAL,0.489,0,0,0,0,0,0,0,NORMAL,POSITIVE,0.0,1.0
2025-07-08,876223355.7723742,1002282819.1940044,-0.12577234789178793,0.3518674002141764,0.020492707326695687,0.08994671255675382,0.5376717761978178,RISK_ON,0.1929519740261177,1.0,DELEVERAGE_1,0.6,0.6,18754.4258322878,10670400,-169712.87675328262,False,1.0,0.0,5466846.737006827,0.3723680775971911,ALERT,S8,-0.1498060260831922,16.81,292.0,48.0,4.42,2288397.4607893615,615.1224365234375,550.2966918945312,108950.2734375,0.22804510500000003,0.03,False,0.02,0,3,CAUTIOUS,0.85,CLEAR,204,NORMAL,0.493,0,0,0,0,0,0,0,NORMAL,POSITIVE,0.0,1.0
2025-07-09,881264206.5859048,1002282819.1940044,-0.120742978219878,0.3550094100474255,0.020819892165483,0.08956214910317262,0.5345962817091,RISK_ON,0.19459540126655078,1.0,DELEVERAGE_1,0.6,0.6,10810.445831025481,10670400,-169712.87675328262,False,1.0,0.0,5466846.737006827,0.37583391255804993,ALERT,S8,-0.15109407209249226,15.94,294.0,48.0,4.34,2288397.4607893615,618.8110961914062,554.1921997070312,111326.5546875,0.3063125,0.03,False,0.02,0,3,CAUTIOUS,0.85,CLEAR,203,NORMAL,0.518,0,0,0,0,0,0,0,NORMAL,POSITIVE,0.0,1.0
2025-07-10,883260403.8678758,1002282819.1940044,-0.11875132751636075,0.35559634384478056,0.021642486367669786,0.08936134576996904,0.5333880766997661,RISK_ON,0.19707871173590846,1.0,DELEVERAGE_1,0.6,0.6,10375.940677126971,10670400,-169712.87675328262,False,1.0,0.0,5466846.737006827,0.37724326180894013,ALERT,S8,-0.15147860809352018,15.78,292.0,48.0,4.35,2288397.4607893615,620.5562744140625,553.3951416015625,115987.203125,0.245715147401932,0.03,False,0.02,0,3,CAUTIOUS,0.85,CLEAR,202,NORMAL,0.488,0,0,0,0,0,0,0,NORMAL,POSITIVE,0.0,1.0
2025-07-11,885199681.3102934,1002282819.1940044,-0.1168164670106433,0.3565096273183069,0.021879896160216874,0.08937585164172634,0.5322195409591439,RISK_ON,0.2074274247652806,1.0,DELEVERAGE_1,0.6,0.6,13352.281713378503,10670400,-169712.87675328262,False,1.0,0.0,5466846.737006827,0.3783952311621483,ALERT,S8,-0.1518671532606686,16.4,297.0,48.0,4.43,2288397.4607893615,618.3748779296875,552.1497802734375,117516.9921875,0.24265055259876356,0.03,False,0.02,0,3,CAUTIOUS,0.85,CLEAR,201,NORMAL,0.489,0,0,0,0,0,0,0,NORMAL,POSITIVE,0.0,1.0
2025-07-14,884627835.8431587,1002282819.1940044,-0.11738701003121965,0.3557729123454193,0.022328636308598795,0.08931963469942589,0.5325635809267851,RISK_ON,0.21678384020712052,1.0,DELEVERAGE_1,0.6,0.6,13477.941808405918,10670400,-169712.87675328262,False,1.0,0.0,5466846.737006827,0.3781073093910273,ALERT,S8,-0.15167074420773266,17.2,295.0,48.0,4.43,2288397.4607893615,619.5548095703125,554.1524047851562,119849.703125,0.2623125,0.03,False,0.02,0,3,CAUTIOUS,0.85,CLEAR,198,NORMAL,0.475,0,0,0,0,0,0,0,NORMAL,POSITIVE,0.45,1.0
2025-07-15,888713360.273477,1002282819.1940044,-0.1133107908722365,0.3593179125205572,0.02184164320047638,0.08871020470553363,0.5301153207589572,RISK_ON,0.22672441773535074,1.0,DELEVERAGE_1,0.6,0.6,13258.549743871374,10670400,-169712.87675328262,False,1.0,0.0,5466846.737006827,0.38116524225456727,ALERT,S8,-0.15297461060234088,17.38,295.0,48.0,4.5,2288397.4607893615,616.9072875976562,554.660400390625,117777.1875,0.2346025785049039,0.03,False,0.02,0,3,CAUTIOUS,0.85,CLEAR,197,NORMAL,0.422,0,0,0,0,0,0,0,NORMAL,POSITIVE,0.45,1.0
2025-07-16,891090886.4252454,1002282819.1940044,-0.11093867982110583,0.360623633206135,0.02196116743279011,0.08870142251476278,0.5287009161704267,RISK_ON,0.22846318667962603,1.0,DELEVERAGE_1,0.6,0.6,11460.031074906272,10670400,-169712.87675328262,False,1.0,0.0,5466846.737006827,0.382589721001324,ALERT,S8,-0.15350017830719306,17.16,300.0,48.0,4.46,2288397.4607893615,618.9697265625,555.228271484375,118738.5078125,0.2343125,0.03,False,0.02,0,3,CAUTIOUS,0.85,CLEAR,196,NORMAL,0.415,0,0,0,0,0,0,0,NORMAL,POSITIVE,0.45,1.0
2025-07-17,896706598.5317712,1002282819.1940044,-0.10533575817166396,0.3645743535749667,0.02192496669417812,0.08810361832917754,0.52538987536786,RISK_ON,0.23917136208219503,1.0,DELEVERAGE_1,0.6,0.6,6443.763941634272,10670400,-169712.87675328262,False,1.0,0.0,5466846.737006827,0.3865020976862895,ALERT,S8,-0.15504631267154653,16.52,291.0,48.0,4.47,2288397.4607893615,622.7576293945312,559.7216186523438,119289.84375,0.2793125,0.03,False,0.02,0,3,CAUTIOUS,0.85,CLEAR,195,NORMAL,0.423,0,0,0,0,0,0,0,NORMAL,POSITIVE,0.0,1.0
2025-07-18,897895684.5221573,1002282819.1940044,-0.10414938046707323,0.3655274941516015,0.021659769783060178,0.08811183883904242,0.5246940999553485,RISK_ON,0.23761787757859315,1.0,DELEVERAGE_1,0.6,0.6,6103.240250241683,10670400,-169712.87675328262,False,1.0,0.0,5466846.737006827,0.38718989576929136,ALERT,S8,-0.15536498993915168,16.41,293.0,48.0,4.44,2288397.4607893615,622.301513671875,559.1836547851562,118003.2265625,0.28559733208031507,0.03,False,0.02,0,3,CAUTIOUS,0.85,CLEAR,194,NORMAL,0.42,0,0,0,0,0,0,0,NORMAL,POSITIVE,0.0,1.0
2025-07-21,901215327.6044244,1002282819.1940044,-0.10083729826961862,0.36757797546829796,0.02147690057942655,0.08817865108230147,0.5227613796765522,RISK_ON,0.25303833779997925,1.0,DELEVERAGE_1,0.6,0.6,4590.063978199297,10670400,-169712.87675328262,False,1.0,0.0,5466846.737006827,0.38905685758955216,ALERT,S8,-0.15610886649497593,16.65,289.0,48.0,4.38,2288397.4607893615,623.4815063476562,562.0828857421875,117439.5390625,0.29186295782949023,0.03,False,0.02,0,3,CAUTIOUS,0.85,CLEAR,191,NORMAL,0.361,0,0,0,0,0,0,0,NORMAL,POSITIVE,0.0,1.0
2025-07-22,895490116.8863593,1002282819.1940044,-0.10654946913439411,0.36281927255328755,0.022084607733455223,0.08898684370023408,0.5261035930605715,RISK_ON,0.24309796621969965,1.0,DELEVERAGE_1,0.6,0.6,5089.027755193976,10670400,-169712.87675328262,False,1.0,0.0,5466846.737006827,0.3849060676896238,ALERT,S8,-0.15434376150450815,16.5,290.0,48.0,4.35,2288397.4607893615,623.5707397460938,559.1737060546875,119995.4140625,0.2793125,0.03,False,0.02,0,3,CAUTIOUS,0.85,CLEAR,190,NORMAL,0.297,0,0,0,0,0,0,0,NORMAL,POSITIVE,0.0,1.0
2025-07-23,901930121.5016091,1002282819.1940044,-0.10012413240116691,0.36775278721383226,0.021700248546741487,0.08819730849886052,0.5223470830088075,RISK_ON,0.23645921667643505,1.0,DELEVERAGE_1,0.6,0.6,2320.424267262504,10670400,-169712.87675328262,False,1.0,0.0,5466846.737006827,0.389454037721345,ALERT,S8,-0.15622400467300393,15.37,283.0,48.0,4.4,2288397.4607893615,628.875732421875,561.7242431640625,118754.9609375,0.2793125,0.03,False,0.02,0,3,CAUTIOUS,0.85,CLEAR,189,NORMAL,0.257,0,0,0,0,0,0,0,NORMAL,POSITIVE,0.0,1.0
2025-07-24,902948750.7108443,1002282819.1940044,-0.0991078232419873,0.368349424357578,0.021605138083724496,0.08794360150457729,0.5220996657872772,RISK_ON,0.22647968190067014,1.0,DELEVERAGE_1,0.6,0.6,1959.6397347105715,10670400,-169712.87675328262,False,1.0,0.0,5775519.662033209,0.3900887608353613,ALERT,S8,-0.1564461146767315,15.39,282.0,48.0,4.43,2288397.4607893615,629.083984375,562.9197387695312,118368.0,0.2793125,0.03,False,0.02,0,3,CAUTIOUS,0.85,CLEAR,188,NORMAL,0.258,0,0,0,0,0,0,0,NORMAL,POSITIVE,0.0,1.0
2025-07-25,907340607.0396966,1002282819.1940044,-0.0947259698920675,0.37172343329265056,0.021367578420303093,0.08733511197667583,0.5195725147883148,RISK_ON,0.21073469995757965,1.0,DELEVERAGE_1,0.6,0.6,1235.3642486493368,10670400,-169712.87675328262,False,1.0,0.0,5775519.662033209,0.3930915469157648,ALERT,S8,-0.15773809536622974,14.93,284.0,48.0,4.4,2288397.4607893615,631.741455078125,564.2747192382812,117635.8828125,0.2343125,0.03,False,0.02,0,3,CAUTIOUS,0.85,CLEAR,187,NORMAL,0.252,0,0,0,0,0,0,0,NORMAL,POSITIVE,0.0,1.0
2025-07-28,913395014.0826098,1002282819.1940044,-0.08868535248651144,0.3760640556328812,0.021278017353611685,0.08652845534158501,0.5161285464675571,RISK_ON,0.23132795474459453,1.0,DELEVERAGE_1,0.6,0.6,845.0770539433549,10670400,-169712.87675328262,False,1.0,0.0,5775519.662033209,0.39734244060945334,ALERT,S8,-0.15943339322358613,15.03,282.0,48.0,4.42,2288397.4607893615,631.5828247070312,566.0382080078125,117924.4765625,0.2343125,0.03,False,0.02,0,3,CAUTIOUS,0.85,CLEAR,184,NORMAL,0.257,0,0,0,0,0,0,0,NORMAL,POSITIVE,0.0,1.0
2025-07-29,912528936.8825674,1002282819.1940044,-0.08954945709197482,0.37546181409974766,0.02129779174614674,0.08662039383475416,0.5166184018007082,RISK_ON,0.2446918444435655,1.0,DELEVERAGE_1,0.6,0.6,1458.6945181556207,10670400,-169712.87675328262,False,1.0,0.0,5775519.662033209,0.39676024007453503,ALERT,S8,-0.1591983589474009,15.98,286.0,48.0,4.34,2288397.4607893615,629.9169311523438,565.1614990234375,117922.1484375,0.2343125,0.03,False,0.02,0,3,CAUTIOUS,0.85,CLEAR,183,NORMAL,0.258,0,0,0,0,0,0,0,NORMAL,POSITIVE,0.0,1.0
2025-07-30,919885095.3276708,1002282819.1940044,-0.08221005317899643,0.3809406864212211,0.021111180089693714,0.0854600248729937,0.5124870957945504,RISK_ON,0.265890771666027,1.0,DELEVERAGE_1,0.6,0.6,931.679439793357,10670400,-169712.87675328262,False,1.0,0.0,5775519.662033209,0.40205227371811825,ALERT,S8,-0.16133690891553917,15.48,289.0,48.0,4.38,2288397.4607893615,629.1236572265625,565.9186401367188,117831.1875,0.24527304000000003,0.03,False,0.02,0,3,CAUTIOUS,0.85,CLEAR,182,NORMAL,0.239,0,0,0,0,0,0,0,NORMAL,POSITIVE,0.0,1.0
2025-07-31,914035221.6154695,1002282819.1940044,-0.0880466031030045,0.37726831277810813,0.020872510282547687,0.08608973811291806,0.5157670402853463,RISK_ON,0.2781019284033305,1.0,DELEVERAGE_1,0.6,0.6,2192.3510274818123,10670400,-169712.87675328262,False,1.0,0.0,5775519.662033209,0.398141778020066,ALERT,S8,-0.159840020075265,16.72,286.0,48.0,4.37,2288397.4607893615,626.763671875,562.9197387695312,115758.203125,0.5640000000000001,0.03,False,0.02,0,3,CAUTIOUS,0.85,CLEAR,181,NORMAL,0.257,0,0,0,0,0,0,0,NORMAL,POSITIVE,0.0,1.0
2025-08-01,903154214.4924736,1002282819.1940044,-0.09890282742873524,0.3701249061053242,0.02067906129428985,0.0871971670019758,0.5219808903112857,RISK_ON,0.281453766232816,1.0,DELEVERAGE_1,0.6,0.6,16234.45632310785,10670400,-169712.87675328262,False,1.0,0.0,5775519.662033209,0.3908109923394127,ALERT,S8,-0.1569413130387034,20.38,313.0,48.7,4.23,2288397.4607893615,616.49072265625,551.8309936523438,113320.0859375,0.28628256,0.03,False,0.02,0,3,CAUTIOUS,0.85,CLEAR,180,NORMAL,0.34,0,0,0,0,0,0,0,NORMAL,POSITIVE,0.45,1.0
2025-08-04,913481788.1863171,1002282819.1940044,-0.0885987760212208,0.3761071456509651,0.020761329632218113,0.08704936432417895,0.5160795180221117,RISK_ON,0.25998357763706864,1.0,DELEVERAGE_1,0.6,0.6,2413.7573533498867,10670400,-169712.87675328262,False,1.0,0.0,5775519.662033209,0.396869523959516,ALERT,S8,-0.15949757905912054,17.52,302.0,48.7,4.22,2288397.4607893615,625.861328125,562.0131225585938,115071.8828125,0.327643785,0.03,False,0.02,0,3,CAUTIOUS,0.85,CLEAR,177,NORMAL,0.35,0,0,0,0,0,0,0,NORMAL,POSITIVE,0.45,1.0
2025-08-05,911436160.4460562,1002282819.1940044,-0.0906397445992374,0.37484705145689123,0.020639679579274144,0.08727157753760713,0.5172378071311698,RISK_ON,0.25796868807420836,1.0,DELEVERAGE_1,0.6,0.6,3540.286973342341,10670400,-169712.87675328262,False,1.0,0.0,5775519.662033209,0.39548826722928715,ALERT,S8,-0.15898954441082644,17.85,298.0,48.7,4.22,2288397.4607893615,622.688232421875,558.1973266601562,114141.4453125,0.267758355,0.03,False,0.02,0,3,CAUTIOUS,0.85,CLEAR,176,NORMAL,0.363,0,0,0,0,0,0,0,NORMAL,POSITIVE,0.45,1.0
2025-08-06,926005002.3593252,1002282819.1940044,-0.07610408496877041,0.423808496238265,0.20004880695045654,0.0860161149797698,0.2901254969760497,RISK_ON,0.25551109554768914,1.0,NORMAL,1.0,0.732,1004.5815817679735,10670400,-169712.87675328262,False,1.0,0.0,5775519.662033209,0.40502897682569805,ALERT,S2,-0.2547423041703484,16.77,298.0,48.7,4.22,2515379.443734428,627.457763671875,565.2212524414062,115028.0,0.26507560500000005,0.03,False,0.2,1,4,CAUTIOUS,0.85,CLEAR,175,NORMAL,0.36,0,0,0,0,0,0,0,NORMAL,POSITIVE,0.0,1.0
2025-08-07,934394701.2140179,1002282819.1940044,-0.06773349465830358,0.42433382489860577,0.20250780458800058,0.08563714186638093,0.28752053191520915,RISK_ON,0.2511416805166928,1.0,NORMAL,1.0,0.732,651.0225054193739,10670400,-169712.87675328262,False,1.0,0.0,5775519.662033209,0.6268420662274097,ALERT,S2,-0.256221240692834,16.57,295.0,48.7,4.23,2515379.443734428,626.9322509765625,567.1340942382812,117496.8984375,0.22253397000000003,0.03,False,0.2,1,4,CAUTIOUS,0.85,CLEAR,174,NORMAL,0.381,0,0,0,0,0,0,0,NORMAL,POSITIVE,0.45,1.0
2025-08-08,940351727.8581759,1002282819.1940044,-0.06179003585597831,0.4538047708437635,0.19984086607327892,0.08508319038547194,0.26127105692204367,RISK_ON,0.24254087008584746,1.0,NORMAL,1.0,0.82044,108.8696368639122,10670400,-169712.87675328262,False,1.0,0.0,5775519.662033209,0.6292221727206372,ALERT,S2,-0.26479174003000683,15.15,294.0,48.7,4.27,2526859.1897093565,631.8207397460938,572.4244995117188,116688.7265625,0.271781595,0.03,False,0.2,2,4,CAUTIOUS,0.85,CLEAR,173,NORMAL,0.37,0,0,0,0,0,0,0,NORMAL,POSITIVE,0.0,1.0
2025-08-11,944603647.3312312,1002282819.1940044,-0.05754780063890197,0.5800735514322515,0.20242393640589884,0.0845513094005827,0.13295099858666165,RISK_ON,0.2398682990964246,1.0,NORMAL,1.0,1.0,192.86407701880702,10670400,-169712.87675328262,False,1.0,0.0,5775519.662033209,0.6553973862191412,ALERT,S2,-0.30912547161871934,16.25,294.0,48.7,4.27,2646839.9006331176,630.5713500976562,570.7307739257812,118731.4453125,0.24098081562586374,0.03,False,0.2,3,4,CAUTIOUS,0.85,CLEAR,170,NORMAL,0.376,0,0,0,0,0,0,0,NORMAL,POSITIVE,0.45,1.0
2025-08-12,958071016.933686,1002282819.1940044,-0.044111104584105054,0.5834152642669587,0.20200149871870293,0.08350108310751102,0.13108213896630436,RISK_ON,0.23958431463575025,1.0,NORMAL,1.0,1.0,14.314082146578988,10670400,-169712.87675328262,False,1.0,0.0,5775519.662033209,0.785416774720199,ALERT,S2,-0.3099543842331618,14.73,293.0,48.7,4.29,2646839.9006331176,637.284423828125,577.904052734375,120172.90625,0.2594803645129371,0.03,False,0.2,3,4,CAUTIOUS,0.85,CLEAR,169,NORMAL,0.388,0,0,0,0,0,0,0,NORMAL,POSITIVE,0.0,1.0
2025-08-13,960270032.2827669,1002282819.1940044,-0.04191709775592334,0.5788154900544407,0.20685718118580892,0.08354535911146349,0.1307819612809797,RISK_ON,0.23559717755944032,1.0,NORMAL,1.0,1.0,8.034874351305433,10670400,-169712.87675328262,False,1.0,0.0,5775519.662033209,0.7856726778142141,ALERT,S2,-0.31095900213029803,14.49,290.0,48.7,4.24,2646839.9006331176,639.4659423828125,578.1930541992188,123344.0625,0.2793125,0.03,False,0.2,3,4,CAUTIOUS,0.85,CLEAR,168,NORMAL,0.313,0,0,0,0,0,0,0,NORMAL,POSITIVE,0.0,1.0
2025-08-14,947829206.8911872,1002282819.1940044,-0.054329587677265256,0.5819327815337064,0.20110323234261754,0.08446542296471636,0.1324827057494035,RISK_ON,0.23539753446995293,1.0,NORMAL,1.0,1.0,15030.115923075342,11336000,-154692.61271895748,False,1.0,0.0,5775519.662033209,0.7830360220153258,ALERT,S2,-0.30891693623406713,14.83,289.0,48.7,4.29,2646839.9006331176,639.525390625,577.7448120117188,118359.578125,0.21765909747997803,0.03,False,0.2,3,4,CAUTIOUS,0.85,CLEAR,167,NORMAL,0.455,0,0,0,0,0,0,0,NORMAL,POSITIVE,0.0,1.0
2025-08-15,937388863.8700538,1002282819.1940044,-0.06474615156641694,0.5790227405222186,0.20169165923318827,0.08530755084732873,0.1339582565540943,RISK_ON,0.24251479052557534,1.0,NORMAL,1.0,1.0,18553.59077196888,11336000,-154692.61271895748,False,1.0,0.0,5775519.662033209,0.780729852618938,ALERT,S2,-0.3082685788309288,15.09,288.0,48.7,4.33,2646839.9006331176,638.028076171875,575.2041625976562,117398.3515625,0.27326366133984054,0.03,False,0.2,3,4,CAUTIOUS,0.85,CLEAR,166,NORMAL,0.463,0,0,0,0,0,0,0,NORMAL,POSITIVE,0.0,1.0
2025-08-18,938586895.6292698,1002282819.1940044,-0.06355084846805648,0.581669781960579,0.19946782126078985,0.08505736251090941,0.1337872694600827,RISK_ON,0.2351009458377204,1.0,NORMAL,1.0,1.0,16673.815653451213,11336000,-154692.61271895748,False,1.0,0.0,5775519.662033209,0.7811514802271522,ALERT,S2,-0.3079316634344086,14.99,288.0,48.7,4.34,2646839.9006331176,637.8893432617188,574.9749755859375,116252.3125,0.26382788862492657,0.03,False,0.2,3,4,CAUTIOUS,0.85,CLEAR,163,NORMAL,0.442,0,0,0,0,0,0,0,NORMAL,POSITIVE,0.0,1.0
2025-08-19,908662428.1138494,1002282819.1940044,-0.09340715942376498,0.5748214307956436,0.1999734262225637,0.08697848569139989,0.13819321018687747,RISK_ON,0.2456903306041603,1.0,WARNING,1.0,1.0,30392.12629367332,11336000,-154692.61271895748,False,1.0,0.0,5775519.662033209,0.774820772528792,ALERT,S2,-0.3058109303728379,15.57,290.0,48.7,4.3,2646839.9006331176,634.4286499023438,567.1739501953125,112831.1796875,0.263822095,0.03,False,0.2,3,4,CAUTIOUS,0.85,CLEAR,162,NORMAL,0.527,0,0,0,0,0,0,0,NORMAL,POSITIVE,0.0,1.0
2025-08-20,904978146.1028323,1002282819.1940044,-0.09708305004112572,0.5702728499987544,0.20335642019099306,0.08757427373042356,0.1387558124558149,RISK_ON,0.24800342767067335,1.0,WARNING,1.0,1.0,36781.591511113176,11336000,-154692.61271895748,False,1.0,0.0,5775519.662033209,0.7736607145649447,ALERT,S2,-0.30609749917163537,15.69,294.0,48.7,4.29,2646839.9006331176,632.742919921875,563.8065185546875,114274.7421875,0.17455572547197515,0.03,False,0.2,3,4,CAUTIOUS,0.85,CLEAR,161,NORMAL,0.502,0,0,0,0,0,0,0,NORMAL,POSITIVE,0.0,1.0
2025-08-21,901356287.1424112,1002282819.1940044,-0.10069665978386644,0.5718005322818659,0.20085797312114487,0.08797231166755339,0.13931336554533386,RISK_ON,0.2572458804933647,1.0,WARNING,1.0,1.0,50311.35009214599,11336000,-154692.61271895748,False,1.0,0.0,5775519.662033209,0.7727016355870006,ALERT,S2,-0.30534975770729006,16.6,295.0,48.7,4.33,2646839.9006331176,630.2045288085938,561.1962280273438,112419.03125,0.21316010690379505,0.03,False,0.2,3,4,CAUTIOUS,0.85,CLEAR,160,NORMAL,0.551,0,0,0,0,0,0,0,NORMAL,POSITIVE,0.0,1.0
2025-08-22,919934047.4335412,1002282819.1940044,-0.08216121256741171,0.5719485747207762,0.20460077023697915,0.086933456456228,0.13649997874040776,RISK_ON,0.261159083205873,1.0,WARNING,1.0,1.0,15841.122267072235,11336000,-154692.61271895748,False,1.0,0.0,5775519.662033209,0.776562717247852,ALERT,S2,-0.3073327465995457,14.22,288.0,48.7,4.26,2646839.9006331176,639.8824462890625,569.85400390625,116874.0859375,0.3063125,0.03,False,0.2,3,4,CAUTIOUS,0.85,CLEAR,159,ELEVATED,0.622,0,0,0,0,0,0,0,NORMAL,POSITIVE,0.0,1.0
2025-08-25,907431738.3386399,1002282819.1940044,-0.09463504615557516,0.5781804988818802,0.1954407537224658,0.08797681678906769,0.1383806325169491,RISK_ON,0.26885299832811377,1.0,WARNING,1.0,1.0,19326.56250286862,11336000,-154692.61271895748,False,1.0,0.0,5775519.662033209,0.7736377296100581,ALERT,S2,-0.30466348559133755,14.79,280.0,48.7,4.28,2646839.9006331176,637.0662841796875,568.2101440429688,110124.3515625,0.21872245,0.03,False,0.2,3,4,CAUTIOUS,0.85,CLEAR,156,ELEVATED,0.668,0,0,0,0,0,0,0,NORMAL,POSITIVE,0.0,1.0
2025-08-26,918343858.0771987,1002282819.1940044,-0.08374778007699069,0.5800284963380188,0.19606159246135882,0.08715700953352755,0.1367363398936129,RISK_ON,0.274282404894198,1.0,WARNING,1.0,1.0,15209.402956139635,11336000,-154692.61271895748,False,1.0,0.0,5775519.662033209,0.7761029424405089,ALERT,S2,-0.305605170239928,14.62,278.0,48.7,4.26,2646839.9006331176,639.733642578125,570.4916381835938,111802.65625,0.24281233000000002,0.03,False,0.2,3,4,CAUTIOUS,0.85,CLEAR,155,ELEVATED,0.694,0,0,0,0,0,0,0,NORMAL,POSITIVE,0.0,1.0
2025-08-27,917641295.9298109,1002282819.1940044,-0.08444874205492103,0.5805087318648222,0.19519276878166458,0.08744118645722543,0.13684102761528333,RISK_ON,0.26655541933559584,1.0,WARNING,1.0,1.0,14944.046365353171,11336000,-154692.61271895748,False,1.0,0.0,5775519.662033209,0.7757141333691278,ALERT,S2,-0.305378050930668,14.85,278.0,48.7,4.24,2646839.9006331176,641.1912841796875,571.3684692382812,111222.0625,0.26967049,0.03,False,0.2,3,4,CAUTIOUS,0.85,CLEAR,154,ELEVATED,0.695,0,0,0,0,0,0,0,NORMAL,POSITIVE,0.0,1.0
2025-08-28,929021670.5245996,1002282819.1940044,-0.07309428762663872,0.5829257889437701,0.1950946396314369,0.08680448779214328,0.13516474577643411,RISK_ON,0.2616458867193779,1.0,NORMAL,1.0,1.0,9604.092451087923,11336000,-154692.61271895748,False,1.0,0.0,5775519.662033209,0.7780284717216792,ALERT,S2,-0.30615518053303886,14.43,275.0,48.7,4.22,2646839.9006331176,643.4619750976562,574.9451904296875,112544.8046875,0.28186752000000004,0.03,False,0.2,3,4,CAUTIOUS,0.85,CLEAR,153,ELEVATED,0.7,0,0,0,0,0,0,0,NORMAL,POSITIVE,0.0,1.0
2025-08-29,900127177.3081863,1002282819.1940044,-0.10192297017319685,0.576815792909833,0.19396105982402684,0.08969727973924994,0.13950359580606525,RISK_ON,0.2771216054139059,1.0,WARNING,1.0,1.0,20047.381199940315,11336000,-154692.61271895748,False,1.0,0.0,5775519.662033209,0.7707940196430788,ALERT,S2,-0.30364197900333917,15.36,282.0,48.7,4.23,2646839.9006331176,639.6245727539062,568.2898559570312,108410.8359375,0.33075577500000003,0.03,False,0.2,3,4,CAUTIOUS,0.85,CLEAR,152,ELEVATED,0.733,0,0,0,0,0,0,0,NORMAL,POSITIVE,0.45,1.0
2025-09-02,899462438.0631493,1002282819.1940044,-0.1025861953949676,0.5710306652384695,0.19909931856322535,0.09022212774553667,0.13960669462490613,RISK_ON,0.30769114146021687,1.0,WARNING,1.0,1.0,37052.30084220214,11336000,-154692.61271895748,False,1.0,0.0,5775519.662033209,0.7701617097105907,ALERT,S2,-0.30435802269616385,17.17,292.0,49.1,4.28,2646839.9006331176,634.8848266601562,563.527587890625,111200.5859375,0.2181982478359918,0.03,False,0.2,3,4,CAUTIOUS,0.85,CLEAR,148,ELEVATED,0.712,0,0,0,0,0,0,0,NORMAL,POSITIVE,0.45,1.0
2025-09-03,901286764.1526239,1002282819.1940044,-0.10076602442671567,0.5833377458618622,0.199630155618655,0.09033859294937568,0.1266682945046735,WATCH,0.31428041709969234,1.0,WARNING,1.0,1.0,22722.39958547496,11336000,-154692.61271895748,False,1.0,0.0,5775519.662033209,0.7703344088111532,ALERT,S2,-0.3088227226310075,16.35,288.0,49.1,4.22,2658235.0261500077,638.3255615234375,567.9610595703125,111723.2109375,0.22816467045356564,0.03,False,0.2,3,4,CAUTIOUS,0.85,CLEAR,147,ELEVATED,0.751,0,0,0,0,0,0,0,NORMAL,POSITIVE,0.45,1.0
2025-09-04,909880914.8702421,1002282819.1940044,-0.09219144791693445,0.5889946390998978,0.19597531805768567,0.0895458538596265,0.1254718671521204,WATCH,0.30724110408297184,1.0,WARNING,1.0,1.0,11211.398562529808,11336000,-154692.61271895748,False,1.0,0.0,5775519.662033209,0.7849796295436577,ALERT,S2,-0.30875182308161203,15.3,284.0,49.1,4.17,2658235.0261500077,643.6603393554688,573.1019897460938,110723.6015625,0.26689808936918713,0.03,False,0.2,3,4,CAUTIOUS,0.85,CLEAR,146,ELEVATED,0.747,0,0,0,0,0,0,0,NORMAL,POSITIVE,0.0,1.0
2025-09-05,916096894.3721468,1002282819.1940044,-0.08598962605301852,0.5912164865212953,0.19451791272260766,0.08930858339360417,0.12494648544351385,WATCH,0.3212809011067991,1.0,WARNING,1.0,1.0,9648.258268418673,11336000,-154692.61271895748,False,1.0,0.0,6074149.664702108,0.7859988978737136,ALERT,S2,-0.30870290690381463,15.18,283.0,49.1,4.1,2658235.0261500077,641.796142578125,573.9288940429688,110650.984375,0.1742548385680717,0.03,False,0.2,3,4,CAUTIOUS,0.85,CLEAR,145,ELEVATED,0.745,0,0,0,0,0,0,0,NORMAL,POSITIVE,0.0,1.0
2025-09-08,926809093.24864,1002282819.1940044,-0.07530182549278597,0.5930207286112336,0.1947378432386335,0.0887321179568649,0.12350233517487735,WATCH,0.325502388707044,1.0,NORMAL,1.0,1.0,6464.510470000773,11336000,-154692.61271895748,False,1.0,0.0,6074149.664702108,0.7877640665187187,ALERT,S2,-0.3093659960300643,15.11,284.0,49.1,4.05,2658235.0261500077,643.372802734375,576.728515625,112071.4296875,0.19307595268602265,0.03,False,0.2,3,4,CAUTIOUS,0.85,CLEAR,142,ELEVATED,0.755,0,0,0,0,0,0,0,NORMAL,POSITIVE,0.0,1.0
2025-09-09,931561721.1723739,1002282819.1940044,-0.07056002224851221,0.5960899746260859,0.19280927730952246,0.08822293940381998,0.12287225277297296,WATCH,0.3140832925146071,1.0,NORMAL,1.0,1.0,5175.652214099346,11336000,-154692.61271895748,False,1.0,0.0,6074149.664702108,0.7889036349955306,ALERT,S2,-0.3093482459207043,15.04,287.0,49.1,4.08,2658235.0261500077,644.8601684570312,578.3624877929688,111530.546875,0.245587305,0.03,False,0.2,3,4,CAUTIOUS,0.85,CLEAR,141,ELEVATED,0.751,0,0,0,0,0,0,0,NORMAL,POSITIVE,0.45,1.0
2025-09-10,961762939.2094456,1002282819.1940044,-0.04042759110362015,0.6044938415986681,0.1908149715547085,0.08567167693924382,0.11901382618424099,WATCH,0.29869833155389036,1.0,NORMAL,1.0,1.0,5466.39427133659,11336000,-154692.61271895748,False,1.0,0.0,6074149.664702108,0.7953133334941727,ALERT,S2,-0.31100981791380494,15.35,284.0,49.1,4.04,2658235.0261500077,646.7243041992188,578.5517578125,113955.359375,0.24571761,0.03,False,0.2,3,4,CAUTIOUS,0.85,CLEAR,140,ELEVATED,0.751,0,0,0,0,0,0,0,NORMAL,POSITIVE,0.45,1.0
2025-09-11,968825755.6416475,1002282819.1940044,-0.033380861081966695,0.6046144202833545,0.1920040480512806,0.08523239406595266,0.1181462059725172,WATCH,0.29548918355649756,1.0,NORMAL,1.0,1.0,2840.235641668172,11336000,-154692.61271895748,False,1.0,0.0,6074149.664702108,0.7966208037296084,ALERT,S2,-0.3116483436537501,14.71,278.0,49.1,4.01,2658235.0261500077,652.0988159179688,581.919189453125,115507.5390625,0.20295579,0.03,False,0.2,3,4,CAUTIOUS,0.85,CLEAR,139,ELEVATED,0.755,0,0,0,0,0,0,0,NORMAL,POSITIVE,0.0,1.0
2025-09-12,974740543.366769,1002282819.1940044,-0.027479544994479577,0.6060291793492174,0.19182041321728743,0.08471894364542848,0.11742928726670218,WATCH,0.2996451980490228,1.0,NORMAL,1.0,1.0,2121.543617610093,11336000,-154692.61271895748,False,1.0,0.0,6074149.664702108,0.7978513291069683,ALERT,S2,-0.3119951299658563,14.76,279.0,49.1,4.06,2658235.0261500077,651.8805541992188,584.4896240234375,116101.578125,0.4709999999999999,0.03,False,0.2,3,4,CAUTIOUS,0.85,CLEAR,138,ELEVATED,0.752,0,0,0,0,0,0,0,NORMAL,POSITIVE,0.0,1.0
2025-09-15,983028691.4588664,1002282819.1940044,-0.019210274152580475,0.6099132395501937,0.18912728750210572,0.08451855373058456,0.11643921308914029,WATCH,0.30977976717879324,1.0,NORMAL,1.0,1.0,1677.172751427467,11336000,-154692.61271895748,False,1.0,0.0,6074149.664702108,0.7990418903200223,ALERT,S2,-0.3118794102675378,15.69,275.0,49.1,4.05,2658235.0261500077,655.3511352539062,589.4910888671875,115444.875,0.20872632000000002,0.03,False,0.2,3,4,CAUTIOUS,0.85,CLEAR,135,ELEVATED,0.735,0,0,0,0,0,0,0,NORMAL,POSITIVE,0.45,1.0
2025-09-16,985772212.7324452,1002282819.1940044,-0.016473001577375523,0.6087170587063027,0.1908853303295789,0.0842801768642803,0.11611514891481817,WATCH,0.30692521266193584,1.0,NORMAL,1.0,1.0,2252.6718935963904,11336000,-154692.61271895748,False,1.0,0.0,6074149.664702108,0.7996042162794584,ALERT,S2,-0.31239453723095145,16.36,279.0,49.1,4.04,2658235.0261500077,654.4488525390625,588.9929809570312,116843.1875,0.209402055,0.03,False,0.2,3,4,CAUTIOUS,0.85,CLEAR,134,ELEVATED,0.727,0,0,0,0,0,0,0,NORMAL,POSITIVE,0.45,1.0
2025-09-17,983650058.7252003,1002282819.1940044,-0.018590322124635295,0.6085903409125291,0.19068372130615463,0.08435858946766814,0.11636565896804865,WATCH,0.30200443656016457,1.0,NORMAL,1.0,1.0,1661.7248982768165,11336000,-154692.61271895748,False,1.0,0.0,6074149.664702108,0.7992754124710846,ALERT,S2,-0.3122833973251265,15.72,279.0,49.1,4.06,2658235.0261500077,653.6357421875,587.8173217773438,116468.5078125,0.193734795,0.03,False,0.2,3,4,CAUTIOUS,0.85,CLEAR,133,ELEVATED,0.726,0,0,0,0,0,0,0,NORMAL,POSITIVE,0.0,1.0
2025-09-18,995078077.7359058,1002282819.1940044,-0.007188331796301184,0.6119351013046579,0.18957602874419388,0.08345873937031088,0.11502925231551152,WATCH,0.26009629574040294,1.0,NORMAL,1.0,1.0,873.9425721648157,11336000,-154692.61271895748,False,1.0,0.0,6074149.664702108,0.8015118339889037,ALERT,S2,-0.3128052813990954,15.7,271.0,49.1,4.11,2658235.0261500077,656.6897583007812,593.11767578125,117137.203125,0.4709999999999999,0.03,False,0.2,3,4,CAUTIOUS,0.85,CLEAR,132,ELEVATED,0.728,0,0,0,0,0,0,0,NORMAL,POSITIVE,0.0,1.0
2025-09-19,993393152.4064654,1002282819.1940044,-0.008869419506450038,0.6133805769953279,0.18754958474009076,0.08384504771946223,0.11522435704356755,WATCH,0.25590842587849555,1.0,NORMAL,1.0,1.0,430.637472848661,11336000,-154692.61271895748,False,1.0,0.0,6074149.664702108,0.8009305089400369,ALERT,S2,-0.31223549074937984,15.45,272.0,49.1,4.14,2658235.0261500077,659.9423217773438,597.1326904296875,115688.859375,0.184797405,0.03,False,0.2,3,4,CAUTIOUS,0.85,CLEAR,131,ELEVATED,0.728,0,0,0,0,0,0,0,NORMAL,POSITIVE,0.0,1.0
2025-09-22,993342938.5987083,1002282819.1940044,-0.00891951894624432,0.5882664593587502,0.20001153349675807,0.084230444725172,0.12749126046769696,RISK_ON,0.26268321537115,1.0,NORMAL,1.0,1.0,299.9415122257975,11336000,-154692.61271895748,False,1.0,0.0,6074149.664702108,0.8005508753318004,ALERT,S2,-0.31027574612225245,16.1,269.0,49.1,4.15,2715818.5554720624,663.0645141601562,600.667724609375,112748.5078125,0.21013023,0.03,False,0.2,3,4,CAUTIOUS,0.85,CLEAR,128,ELEVATED,0.722,0,0,0,0,0,0,0,NORMAL,POSITIVE,0.45,1.0
2025-09-23,984569668.2104121,1002282819.1940044,-0.017672807160195037,0.5858284460804701,0.20048008509907064,0.08506358156742892,0.1286273053168754,RISK_ON,0.2556643249062988,1.0,NORMAL,1.0,1.0,572.9566868538762,11336000,-154692.61271895748,False,1.0,0.0,6074149.664702108,0.7863089887611701,ALERT,S2,-0.30971793659098495,16.64,271.0,49.1,4.12,2715818.5554720624,659.4551391601562,596.6779174804688,112014.5,0.20070227999999998,0.03,False,0.2,3,4,CAUTIOUS,0.85,CLEAR,127,ELEVATED,0.724,0,0,0,0,0,0,0,NORMAL,POSITIVE,0.45,1.0
2025-09-24,986939974.5672952,1002282819.1940044,-0.015307899460001995,0.5846608726370158,0.20234494315479298,0.0846753225748848,0.12831838468611975,RISK_ON,0.24567098257246506,1.0,NORMAL,1.0,1.0,470.7182441516279,11336000,-154692.61271895748,False,1.0,0.0,6074149.664702108,0.7870061911521975,ALERT,S2,-0.3103147405359257,16.18,270.0,49.1,4.16,2715818.5554720624,657.3569946289062,594.583251953125,113328.6328125,0.4709999999999999,0.03,False,0.2,3,4,CAUTIOUS,0.85,CLEAR,126,ELEVATED,0.716,0,0,0,0,0,0,0,NORMAL,POSITIVE,0.45,1.0
2025-09-25,974890186.9804311,1002282819.1940044,-0.027330242212074807,0.587327922840455,0.1971108747498352,0.08565600329152116,0.12990441898988722,RISK_ON,0.24531342776157902,1.0,NORMAL,1.0,1.0,760.5394255618559,11336000,-154692.61271895748,False,1.0,0.0,6074149.664702108,0.7844394095536744,ALERT,S2,-0.3084533829188179,16.74,276.0,49.1,4.18,2715818.5554720624,654.3242797851562,592.0198364257812,109049.2890625,0.18343833590931277,0.03,False,0.2,3,4,CAUTIOUS,0.85,CLEAR,125,ELEVATED,0.744,0,0,0,0,0,0,0,NORMAL,POSITIVE,0.45,1.0
2025-09-26,976250046.055877,1002282819.1940044,-0.025973480378584157,0.5865127514980156,0.19803401312926264,0.08572957505618857,0.12972346975068605,RISK_ON,0.23102720986069955,1.0,NORMAL,1.0,1.0,186.0399169415131,11336000,-154692.61271895748,False,1.0,0.0,6074149.664702108,0.7845469141351255,ALERT,S2,-0.3086601825086555,15.29,275.0,49.1,4.2,2715818.5554720624,658.072998046875,594.4535522460938,109712.828125,0.4709999999999999,0.03,False,0.2,3,4,CAUTIOUS,0.85,CLEAR,124,ELEVATED,0.732,0,0,0,0,0,0,0,NORMAL,POSITIVE,0.45,1.0
2025-09-29,989548627.3405005,1002282819.1940044,-0.012705188206003859,0.583297792699607,0.20372005400082738,0.08500190204292546,0.12795713585090002,RISK_ON,0.23002080546387982,1.0,NORMAL,1.0,1.0,22873.818020570627,11867700,-131957.4337635935,False,1.0,0.0,6074149.664702108,0.7870179569642768,ALERT,S2,-0.3104161097001597,16.12,274.0,49.1,4.15,2715818.5554720624,659.9224243164062,597.20654296875,114400.3828125,0.1837809433546891,0.03,False,0.2,3,4,CAUTIOUS,0.85,CLEAR,121,ELEVATED,0.736,0,0,0,0,0,0,0,NORMAL,POSITIVE,0.45,1.0
2025-09-30,998052653.0684847,1002282819.1940044,-0.004220531415395801,0.5872755342141751,0.20137634587096576,0.084459841303995,0.12686686193397817,RISK_ON,0.2683730937377699,1.0,NORMAL,1.0,1.0,21374.97118598274,11867700,-131957.4337635935,False,1.0,0.0,6074149.664702108,0.788668770749374,ALERT,S2,-0.3104845400789248,16.28,280.0,49.1,4.16,2715818.5554720624,662.4082641601562,598.8424072265625,114056.0859375,0.21013765,0.03,False,0.2,3,4,CAUTIOUS,0.85,CLEAR,120,ELEVATED,0.732,0,0,0,0,0,0,0,NORMAL,POSITIVE,0.45,1.0
2025-10-01,1020541663.5685112,1020523818.3299211,1.748635188092429e-05,0.5881155541716521,0.20486913370372553,0.08292664637093006,0.12407117970757868,RISK_ON,0.255740639459159,1.0,NORMAL,1.0,1.0,17845.238590092187,11867700,-131957.4337635935,False,1.0,0.0,6074149.664702108,0.7929985542846659,ALERT,S2,-0.31259589937094956,16.29,281.0,48.7,4.12,2715818.5554720624,664.6654663085938,601.7150268554688,118648.9296875,0.24582340629957378,0.03,False,0.2,3,4,CAUTIOUS,0.85,CLEAR,119,ELEVATED,0.749,0,0,0,0,0,0,0,NORMAL,POSITIVE,0.0,1.0
2025-10-02,1028233679.217347,1028216871.6461688,1.6346328913341424e-05,0.5875232275151919,0.20681948329383115,0.08249791572321692,0.12314302740604481,RISK_ON,0.2606059251314972,1.0,NORMAL,1.0,1.0,16807.571178206323,11867700,-131957.4337635935,False,1.0,0.0,6074149.664702108,0.7943556953962438,ALERT,S2,-0.31347119426884495,16.63,281.0,48.7,4.1,2715818.5554720624,665.4309692382812,604.188720703125,120681.2578125,0.2887858112995738,0.03,False,0.2,3,4,CAUTIOUS,0.85,CLEAR,118,ELEVATED,0.769,0,0,0,0,0,0,0,NORMAL,POSITIVE,0.45,1.0
2025-10-03,1024317754.6165233,1028216871.6461688,-0.003792115396242357,0.5829524500191208,0.21033732016573878,0.08307809958834153,0.12361379812954924,RISK_ON,0.24842158310205736,1.0,NORMAL,1.0,1.0,18777.892692169473,11867700,-131957.4337635935,False,1.0,0.0,6074149.664702108,0.7933043131166762,ALERT,S2,-0.3137923934091452,16.65,280.0,48.7,4.13,2715818.5554720624,665.421142578125,601.645263671875,122266.53125,0.45,0.5,False,0.2,3,4,CAUTIOUS,0.85,CLEAR,117,ELEVATED,0.744,0,0,0,0,0,0,0,NORMAL,POSITIVE,0.45,1.0
2025-10-06,1053730717.7388492,1053917434.5974219,-0.0001771645979498082,0.5897285683770226,0.02000354391981611,0.0816618090508101,0.30859465471386244,RISK_ON,0.24150301488629286,1.0,NORMAL,1.0,1.0,12037.754903075427,11867700,-131957.4337635935,False,1.0,0.0,6074149.664702108,0.7982106018733061,ALERT,S8,-0.24405015437723182,16.37,276.0,48.7,4.18,2914573.168947869,667.8074951171875,606.1636962890625,124752.53125,0.55,0.64,True,0.02,3,4,CAUTIOUS,0.85,CLEAR,114,ELEVATED,0.721,0,0,0,0,0,0,0,NORMAL,POSITIVE,0.45,1.0
2025-10-07,1046825013.790577,1053917434.5974219,-0.006729579162483401,0.5801080163942949,0.01960268633342378,0.08226071398699202,0.31801112663677306,WATCH,0.25101263042006317,1.0,NORMAL,1.0,1.0,18274.05632359416,11867700,-131957.4337635935,False,1.0,0.0,6074149.664702108,0.6071153052365597,ALERT,S8,-0.24010496661725694,17.24,282.0,48.7,4.14,2949936.315558118,665.3316040039062,602.9718627929688,121451.3828125,0.56,0.65,True,0.02,3,4,CAUTIOUS,0.85,CLEAR,113,ELEVATED,0.714,0,0,0,0,0,0,0,NORMAL,POSITIVE,0.45,1.0
2025-10-08,1074148384.9080918,1074139704.2877014,8.081463105602538e-06,0.5898219929900028,0.019403462185381012,0.08084466239410595,0.3099218010327142,WATCH,0.24384133547038997,1.0,NORMAL,1.0,1.0,8680.620390411505,11867700,-131957.4337635935,False,1.0,0.0,6074149.664702108,0.6092303786084229,ALERT,S8,-0.24383853846127398,16.3,284.0,48.7,4.13,2949936.315558118,669.2990112304688,609.88427734375,123354.8671875,0.58,0.67,True,0.02,3,4,CAUTIOUS,0.85,CLEAR,112,ELEVATED,0.707,0,0,0,0,0,0,0,NORMAL,POSITIVE,0.0,1.0
2025-10-09,1074447439.3351204,1074438301.8198154,8.504457901015172e-06,0.5908659654293328,0.01913870527918154,0.08015128540934752,0.3098355394965623,WATCH,0.24891011546971645,1.0,NORMAL,1.0,1.0,9137.51530492555,11867700,-131957.4337635935,False,1.0,0.0,6074149.664702108,0.6100098584675556,ALERT,S8,-0.24421580877427518,16.43,295.0,48.7,4.14,2949936.315558118,667.3600463867188,609.1461181640625,121705.5859375,0.6,0.68,True,0.02,3,4,CAUTIOUS,0.85,CLEAR,111,ELEVATED,0.706,0,0,0,0,0,0,0,NORMAL,POSITIVE,0.45,1.0
2025-10-10,1038733925.9219669,1074438301.8198154,-0.03323073631810658,0.578965459326181,0.01841553945899068,0.08205333809733782,0.32048823449336883,WATCH,0.2672638911006853,1.0,NORMAL,1.0,1.0,80427.73871263076,11867700,-131957.4337635935,False,1.0,0.0,6074149.664702108,0.5974272567556751,ALERT,S8,-0.23942580740977637,21.66,318.0,48.7,4.05,2949936.315558118,649.32275390625,588.0000610351562,113214.3671875,0.72,0.8,True,0.02,3,4,CAUTIOUS,0.85,CLEAR,110,ELEVATED,0.783,0,0,0,0,0,0,0,NORMAL,POSITIVE,0.45,1.0
2025-10-13,1061955889.7491148,1074438301.8198154,-0.011617616432287203,0.586602699889081,0.01834007450093342,0.08155164491529526,0.31348006564165715,WATCH,0.27503026292077964,1.0,NORMAL,1.0,1.0,27095.86084578149,11867700,-131957.4337635935,False,1.0,0.0,6074149.664702108,0.6049582099308236,ALERT,S8,-0.24237212286104118,19.03,318.0,48.7,4.05,2949936.315558118,659.2860107421875,600.4782104492188,115271.078125,0.5254733112995738,0.03,False,0.2,3,4,CAUTIOUS,0.85,CLEAR,107,ELEVATED,0.764,0,0,0,0,0,0,0,NORMAL,POSITIVE,0.45,1.0
2025-10-14,1040934287.7992278,1074438301.8198154,-0.031182818002523316,0.5784490996308368,0.018361077832393744,0.08333526815070656,0.31981077569356237,WATCH,0.3095453523306931,1.0,NORMAL,1.0,1.0,45570.742098928284,11867700,-131957.4337635935,False,1.0,0.0,6074149.664702108,0.5968363061763519,ALERT,S8,-0.2391664900905251,20.81,311.0,48.7,4.03,2949936.315558118,658.4805908203125,596.4783935546875,113118.6640625,0.5254733112995738,0.12,False,0.2,3,4,CAUTIOUS,0.85,CLEAR,106,ELEVATED,0.799,0,0,0,0,0,0,0,NORMAL,POSITIVE,0.45,1.0
2025-10-15,1055099575.449026,1074438301.8198154,-0.017998917516282464,0.5839023818544768,0.017740568585110236,0.08280605435527963,0.3155171414844154,WATCH,0.32024272727303266,1.0,NORMAL,1.0,1.0,35719.04635674854,11867700,-131957.4337635935,False,1.0,0.0,6074149.664702108,0.6016633189815541,ALERT,S8,-0.24117938699894942,20.64,295.0,48.7,4.05,2949936.315558118,661.4039916992188,600.6876220703125,110783.1640625,0.5254733112995738,0.03,False,0.2,3,4,CAUTIOUS,0.85,CLEAR,105,ELEVATED,0.766,0,0,0,0,0,0,0,NORMAL,POSITIVE,0.45,1.0
2025-10-16,1057069041.7202145,1074438301.8198154,-0.016165898097807885,0.5846627959848533,0.01729239252021436,0.08303961269021515,0.3149292892783531,WATCH,0.3392288048620769,1.0,NORMAL,1.0,1.0,80241.61029135434,11867700,-131957.4337635935,False,1.0,0.0,6074149.664702108,0.6020008861072029,ALERT,S8,-0.2412631420719266,25.31,304.0,48.7,3.99,2949936.315558118,656.899658203125,598.4633178710938,108186.0390625,0.5254733112995738,0.03,False,0.2,3,4,CAUTIOUS,0.85,CLEAR,104,ELEVATED,0.767,0,0,0,0,0,0,0,NORMAL,NEUTRAL,0.45,1.0
2025-10-17,1054051091.11128,1074438301.8198154,-0.018974761672219675,0.5831429643838824,0.0170664735366542,0.08278778362558711,0.3169725467070543,WATCH,0.29677156915728126,1.0,NORMAL,1.0,1.0,31865.805724049835,11867700,-131957.4337635935,False,1.0,0.0,7277406.346496956,0.600913580141105,ALERT,S8,-0.24065803840370273,20.78,304.0,48.7,4.02,2949936.315558118,660.62841796875,602.393310546875,106467.7890625,0.5254733112995738,0.12,False,0.2,3,4,CAUTIOUS,0.85,CLEAR,103,ELEVATED,0.771,0,0,0,0,0,0,0,NORMAL,POSITIVE,0.45,1.0
2025-10-20,1062530144.4159112,1074438301.8198154,-0.011083146778865682,0.5844428721776994,0.017585617113909702,0.08351927088030765,0.31444308706418345,WATCH,0.2890027605374904,1.0,NORMAL,1.0,1.0,9725.08754832077,11867700,-131957.4337635935,False,1.0,0.0,7277406.346496956,0.6020339995666668,ALERT,S8,-0.2412960580057594,18.23,299.0,48.7,4.0,2949936.315558118,667.499267578125,609.98388671875,110588.9296875,0.5464733112995738,0.12,False,0.2,3,4,CAUTIOUS,0.85,CLEAR,100,ELEVATED,0.749,0,0,0,0,0,0,0,NORMAL,POSITIVE,0.45,1.0
2025-10-21,1054104548.9060789,1074438301.8198154,-0.018925007493958867,0.5829302765269707,0.017387644769013947,0.08271777003104805,0.3169564717803534,WATCH,0.30706745618135733,1.0,NORMAL,1.0,1.0,8260.90415347557,11867700,-131957.4337635935,False,1.0,0.0,7277406.346496956,0.600322625959938,ALERT,S8,-0.24078030152255145,17.87,297.0,48.7,3.98,2949936.315558118,667.4892578125,609.8244018554688,108476.890625,0.4814733112995737,0.03,False,0.2,3,4,CAUTIOUS,0.85,CLEAR,99,ELEVATED,0.756,0,0,0,0,0,0,0,NORMAL,POSITIVE,0.45,1.0
2025-10-22,1042860084.8918418,1074438301.8198154,-0.02939044231249799,0.5787721070888047,0.01744740520032621,0.08339298691020999,0.32037400179482645,WATCH,0.3105424549627605,1.0,NORMAL,1.0,1.0,14077.57436853704,11867700,-131957.4337635935,False,1.0,0.0,7277406.346496956,0.5962275607684513,ALERT,S8,-0.23913411288661773,18.6,301.0,48.7,3.97,2949936.315558118,664.0191040039062,603.9493408203125,107688.5859375,0.2799370912995738,0.03,False,0.2,3,4,CAUTIOUS,0.85,CLEAR,98,ELEVATED,0.751,0,0,0,0,0,0,0,NORMAL,POSITIVE,0.45,1.0
2025-10-23,1059963592.6515294,1074438301.8198154,-0.013471884931661182,0.5849876876968583,0.01754543570223318,0.08225643511612529,0.3152044664790022,WATCH,0.3039952472423809,1.0,NORMAL,1.0,1.0,6333.288593722551,11867700,-131957.4337635935,False,1.0,0.0,7277406.346496956,0.6025367235594979,ALERT,S8,-0.2416130340845954,17.3,296.0,48.7,4.01,2949936.315558118,667.9566650390625,609.0264282226562,110069.7265625,0.2569977612995738,0.03,False,0.2,3,4,CAUTIOUS,0.85,CLEAR,97,ELEVATED,0.758,0,0,0,0,0,0,0,NORMAL,POSITIVE,0.45,1.0
2025-10-24,1074076549.3066173,1074438301.8198154,-0.0003366898895780235,0.5902234449442079,0.017466571407900037,0.08124487970830795,0.3110627998763937,WATCH,0.3036333739054067,1.0,NORMAL,1.0,1.0,2474.7402409495053,11867700,-131957.4337635935,False,1.0,0.0,7277406.346496956,0.607691416511532,ALERT,S8,-0.2436455531110559,16.37,288.0,48.7,4.02,2949936.315558118,673.4155883789062,615.52978515625,111033.921875,0.24995161129957377,0.03,False,0.2,3,4,CAUTIOUS,0.85,CLEAR,96,ELEVATED,0.759,0,0,0,0,0,0,0,NORMAL,POSITIVE,0.0,1.0
2025-10-27,1092147234.7039304,1092146703.9891362,4.859372757515246e-07,0.5969908065290339,0.0176548988593318,0.07943785879860178,0.30591594987599285,WATCH,0.2958417467739523,1.0,NORMAL,1.0,1.0,530.7147941813371,11867700,-131957.4337635935,False,1.0,0.0,7277406.346496956,0.6146460040676254,ALERT,S8,-0.2463453704876019,15.79,280.0,48.7,4.01,2949936.315558118,681.3603515625,626.4918823242188,114119.328125,0.2328235662995738,0.03,False,0.2,3,4,CAUTIOUS,0.85,CLEAR,93,ELEVATED,0.773,0,0,0,0,0,0,0,NORMAL,POSITIVE,0.0,1.0
2025-10-28,1096837486.7136343,1096837025.4639862,4.205270585089238e-07,0.5990883844123701,0.017400225191191932,0.0789031653807212,0.3046078044888349,WATCH,0.2743641141426846,1.0,NORMAL,1.0,1.0,461.24964806258254,11867700,-131957.4337635935,False,1.0,0.0,7277406.346496956,0.6164888688537037,ALERT,S8,-0.24713465318184238,16.42,282.0,48.7,3.99,2949936.315558118,683.1700439453125,631.3095703125,112956.1640625,0.5014733112995737,0.03,False,0.2,3,4,CAUTIOUS,0.85,CLEAR,92,ELEVATED,0.774,0,0,0,0,0,0,0,NORMAL,POSITIVE,0.0,1.0
2025-10-29,1112859136.9588993,1113100337.7582858,-0.0002166927735124391,0.5881101041335856,0.20004334794788953,0.07764513396907295,0.13420101840536,RISK_ON,0.26590799340779503,1.0,NORMAL,1.0,1.0,440.18485682830845,11867700,-131957.4337635935,False,1.0,0.0,7277406.346496956,0.6222143312491847,ALERT,S2,-0.3097885006563976,16.92,276.0,48.7,4.08,3191577.2998015312,683.4981689453125,634.15234375,110055.3046875,0.14429161129957377,0.03,False,0.2,3,4,CAUTIOUS,0.85,CLEAR,91,ELEVATED,0.729,0,0,0,0,0,0,0,NORMAL,POSITIVE,0.0,1.0
2025-10-30,1093602673.7454789,1113100337.7582858,-0.01751653768435102,0.5837038288051427,0.2003292965282055,0.07940195822111538,0.136564067651825,RISK_ON,0.23948898356144688,1.0,NORMAL,1.0,1.0,928.2430723270734,11867700,-131957.4337635935,False,1.0,0.0,7277406.346496956,0.7840337908162994,ALERT,S2,-0.3085041595492413,16.91,285.0,48.7,4.11,3191577.2998015312,675.98095703125,624.45703125,108305.546875,0.16789900129957377,0.03,False,0.2,3,4,CAUTIOUS,0.85,CLEAR,90,ELEVATED,0.725,0,0,0,0,0,0,0,NORMAL,POSITIVE,0.0,1.0
2025-10-31,1106109604.3641648,1113100337.7582858,-0.006280416200573513,0.5861548527052645,0.20035121666653374,0.07847322725610639,0.13501991930306464,RISK_ON,0.2894582150650017,1.0,NORMAL,1.0,1.0,867.2662853685773,11867700,-131957.4337635935,False,1.0,0.0,7277406.346496956,0.7865066860473333,ALERT,S2,-0.3093427590379155,17.44,294.0,48.7,4.11,3191577.2998015312,678.1983642578125,627.4693603515625,109556.1640625,0.24478581129957377,0.03,False,0.2,3,4,CAUTIOUS,0.85,CLEAR,89,ELEVATED,0.726,0,0,0,0,0,0,0,NORMAL,POSITIVE,0.0,1.0
2025-11-03,1106635561.7590551,1113100337.7582858,-0.005807900491927143,0.5917147446827447,0.19475654750357504,0.07857260377193598,0.13495574756715722,RISK_ON,0.2600739816129105,1.0,NORMAL,1.0,1.0,394.487454864467,11867700,-131957.4337635935,False,1.0,0.0,7277406.346496956,0.7864715725434488,ALERT,S2,-0.30827944097836596,17.17,304.0,48.2,4.13,3191577.2998015312,679.4711303710938,630.4716796875,106547.5234375,0.24478581129957377,0.03,False,0.2,3,4,CAUTIOUS,0.85,CLEAR,86,ELEVATED,0.724,0,0,0,0,0,0,0,NORMAL,POSITIVE,0.0,1.0
2025-11-04,1065855515.1951343,1113100337.7582858,-0.04244435201439212,0.5861595906098178,0.19280051558566644,0.08091815067286517,0.14011920695860192,RISK_ON,0.2362894458504789,1.0,NORMAL,1.0,1.0,2703.194031345146,11867700,-131957.4337635935,False,1.0,0.0,7277406.346496956,0.7789620817781221,ALERT,S2,-0.3055270550279494,19.0,313.0,48.2,4.1,3191577.2998015312,671.4169921875,617.6743774414062,101590.5234375,0.22181461129957378,0.03,False,0.2,3,4,CAUTIOUS,0.85,CLEAR,85,ELEVATED,0.757,0,0,0,0,0,0,0,NORMAL,POSITIVE,0.45,1.0
2025-11-05,1080372145.9242916,1113100337.7582858,-0.02940273282093031,0.587013961997119,0.1945187060879205,0.08022983458774934,0.13823646794764732,RISK_ON,0.22565859921808012,1.0,NORMAL,1.0,1.0,1112.1130085422096,11867700,-131957.4337635935,False,1.0,0.0,7277406.346496956,0.7815334725796248,ALERT,S2,-0.3066823837872156,18.01,305.0,48.2,4.17,3191577.2998015312,673.7437133789062,621.6941528320312,103891.8359375,0.19724062129957376,0.03,False,0.2,3,4,CAUTIOUS,0.85,CLEAR,84,ELEVATED,0.765,0,0,0,0,0,0,0,NORMAL,POSITIVE,0.0,1.0
2025-11-06,1052803858.8495547,1113100337.7582858,-0.05416985051874512,0.5813295584127498,0.19463495249844434,0.08217468040153715,0.14185627101024512,RISK_ON,0.23409573537567324,1.0,NORMAL,1.0,1.0,4777.283880616755,11867700,-131957.4337635935,False,1.0,0.0,7277406.346496956,0.7759680320035041,ALERT,S2,-0.30490840170566436,19.5,313.0,48.2,4.11,3191577.2998015312,666.514892578125,610.1136474609375,101301.2890625,0.22259079129957376,0.03,False,0.2,3,4,CAUTIOUS,0.85,CLEAR,83,ELEVATED,0.759,0,0,0,0,0,0,0,NORMAL,POSITIVE,0.45,1.0
2025-11-07,1050480851.7891358,1113100337.7582858,-0.056256820562341825,0.576370281491935,0.19905349846191497,0.08240213013404384,0.14216996841706625,RISK_ON,0.22164564474805024,1.0,NORMAL,1.0,1.0,4329.551620272561,11867700,-131957.4337635935,False,1.0,0.0,7277406.346496956,0.7754269758722849,ALERT,S2,-0.30551783675464467,19.08,315.0,48.2,4.11,3191577.2998015312,667.1710815429688,608.1885375976562,103372.40625,0.22607635129957376,0.03,False,0.2,3,4,CAUTIOUS,0.85,CLEAR,82,ELEVATED,0.743,0,0,0,0,0,0,0,NORMAL,POSITIVE,0.45,1.0
2025-11-10,1082504616.6866398,1113100337.7582858,-0.02748693898814536,0.5830656758407796,0.1980685315227115,0.08090121997150462,0.1379641501933906,RISK_ON,0.20978150030079495,1.0,NORMAL,1.0,1.0,457.327472170632,11867700,-131957.4337635935,False,1.0,0.0,7277406.346496956,0.7811345373706596,ALERT,S2,-0.3071819677333782,17.6,302.0,48.2,4.13,3191577.2998015312,677.5819091796875,621.6442260742188,105996.59375,0.2080426212995738,0.03,False,0.2,3,4,CAUTIOUS,0.85,CLEAR,79,ELEVATED,0.758,0,0,0,0,0,0,0,NORMAL,POSITIVE,0.45,1.0
2025-11-11,1058682984.7537032,1113100337.7582858,-0.048888093156251866,0.5791528687881092,0.1967949493562754,0.08298331313080011,0.14106850839426593,RISK_ON,0.2073309023489363,1.0,NORMAL,1.0,1.0,381.47582145721884,11867700,-131957.4337635935,False,1.0,0.0,7277406.346496956,0.775948097742189,ALERT,S2,-0.30526484461025516,17.28,302.0,48.2,4.13,3191577.2998015312,679.1329956054688,619.9884643554688,102997.46875,0.20587342629957378,0.03,False,0.2,3,4,CAUTIOUS,0.85,CLEAR,78,ELEVATED,0.769,0,0,0,0,0,0,0,NORMAL,POSITIVE,0.45,1.0
2025-11-12,1056148163.1812825,1113100337.7582858,-0.05116535557944524,0.5801383194599121,0.19471176964968714,0.08374245666413903,0.14140708162739063,RISK_ON,0.21077761471751394,1.0,NORMAL,1.0,1.0,393.5196132482041,11867700,-131957.4337635935,False,1.0,0.0,7277406.346496956,0.7748503778179753,ALERT,S2,-0.3044912431231893,17.51,302.0,48.2,4.08,3191577.2998015312,679.5108642578125,619.4996948242188,101663.1875,0.16457521629957378,0.03,False,0.2,3,4,CAUTIOUS,0.85,CLEAR,77,ELEVATED,0.757,0,0,0,0,0,0,0,NORMAL,POSITIVE,0.45,1.0
2025-11-13,1022948862.5524604,1113100337.7582858,-0.08099132858712876,0.5711586047726827,0.19714403451336757,0.08569743427605213,0.14594313538892628,RISK_ON,0.2503659235210394,1.0,WARNING,1.0,1.0,58094.33894840852,12230400,-77492.2556111833,False,1.0,0.0,7277406.346496956,0.7683053650368793,ALERT,S2,-0.30270309254297717,20.0,309.0,48.2,4.11,3191577.2998015312,668.2350463867188,606.8519897460938,99697.4921875,0.25195540629957375,0.03,False,0.2,3,4,CAUTIOUS,0.85,CLEAR,76,ELEVATED,0.746,0,0,0,0,0,0,0,NORMAL,POSITIVE,0.45,1.0
2025-11-14,1017460776.5126516,1113100337.7582858,-0.0859217790179152,0.5799281374518654,0.18767113317143772,0.08561718593715191,0.14673033869191665,RISK_ON,0.2287630817098338,1.0,WARNING,1.0,1.0,54133.74383606249,12230400,-77492.2556111833,False,1.0,0.0,7277406.346496956,0.7676401127217699,ALERT,S2,-0.3007042780407326,19.83,307.0,48.2,4.14,3191577.2998015312,668.125732421875,607.310791015625,94397.7890625,0.18769887497651574,0.03,False,0.2,3,4,CAUTIOUS,0.85,CLEAR,75,ELEVATED,0.736,0,0,0,0,0,0,0,NORMAL,POSITIVE,0.45,1.0
2025-11-17,1002381426.7141782,1113100337.7582858,-0.0994689402997474,0.5791932665525453,0.18584507895543476,0.08593236466295252,0.14893768017312986,RISK_ON,0.2580356301532298,1.0,WARNING,1.0,1.0,91827.81761940864,12230400,-77492.2556111833,False,1.0,0.0,7277406.346496956,0.7651084368286328,ALERT,S2,-0.299322325605165,22.38,313.0,48.2,4.13,3191577.2998015312,661.901123046875,602.1240234375,92093.875,0.24478581129957377,0.03,False,0.2,3,4,CAUTIOUS,0.85,CLEAR,72,ELEVATED,0.726,0,0,0,0,0,0,0,NORMAL,POSITIVE,0.45,1.0
2025-11-18,988299692.9115336,1113100337.7582858,-0.1121198517449854,0.5708756722272119,0.190243053065717,0.08767202838808436,0.1510598105151952,RISK_ON,0.27764734482816605,1.0,WARNING,1.0,1.0,147687.35899721325,12230400,-77492.2556111833,False,1.0,0.0,7277406.346496956,0.7612324806805517,ALERT,S2,-0.29901045825021483,24.69,320.0,48.2,4.12,3191577.2998015312,656.3428344726562,594.792724609375,92948.875,0.19593781629957377,0.03,False,0.2,3,4,CAUTIOUS,0.85,CLEAR,71,ELEVATED,0.697,0,0,0,0,0,0,0,NORMAL,POSITIVE,0.45,1.0
2025-11-19,992567080.0721128,1113100337.7582858,-0.10828606694066711,0.5759540471718149,0.18640309217122514,0.08711457971936279,0.15041035244952447,RISK_ON,0.26689546789164154,1.0,WARNING,1.0,1.0,117051.93506367019,12230400,-77492.2556111833,False,1.0,0.0,7277406.346496956,0.7624470535713033,ALERT,S2,-0.29854756262891907,23.66,317.0,48.2,4.13,3191577.2998015312,658.87841796875,598.3436889648438,91465.9921875,0.17136382629957378,0.03,False,0.2,3,4,CAUTIOUS,0.85,CLEAR,70,ELEVATED,0.679,0,0,0,0,0,0,0,NORMAL,POSITIVE,0.45,1.0
2025-11-20,954740240.2327396,1113100337.7582858,-0.14226938233122222,0.34812108454255325,0.02000695888175594,0.09016751313679289,0.5414738633687736,RISK_ON,0.30259525884585375,1.0,DELEVERAGE_1,0.6,0.6,220144.0715433733,12230400,-77492.2556111833,False,1.0,0.0,7277406.346496956,0.753548622583441,ALERT,S8,-0.14728811371861827,26.42,317.0,48.2,4.1,3743917.593315318,648.8355712890625,584.1798095703125,86631.8984375,0.1733376139954809,0.03,False,0.02,0,2,CAUTIOUS,0.85,CLEAR,69,ELEVATED,0.713,0,0,0,0,0,0,0,NORMAL,NEUTRAL,0.45,1.0
2025-11-21,953865445.2731049,1113100337.7582858,-0.143055290779868,0.347448311879195,0.019669050338913793,0.09075809593301257,0.5419704518643483,WATCH,0.30978244398245314,1.0,DELEVERAGE_1,0.6,0.6,146981.11170611784,12230400,-77492.2556111833,False,1.0,0.0,7277406.346496956,0.36717394004485016,ALERT,S8,-0.1471967323488467,23.43,319.0,48.2,4.06,3743917.593315318,655.2987670898438,588.568603515625,85090.6875,0.15532564708898766,0.03,False,0.02,0,3,CAUTIOUS,0.85,CLEAR,68,ELEVATED,0.675,0,0,0,0,0,0,0,NORMAL,POSITIVE,0.45,1.0
2025-11-24,973414869.007722,1113100337.7582858,-0.12549225259591734,0.3591339847957332,0.019994308734010882,0.08972855368010449,0.5310858739187303,WATCH,0.30918185160841954,1.0,DELEVERAGE_1,0.6,0.6,55756.105121211796,12230400,-77492.2556111833,False,1.0,0.0,7277406.346496956,0.379150010814463,ALERT,S8,-0.15191607435817348,20.52,315.0,48.2,4.04,3743917.593315318,664.9437866210938,603.6201782226562,88270.5625,0.5014733112995737,0.12,False,0.02,0,3,CAUTIOUS,0.85,CLEAR,65,ELEVATED,0.683,0,0,0,0,0,0,0,NORMAL,POSITIVE,0.45,1.0
2025-11-25,972043537.0504894,1113100337.7582858,-0.12672424571523888,0.35841281430229666,0.019811864407703588,0.0899082587625146,0.5318351150825052,WATCH,0.3256164754243669,1.0,DELEVERAGE_1,0.6,0.6,31054.30741801156,12230400,-77492.2556111833,False,1.0,0.0,7277406.346496956,0.3782367624081566,ALERT,S8,-0.15158939294601134,18.56,310.0,48.2,4.01,3743917.593315318,671.1981811523438,607.3406982421875,87341.890625,0.26214864129957377,0.03,False,0.02,0,3,CAUTIOUS,0.85,CLEAR,64,ELEVATED,0.682,0,0,0,0,0,0,0,NORMAL,POSITIVE,0.45,1.0
2025-11-26,982331849.2501448,1113100337.7582858,-0.11748131239588022,0.36391132608881716,0.02031734531105512,0.08949021702114074,0.5262650160300463,WATCH,0.30383056768685235,1.0,DELEVERAGE_1,0.6,0.6,15811.170355640787,12230400,-77492.2556111833,False,1.0,0.0,7277406.346496956,0.3842348558707997,ALERT,S8,-0.1539112533609316,17.19,300.0,48.2,4.0,3743917.593315318,675.8318481445312,612.70703125,90518.3671875,0.5014733112995737,0.03,False,0.02,0,3,CAUTIOUS,0.85,CLEAR,63,ELEVATED,0.714,0,0,0,0,0,0,0,NORMAL,POSITIVE,0.0,1.0
2025-11-28,987788636.8017914,1113100337.7582858,-0.11257898026413704,0.3672224731845611,0.020294594060908548,0.08911691600830955,0.5233577985532005,WATCH,0.31038354385525,1.0,DELEVERAGE_1,0.6,0.6,8117.837680573479,12230400,-77492.2556111833,False,1.0,0.0,7277406.346496956,0.38752025196169965,ALERT,S8,-0.1551421997995027,16.35,295.0,48.2,4.02,3743917.593315318,679.5208129882812,617.6743774414062,90919.265625,0.5254733112995738,0.03,False,0.02,0,3,CAUTIOUS,0.85,CLEAR,61,ELEVATED,0.727,0,0,0,0,0,0,0,NORMAL,POSITIVE,0.0,1.0
2025-12-01,987383515.5002499,1113100337.7582858,-0.11294293784082543,0.3677049304274734,0.01927622271235237,0.08894377465895006,0.5240639230590106,WATCH,0.32086822602352294,1.0,DELEVERAGE_1,0.6,0.6,11008.479233597085,12230400,-77492.2556111833,False,1.0,0.0,7762598.650902791,0.38717572484885293,ALERT,S8,-0.1551033973120956,17.24,294.0,47.9,4.09,3743917.593315318,676.4185180664062,615.599609375,86321.5703125,0.5014733112995737,0.03,False,0.02,0,3,CAUTIOUS,0.85,CLEAR,58,ELEVATED,0.69,0,0,0,0,0,0,0,NORMAL,POSITIVE,0.0,1.0
2025-12-02,985738663.8995947,1113100337.7582858,-0.1144206587118548,0.36525853825593185,0.020433191328068076,0.08936369818160371,0.5249384016751574,WATCH,0.31730380993520796,1.0,DELEVERAGE_1,0.6,0.6,6082.558819735908,12230400,-77492.2556111833,False,1.0,0.0,7762598.650902791,0.38569410953235095,ALERT,S8,-0.1544967304860822,16.59,292.0,47.9,4.09,3743917.593315318,677.67138671875,620.4173583984375,91350.203125,0.4814733112995737,0.03,False,0.02,0,3,CAUTIOUS,0.85,CLEAR,57,ELEVATED,0.632,0,0,0,0,0,0,0,NORMAL,POSITIVE,0.0,1.0
2025-12-03,992299684.5983818,1113100337.7582858,-0.1085262927897308,0.36888239876880163,0.020781953215407236,0.08886390416701523,0.5214675432516027,WATCH,0.3204572432779986,1.0,DELEVERAGE_1,0.6,0.6,4168.251250012696,12230400,-77492.2556111833,False,1.0,0.0,7762598.650902791,0.3896659888140599,ALERT,S8,-0.15602444745645672,16.08,289.0,47.9,4.06,3743917.593315318,680.0180053710938,621.9335327148438,93527.8046875,0.5014733112995737,0.03,False,0.02,0,3,CAUTIOUS,0.85,CLEAR,56,ELEVATED,0.634,0,0,0,0,0,0,0,NORMAL,POSITIVE,0.0,1.0
2025-12-04,992975570.1957638,1113100337.7582858,-0.10791908284247376,0.36971251645224873,0.02046000704188303,0.08871128827146868,0.5211125975585112,WATCH,0.29268143944412506,1.0,DELEVERAGE_1,0.6,0.6,3565.4534375079093,12230400,-77492.2556111833,False,1.0,0.0,7762598.650902791,0.39017392448223465,ALERT,S8,-0.15628754156709174,15.78,288.0,47.9,4.11,3743917.593315318,680.51513671875,621.35498046875,92141.625,0.2235489162995738,0.03,False,0.02,0,3,CAUTIOUS,0.85,CLEAR,55,ELEVATED,0.632,0,0,0,0,0,0,0,NORMAL,POSITIVE,0.0,1.0
2025-12-05,997914450.7362334,1113100337.7582858,-0.10348203402222445,0.3734625261813,0.019750277749576058,0.08825140672327215,0.5185335058682602,WATCH,0.28357509407732784,1.0,DELEVERAGE_1,0.6,0.6,2278.715286621636,12230400,-77492.2556111833,False,1.0,0.0,7762598.650902791,0.3932137018255529,ALERT,S8,-0.15762690284883624,15.41,285.0,47.9,4.14,3743917.593315318,681.8078002929688,623.8884887695312,89387.7578125,0.21478015629957375,0.03,False,0.02,0,3,CAUTIOUS,0.85,CLEAR,54,NORMAL,0.599,0,0,0,0,0,0,0,NORMAL,POSITIVE,0.0,1.0
2025-12-08,999777925.4150791,1113100337.7582858,-0.10180790401288609,0.374343528454703,0.01998967817050589,0.088096073480212,0.5175670171773668,RISK_ON,0.2879391511927728,1.0,DELEVERAGE_1,0.6,0.6,3701.8949329606157,12230400,-77492.2556111833,False,1.0,0.0,7762598.650902791,0.39433466673496687,ALERT,S8,-0.15805253970426839,16.66,289.0,47.9,4.17,3743917.593315318,679.7594604492188,622.6915893554688,90640.203125,0.21741368629957378,0.03,False,0.02,0,3,CAUTIOUS,0.85,CLEAR,51,NORMAL,0.594,0,0,0,0,0,0,0,NORMAL,POSITIVE,0.0,1.0
2025-12-09,999586486.3082917,1113100337.7582858,-0.10197989129947072,0.37337072093439083,0.020446030202578642,0.0885134317309398,0.5176661407337856,RISK_ON,0.2838417335272683,1.0,DELEVERAGE_1,0.6,0.6,3674.8780641157564,12230400,-77492.2556111833,False,1.0,0.0,7762598.650902791,0.3938181989695287,ALERT,S8,-0.15779667304323788,16.93,289.0,47.9,4.18,3743917.593315318,679.1727294921875,623.4595947265625,92691.7109375,0.2192159268433751,0.03,False,0.02,0,3,CAUTIOUS,0.85,CLEAR,50,NORMAL,0.569,0,0,0,0,0,0,0,NORMAL,POSITIVE,0.0,1.0
2025-12-10,1005533353.923926,1113100337.7582858,-0.09663727535200728,0.37037333191973415,0.02017802635884721,0.08816352561305732,0.5212835487522324,RISK_ON,0.27661005335130767,1.0,DELEVERAGE_1,0.6,0.6,1576.0288650710138,12230400,-77492.2556111833,False,1.0,0.0,7762598.650902791,0.39723295419861276,ALERT,S8,-0.15650206760566057,15.77,291.0,47.9,4.13,3747277.2313470044,683.6771850585938,626.0130615234375,92020.9453125,0.15817236129957377,0.03,False,0.02,0,3,CAUTIOUS,0.85,CLEAR,49,NORMAL,0.569,0,0,0,0,0,0,0,NORMAL,POSITIVE,0.0,1.0
2025-12-11,1002865482.6628866,1113100337.7582858,-0.09903406849862717,0.36826269751812607,0.02033952209609909,0.08872648076036285,0.5226702924607465,RISK_ON,0.2218511985730069,1.0,DELEVERAGE_1,0.6,0.6,1010.0506782180773,12230400,-77492.2556111833,False,1.0,0.0,7762598.650902791,0.3886026110010438,ALERT,S8,-0.15569247388763263,14.85,288.0,47.9,4.14,3747277.2313470044,685.26806640625,623.98828125,92511.3359375,0.19188303129957376,0.03,False,0.02,0,3,CAUTIOUS,0.85,CLEAR,48,ELEVATED,0.612,0,0,0,0,0,0,0,NORMAL,POSITIVE,0.0,1.0
2025-12-12,981613176.0384692,1113100337.7582858,-0.11812696237665643,0.3550286704207142,0.020276525158485874,0.09070417250223084,0.533986307353373,RISK_ON,0.2606811331792216,1.0,DELEVERAGE_1,0.6,0.6,4245.050177098847,12230400,-77492.2556111833,False,1.0,0.0,7762598.650902791,0.3753068186180058,ALERT,S8,-0.15046955772759427,15.74,291.0,47.9,4.19,3747277.2313470044,677.9000244140625,612.0587158203125,90270.4140625,0.1927884066397022,0.03,False,0.02,0,3,CAUTIOUS,0.85,CLEAR,47,ELEVATED,0.618,0,0,0,0,0,0,0,NORMAL,POSITIVE,0.0,1.0
2025-12-15,978045934.5625008,1113100337.7582858,-0.1213317421749921,0.3536647427210207,0.019482396871659636,0.0909127875896502,0.5359339235499908,RISK_ON,0.28335662666402495,1.0,DELEVERAGE_1,0.6,0.6,6014.266253646946,12230400,-77492.2556111833,False,1.0,0.0,7762598.650902791,0.37314943418843527,ALERT,S8,-0.14973725109978434,16.5,291.0,47.9,4.18,3747277.2313470044,676.8758544921875,608.9865112304688,86419.78125,0.2692520812995738,0.03,False,0.02,0,3,CAUTIOUS,0.85,CLEAR,44,NORMAL,0.595,0,0,0,0,0,0,0,NORMAL,POSITIVE,0.0,1.0
2025-12-16,979968249.5392708,1113100337.7582858,-0.11960475053590824,0.35467553540037605,0.01976462125882058,0.09067205556923533,0.5348826305021971,RISK_ON,0.2775807673883887,1.0,DELEVERAGE_1,0.6,0.6,5053.960237913424,12230400,-77492.2556111833,False,1.0,0.0,7762598.650902791,0.374442087757907,ALERT,S8,-0.1502020456475459,16.48,298.0,47.9,4.15,3747277.2313470044,675.0264282226562,610.1934204101562,87843.984375,0.25909595629957377,0.03,False,0.02,0,3,CAUTIOUS,0.85,CLEAR,43,ELEVATED,0.61,0,0,0,0,0,0,0,NORMAL,POSITIVE,0.0,1.0
2025-12-17,964791084.8044683,1113100337.7582858,-0.1332397879354731,0.34477052055513907,0.019686975767507046,0.09222914526176765,0.5432968892207689,RISK_ON,0.2783029940849324,1.0,DELEVERAGE_1,0.6,0.6,15889.332333675395,12230400,-77492.2556111833,False,1.0,0.0,7762598.650902791,0.36446349874301076,ALERT,S8,-0.14623227852352186,17.62,299.0,47.9,4.16,3747277.2313470044,667.5986938476562,598.8822631835938,86143.7578125,0.2592032662995738,0.03,False,0.02,0,3,CAUTIOUS,0.85,CLEAR,42,NORMAL,0.577,0,0,0,0,0,0,0,NORMAL,POSITIVE,0.45,1.0
2025-12-18,974635764.388944,1113100337.7582858,-0.12439541043370872,0.3514265297086191,0.019334002228511383,0.09142394973949015,0.5378091121567143,RISK_ON,0.26362240575046664,1.0,DELEVERAGE_1,0.6,0.6,6243.679144271027,12230400,-77492.2556111833,False,1.0,0.0,7762598.650902791,0.3707629071061066,ALERT,S8,-0.1488351390324036,16.87,295.0,47.9,4.12,3747277.2313470044,672.6399536132812,607.5601806640625,85462.5078125,0.239040353616153,0.03,False,0.02,0,3,CAUTIOUS,0.85,CLEAR,41,NORMAL,0.549,0,0,0,0,0,0,0,NORMAL,POSITIVE,0.45,1.0
2025-12-19,988299766.398451,1113100337.7582858,-0.11211978572495562,0.3591998318541247,0.019655874324976702,0.09076969370986344,0.5303734888376679,RISK_ON,0.2583138997845127,1.0,DELEVERAGE_1,0.6,0.6,1098.271209283071,12230400,-77492.2556111833,False,1.0,0.0,7762598.650902791,0.3788561271918255,ALERT,S8,-0.15202030837109468,14.91,290.0,47.9,4.16,3747277.2313470044,678.7363891601562,615.4799194335938,88103.3828125,0.2897858112995738,0.03,False,0.02,0,3,CAUTIOUS,0.85,CLEAR,40,NORMAL,0.563,0,0,0,0,0,0,0,NORMAL,POSITIVE,0.0,1.0
2025-12-22,994250450.0119193,1113100337.7582858,-0.10677374151706998,0.3623181726282834,0.0196239736069574,0.09085839452818208,0.5271991530060809,RISK_ON,0.2510378583289548,1.0,DELEVERAGE_1,0.6,0.6,304.46980863340656,12230400,-77492.2556111833,False,1.0,0.0,7762598.650902791,0.38194226319760954,ALERT,S8,-0.15321488465238012,14.08,288.0,47.9,4.17,3747277.2313470044,682.96484375,618.4302368164062,88490.015625,0.2314176412995738,0.03,False,0.02,0,3,CAUTIOUS,0.85,CLEAR,37,NORMAL,0.573,0,0,0,0,0,0,0,NORMAL,POSITIVE,0.0,1.0
2025-12-23,996810890.4205317,1113100337.7582858,-0.10447346334648833,0.36384884816635676,0.01933555734623335,0.09097045324077482,0.5258449723608699,RISK_ON,0.2266401418583623,1.0,DELEVERAGE_1,0.6,0.6,168.34717002108482,12230400,-77492.2556111833,False,1.0,0.0,7762598.650902791,0.3831844702269926,ALERT,S8,-0.1537421519375452,14.0,283.0,47.9,4.18,3747277.2313470044,686.0863037109375,621.3265380859375,87414.0,0.2897858112995738,0.03,False,0.02,0,3,CAUTIOUS,0.85,CLEAR,36,NORMAL,0.545,0,0,0,0,0,0,0,NORMAL,POSITIVE,0.0,1.0
2025-12-24,997506208.4218167,1113100337.7582858,-0.10384879549068182,0.36436967192589975,0.019365836860647904,0.0907859953819938,0.5254784288024632,RISK_ON,0.21372620648836227,1.0,DELEVERAGE_1,0.6,0.6,66.86183891270349,12230400,-77492.2556111833,False,1.0,0.0,7762598.650902791,0.38373553450795495,ALERT,S8,-0.1539566732450507,13.47,284.0,47.9,4.15,3747277.2313470044,688.4996948242188,623.144287109375,87611.9609375,0.25710305629957375,0.03,False,0.02,0,3,CAUTIOUS,0.85,CLEAR,35,NORMAL,0.53,0,0,0,0,0,0,0,NORMAL,POSITIVE,0.0,1.0
2025-12-26,996123238.6379414,1113100337.7582858,-0.1050912439357704,0.36305693419784474,0.019323988021107758,0.09141104807522522,0.5262079778792479,RISK_ON,0.24120805986779803,1.0,DELEVERAGE_1,0.6,0.6,51.62565507647115,12230400,-77492.2556111833,False,1.0,0.0,7762598.650902791,0.3823809420364469,ALERT,S8,-0.1534257993599118,13.6,286.0,47.9,4.14,3747277.2313470044,688.4298706054688,623.1043090820312,87301.4296875,0.2093414887742792,0.03,False,0.02,0,3,CAUTIOUS,0.85,CLEAR,33,NORMAL,0.531,0,0,0,0,0,0,0,NORMAL,POSITIVE,0.0,1.0
2025-12-29,993284658.3337125,1113100337.7582858,-0.10764140065384808,0.36265218305510444,0.01934296457654451,0.09029301439197587,0.5276992970635026,RISK_ON,0.235022787644655,1.0,DELEVERAGE_1,0.6,0.6,12456.696357798106,11885400,-65113.12007394491,False,1.0,0.0,7762598.650902791,0.38199517745981476,ALERT,S8,-0.15339578459424752,14.2,287.0,47.9,4.12,3747277.2313470044,685.9765625,620.088134765625,87138.140625,0.3097858112995738,0.03,False,0.02,0,3,CAUTIOUS,0.85,CLEAR,30,NORMAL,0.545,0,0,0,0,0,0,0,NORMAL,POSITIVE,0.0,1.0
2025-12-30,992189168.9967963,1113100337.7582858,-0.10862557907851955,0.361555437523919,0.019651435079616086,0.0904972458456038,0.5282819369179728,RISK_ON,0.2197660330707126,1.0,DELEVERAGE_1,0.6,0.6,13835.713717287272,11885400,-65113.12007394491,False,1.0,0.0,7762598.650902791,0.38121218846755583,ALERT,S8,-0.15303823566192723,14.33,284.0,47.9,4.14,3747277.2313470044,685.138916015625,618.64990234375,88430.1328125,0.16104673629957378,0.03,False,0.02,0,3,CAUTIOUS,0.85,CLEAR,29,NORMAL,0.549,0,0,0,0,0,0,0,NORMAL,POSITIVE,0.0,1.0
